date,temperature_2m_max,temperature_2m_min,temperature_2m_mean,precipitation_sum,rain_sum,snowfall_sum,windspeed_10m_max,windgusts_10m_max,weather_code,temperature_2m_max_lag1,temperature_2m_max_lag3,temperature_2m_min_lag1,temperature_2m_min_lag3,precipitation_sum_lag1,precipitation_sum_lag3,windspeed_10m_max_lag1,windspeed_10m_max_lag3,temp_max_roll7,precip_roll7,month,day_of_year,target_temp_max_next_day,is_storm_day,target_storm_next_day
2015-01-07,5.8,-14.1,-5.5,0.0,0.0,0.0,18.4,30.9,3,8.3,31.2,-7.8,4.2,0.02,0.11,18.2,20.2,22.714285714285715,0.43700000000000006,1,7,21.2,0,0.0
2015-01-08,21.2,-16.4,3.2,0.016,0.0,0.165,23.9,39.1,71,5.8,9.4,-14.1,0.4,0.0,0.26,18.4,11.7,20.62857142857143,0.453,1,8,10.4,0,0.0
2015-01-09,10.4,-1.4,3.0,0.0,0.0,0.0,20.2,34.7,3,21.2,8.3,-16.4,-7.8,0.016,0.02,23.9,18.2,17.157142857142855,0.453,1,9,23.5,0,0.0
2015-01-10,23.5,-9.4,7.6,0.0,0.0,0.0,12.5,21.0,3,10.4,5.8,-1.4,-14.1,0.0,0.0,20.2,18.4,15.685714285714285,0.406,1,10,29.3,0,0.0
2015-01-11,29.3,12.2,20.2,0.0,0.0,0.0,10.2,18.1,3,23.5,21.2,-9.4,-16.4,0.0,0.016,12.5,23.9,15.414285714285713,0.29600000000000004,1,11,18.1,0,0.0
2015-01-12,18.1,2.9,11.5,0.0,0.0,0.0,12.9,22.4,3,29.3,10.4,12.2,-1.4,0.0,0.0,10.2,20.2,16.65714285714286,0.03600000000000006,1,12,18.1,0,0.0
2015-01-13,18.1,-3.4,5.1,0.0,0.0,0.0,7.1,11.6,3,18.1,23.5,2.9,-9.4,0.0,0.0,12.9,12.5,18.057142857142857,0.016000000000000056,1,13,27.9,0,0.0
2015-01-14,27.9,2.9,15.9,0.0,0.0,0.0,8.1,14.5,3,18.1,29.3,-3.4,12.2,0.0,0.0,7.1,10.2,21.214285714285715,0.016000000000000056,1,14,35.0,0,0.0
2015-01-15,35.0,11.9,23.3,0.0,0.0,0.0,11.5,19.9,3,27.9,18.1,2.9,2.9,0.0,0.0,8.1,12.9,23.185714285714287,0.0,1,15,39.2,0,0.0
2015-01-16,39.2,16.7,28.6,0.0,0.0,0.0,10.8,20.4,2,35.0,18.1,11.9,-3.4,0.0,0.0,11.5,7.1,27.300000000000004,0.0,1,16,44.2,0,0.0
2015-01-17,44.2,34.5,39.9,0.0,0.0,0.0,18.0,30.4,3,39.2,27.9,16.7,2.9,0.0,0.0,10.8,8.1,30.25714285714286,0.0,1,17,43.7,0,0.0
2015-01-18,43.7,26.4,35.5,0.0,0.0,0.0,15.3,26.4,1,44.2,35.0,34.5,11.9,0.0,0.0,18.0,11.5,32.31428571428571,0.0,1,18,45.2,0,0.0
2015-01-19,45.2,24.3,32.5,0.024,0.024,0.0,8.1,17.0,53,43.7,39.2,26.4,16.7,0.0,0.0,15.3,10.8,36.18571428571429,0.024000000000000056,1,19,41.9,0,0.0
2015-01-20,41.9,31.6,35.4,0.004,0.004,0.0,9.8,19.5,51,45.2,44.2,24.3,34.5,0.024,0.0,8.1,18.0,39.58571428571429,0.028000000000000056,1,20,37.4,0,0.0
2015-01-21,37.4,30.5,33.9,0.02,0.02,0.0,13.4,25.3,51,41.9,43.7,31.6,26.4,0.004,0.0,9.8,15.3,40.94285714285714,0.048000000000000057,1,21,36.3,0,0.0
2015-01-22,36.3,25.1,30.1,0.0,0.0,0.0,8.3,14.3,3,37.4,45.2,30.5,24.3,0.02,0.024,13.4,8.1,41.128571428571426,0.048000000000000057,1,22,40.1,0,0.0
2015-01-23,40.1,24.5,31.2,0.0,0.0,0.0,12.8,24.8,3,36.3,41.9,25.1,31.6,0.0,0.004,8.3,9.8,41.25714285714286,0.048000000000000057,1,23,47.8,0,0.0
2015-01-24,47.8,28.1,35.5,0.0,0.0,0.0,10.3,20.4,3,40.1,37.4,24.5,30.5,0.0,0.02,12.8,13.4,41.771428571428565,0.048000000000000057,1,24,34.8,0,0.0
2015-01-25,34.8,22.6,31.3,0.291,0.087,1.433,17.2,32.0,75,47.8,36.3,28.1,25.1,0.0,0.0,10.3,8.3,40.5,0.339,1,25,42.4,0,0.0
2015-01-26,42.4,20.6,30.3,0.114,0.0,0.799,11.9,21.5,73,34.8,40.1,22.6,24.5,0.291,0.0,17.2,12.8,40.1,0.429,1,26,36.5,0,0.0
2015-01-27,36.5,25.4,32.7,0.0,0.0,0.0,10.7,19.5,3,42.4,47.8,20.6,28.1,0.114,0.0,11.9,10.3,39.32857142857142,0.425,1,27,41.6,0,0.0
2015-01-28,41.6,23.4,31.6,0.0,0.0,0.0,15.9,30.2,3,36.5,34.8,25.4,22.6,0.0,0.291,10.7,17.2,39.92857142857143,0.405,1,28,37.4,0,0.0
2015-01-29,37.4,25.8,33.6,0.0,0.0,0.0,20.3,37.4,3,41.6,42.4,23.4,20.6,0.0,0.114,15.9,11.9,40.08571428571429,0.405,1,29,30.3,0,0.0
2015-01-30,30.3,18.4,23.8,0.0,0.0,0.0,13.1,22.8,2,37.4,36.5,25.8,25.4,0.0,0.0,20.3,10.7,38.68571428571429,0.405,1,30,40.4,0,0.0
2015-01-31,40.4,23.7,31.5,0.319,0.098,1.543,9.6,18.6,75,30.3,41.6,18.4,23.4,0.0,0.0,13.1,15.9,37.628571428571426,0.724,1,31,32.9,0,0.0
2015-02-01,32.9,11.4,24.5,0.965,0.004,6.724,21.3,37.8,75,40.4,37.4,23.7,25.8,0.319,0.0,9.6,20.3,37.357142857142854,1.3980000000000001,2,32,10.4,0,0.0
2015-02-02,10.4,-4.1,3.1,0.0,0.0,0.0,14.1,26.6,3,32.9,30.3,11.4,18.4,0.965,0.0,21.3,13.1,32.785714285714285,1.284,2,33,18.3,0,0.0
2015-02-03,18.3,-1.2,8.5,0.028,0.0,0.22,7.9,16.8,73,10.4,40.4,-4.1,23.7,0.0,0.319,14.1,9.6,30.185714285714287,1.312,2,34,16.1,0,0.0
2015-02-04,16.1,3.1,10.3,0.067,0.0,0.496,15.9,25.5,73,18.3,32.9,-1.2,11.4,0.028,0.965,7.9,21.3,26.542857142857144,1.379,2,35,5.7,0,0.0
2015-02-05,5.7,-13.9,-2.7,0.0,0.0,0.0,11.1,16.3,3,16.1,10.4,3.1,-4.1,0.067,0.0,15.9,14.1,22.014285714285712,1.379,2,36,30.0,0,0.0
2015-02-06,30.0,7.0,18.1,0.0,0.0,0.0,9.9,14.8,3,5.7,18.3,-13.9,-1.2,0.0,0.028,11.1,7.9,21.97142857142857,1.379,2,37,37.7,0,0.0
2015-02-07,37.7,22.4,31.0,0.0,0.0,0.0,12.4,17.7,3,30.0,16.1,7.0,3.1,0.0,0.067,9.9,15.9,21.58571428571429,1.06,2,38,35.4,0,0.0
2015-02-08,35.4,28.1,32.8,0.004,0.004,0.0,10.7,18.3,51,37.7,5.7,22.4,-13.9,0.0,0.0,12.4,11.1,21.942857142857143,0.09900000000000023,2,39,26.3,0,0.0
2015-02-09,26.3,17.4,21.5,0.0,0.0,0.0,11.5,18.6,3,35.4,30.0,28.1,7.0,0.004,0.0,10.7,9.9,24.214285714285715,0.09900000000000023,2,40,30.8,0,0.0
2015-02-10,30.8,6.3,19.3,0.024,0.024,0.0,11.4,19.9,53,26.3,37.7,17.4,22.4,0.0,0.0,11.5,12.4,26.0,0.09500000000000022,2,41,34.0,0,0.0
2015-02-11,34.0,15.2,25.1,0.0,0.0,0.0,20.1,34.2,3,30.8,35.4,6.3,28.1,0.024,0.004,11.4,10.7,28.557142857142853,0.028000000000000223,2,42,13.1,0,0.0
2015-02-12,13.1,0.6,6.1,0.0,0.0,0.0,20.2,33.8,3,34.0,26.3,15.2,17.4,0.0,0.0,20.1,11.5,29.614285714285717,0.028000000000000223,2,43,27.7,0,0.0
2015-02-13,27.7,0.5,14.7,0.0,0.0,0.0,14.1,19.7,3,13.1,30.8,0.6,6.3,0.0,0.024,20.2,11.4,29.285714285714285,0.028000000000000223,2,44,26.2,0,0.0
2015-02-14,26.2,-3.3,9.9,0.0,0.0,0.028,22.7,38.7,71,27.7,34.0,0.5,15.2,0.0,0.0,14.1,20.1,27.642857142857142,0.028000000000000223,2,45,8.6,0,0.0
2015-02-15,8.6,-7.5,1.2,0.0,0.0,0.0,8.4,18.8,3,26.2,13.1,-3.3,0.6,0.0,0.0,22.7,20.2,23.814285714285717,0.024000000000000223,2,46,17.3,0,0.0
2015-02-16,17.3,1.4,8.9,0.0,0.0,0.0,7.0,11.4,3,8.6,27.7,-7.5,0.5,0.0,0.0,8.4,14.1,22.52857142857143,0.024000000000000223,2,47,16.1,0,0.0
2015-02-17,16.1,2.3,9.3,0.0,0.0,0.0,15.3,26.4,3,17.3,26.2,1.4,-3.3,0.0,0.0,7.0,22.7,20.428571428571427,0.0,2,48,4.3,0,0.0
2015-02-18,4.3,-3.6,0.7,0.0,0.0,0.0,19.8,31.3,3,16.1,8.6,2.3,-7.5,0.0,0.0,15.3,8.4,16.185714285714287,0.0,2,49,5.9,0,0.0
2015-02-19,5.9,-13.8,-4.2,0.0,0.0,0.0,7.4,12.5,3,4.3,17.3,-3.6,1.4,0.0,0.0,19.8,7.0,15.157142857142858,0.0,2,50,29.7,0,0.0
2015-02-20,29.7,-4.6,15.8,0.008,0.0,0.11,14.8,26.4,71,5.9,16.1,-13.8,2.3,0.0,0.0,7.4,15.3,15.442857142857141,0.008000000000000222,2,51,30.9,0,0.0
2015-02-21,30.9,20.6,25.9,0.0,0.0,0.055,12.4,20.4,71,29.7,4.3,-4.6,-3.6,0.008,0.0,14.8,19.8,16.114285714285714,0.008000000000000222,2,52,18.5,0,0.0
2015-02-22,18.5,-2.7,6.1,0.0,0.0,0.0,16.8,28.9,3,30.9,5.9,20.6,-13.8,0.0,0.0,12.4,7.4,17.52857142857143,0.008000000000000222,2,53,10.7,0,0.0
2015-02-23,10.7,-16.6,-1.8,0.0,0.0,0.0,11.8,17.7,3,18.5,29.7,-2.7,-4.6,0.0,0.008,16.8,14.8,16.585714285714285,0.008000000000000222,2,54,36.0,0,0.0
2015-02-24,36.0,7.3,21.0,0.0,0.0,0.0,17.0,29.1,3,10.7,30.9,-16.6,20.6,0.0,0.0,11.8,12.4,19.428571428571427,0.008000000000000222,2,55,21.2,0,0.0
2015-02-25,21.2,5.8,15.9,0.374,0.0,2.646,13.4,23.5,75,36.0,18.5,7.3,-2.7,0.0,0.0,17.0,16.8,21.842857142857138,0.38200000000000023,2,56,15.8,0,0.0
2015-02-26,15.8,-2.4,6.0,0.004,0.0,0.083,14.3,24.6,71,21.2,10.7,5.8,-16.6,0.374,0.0,13.4,11.8,23.25714285714286,0.38600000000000023,2,57,5.5,0,0.0
2015-02-27,5.5,-16.9,-5.0,0.0,0.0,0.0,9.7,14.3,1,15.8,36.0,-2.4,7.3,0.004,0.0,14.3,17.0,19.8,0.3780000000000002,2,58,17.2,0,0.0
2015-02-28,17.2,-19.3,-0.1,0.0,0.0,0.055,7.5,13.6,71,5.5,21.2,-16.9,5.8,0.0,0.374,9.7,13.4,17.842857142857145,0.3780000000000002,2,59,27.3,0,0.0
2015-03-01,27.3,2.7,15.0,0.0,0.0,0.0,10.1,17.7,3,17.2,15.8,-19.3,-2.4,0.0,0.004,7.5,14.3,19.099999999999998,0.3780000000000002,3,60,25.0,0,0.0
2015-03-02,25.0,1.3,15.6,0.0,0.0,0.0,10.5,16.3,3,27.3,5.5,2.7,-16.9,0.0,0.0,10.1,9.7,21.142857142857142,0.3780000000000002,3,61,34.3,0,0.0
2015-03-03,34.3,22.5,28.6,0.197,0.016,1.295,17.3,29.3,73,25.0,17.2,1.3,-19.3,0.0,0.0,10.5,7.5,20.900000000000002,0.5750000000000002,3,62,19.9,0,0.0
2015-03-04,19.9,5.7,10.5,0.0,0.0,0.0,16.0,25.1,3,34.3,27.3,22.5,2.7,0.197,0.0,17.3,10.1,20.714285714285715,0.20100000000000023,3,63,6.5,0,0.0
2015-03-05,6.5,-9.6,-1.1,0.0,0.0,0.0,9.5,15.4,2,19.9,25.0,5.7,1.3,0.0,0.0,16.0,10.5,19.385714285714283,0.19700000000000023,3,64,37.0,0,0.0
2015-03-06,37.0,-9.0,18.2,0.0,0.0,0.0,13.1,21.5,3,6.5,34.3,-9.6,22.5,0.0,0.197,9.5,17.3,23.885714285714283,0.19700000000000023,3,65,39.8,0,0.0
2015-03-07,39.8,23.0,32.2,0.0,0.0,0.0,13.4,22.6,3,37.0,19.9,-9.0,5.7,0.0,0.0,13.1,16.0,27.11428571428571,0.19700000000000023,3,66,39.9,0,0.0
2015-03-08,39.9,21.7,31.1,0.087,0.063,0.193,6.6,9.8,73,39.8,6.5,23.0,-9.6,0.0,0.0,13.4,9.5,28.914285714285715,0.28400000000000025,3,67,48.9,0,0.0
2015-03-09,48.9,25.8,36.8,0.0,0.0,0.0,8.2,15.9,3,39.9,37.0,21.7,-9.0,0.087,0.0,6.6,13.1,32.32857142857143,0.28400000000000025,3,68,61.9,0,0.0
2015-03-10,61.9,31.8,44.8,0.0,0.0,0.0,8.1,15.0,3,48.9,39.8,25.8,23.0,0.0,0.0,8.2,13.4,36.271428571428565,0.08700000000000022,3,69,58.8,0,0.0
2015-03-11,58.8,33.7,44.6,0.0,0.0,0.0,9.0,18.6,0,61.9,39.9,31.8,21.7,0.0,0.087,8.1,6.6,41.82857142857142,0.08700000000000022,3,70,61.3,0,0.0
2015-03-12,61.3,32.4,45.4,0.0,0.0,0.0,12.3,24.2,2,58.8,48.9,33.7,25.8,0.0,0.0,9.0,8.2,49.65714285714285,0.08700000000000022,3,71,67.0,0,0.0
2015-03-13,67.0,34.7,49.7,0.0,0.0,0.0,14.1,21.0,3,61.3,61.9,32.4,31.8,0.0,0.0,12.3,8.1,53.942857142857136,0.08700000000000022,3,72,60.7,0,0.0
2015-03-14,60.7,37.4,47.9,0.0,0.0,0.0,13.1,24.4,3,67.0,58.8,34.7,33.7,0.0,0.0,14.1,9.0,56.92857142857143,0.08700000000000022,3,73,65.2,0,0.0
2015-03-15,65.2,30.0,49.2,0.0,0.0,0.0,18.9,34.0,3,60.7,61.3,37.4,32.4,0.0,0.0,13.1,12.3,60.542857142857144,0.0,3,74,76.3,0,0.0
2015-03-16,76.3,48.9,60.3,0.0,0.0,0.0,16.5,30.6,3,65.2,67.0,30.0,34.7,0.0,0.0,18.9,14.1,64.45714285714287,0.0,3,75,50.7,0,0.0
2015-03-17,50.7,33.6,42.4,0.0,0.0,0.0,17.2,32.0,3,76.3,60.7,48.9,37.4,0.0,0.0,16.5,13.1,62.857142857142854,0.0,3,76,47.3,0,0.0
2015-03-18,47.3,30.3,37.9,0.0,0.0,0.0,8.4,15.7,3,50.7,65.2,33.6,30.0,0.0,0.0,17.2,18.9,61.214285714285715,0.0,3,77,45.6,0,0.0
2015-03-19,45.6,32.7,38.6,0.0,0.0,0.0,11.0,19.2,3,47.3,76.3,30.3,48.9,0.0,0.0,8.4,16.5,58.971428571428575,0.0,3,78,56.7,0,0.0
2015-03-20,56.7,30.2,43.2,0.0,0.0,0.0,9.8,20.1,3,45.6,50.7,32.7,33.6,0.0,0.0,11.0,17.2,57.5,0.0,3,79,54.1,0,0.0
2015-03-21,54.1,38.1,45.2,0.0,0.0,0.0,12.5,25.3,1,56.7,47.3,30.2,30.3,0.0,0.0,9.8,8.4,56.55714285714286,0.0,3,80,48.4,0,0.0
2015-03-22,48.4,32.5,39.9,0.0,0.0,0.0,16.4,31.3,3,54.1,45.6,38.1,32.7,0.0,0.0,12.5,11.0,54.15714285714285,0.0,3,81,38.7,0,0.0
2015-03-23,38.7,29.0,33.0,0.252,0.205,0.331,15.4,28.6,73,48.4,56.7,32.5,30.2,0.0,0.0,16.4,9.8,48.785714285714285,0.2520000000000002,3,82,39.9,0,0.0
2015-03-24,39.9,28.3,33.7,0.307,0.307,0.0,15.7,29.8,61,38.7,54.1,29.0,38.1,0.252,0.0,15.4,12.5,47.24285714285714,0.5590000000000002,3,83,49.7,0,0.0
2015-03-25,49.7,31.5,40.0,0.055,0.055,0.0,12.0,22.6,53,39.9,48.4,28.3,32.5,0.307,0.0,15.7,16.4,47.58571428571428,0.6140000000000002,3,84,44.7,0,0.0
2015-03-26,44.7,28.0,35.9,0.0,0.0,0.0,17.6,32.2,3,49.7,38.7,31.5,29.0,0.055,0.252,12.0,15.4,47.45714285714286,0.6140000000000002,3,85,36.8,0,0.0
2015-03-27,36.8,23.5,29.5,0.0,0.0,0.0,11.6,21.5,3,44.7,39.9,28.0,28.3,0.0,0.307,17.6,15.7,44.614285714285714,0.6140000000000002,3,86,41.2,0,0.0
2015-03-28,41.2,24.2,32.0,0.0,0.0,0.0,10.9,18.6,3,36.8,49.7,23.5,31.5,0.0,0.055,11.6,12.0,42.771428571428565,0.6140000000000002,3,87,59.7,0,0.0
2015-03-29,59.7,30.7,42.5,0.087,0.087,0.0,21.9,40.0,53,41.2,44.7,24.2,28.0,0.0,0.0,10.9,17.6,44.385714285714286,0.7010000000000002,3,88,67.1,0,0.0
2015-03-30,67.1,34.3,51.4,0.0,0.0,0.0,16.5,31.1,3,59.7,36.8,30.7,23.5,0.087,0.0,21.9,11.6,48.44285714285714,0.4490000000000002,3,89,65.5,0,0.0
2015-03-31,65.5,40.1,54.2,0.0,0.0,0.0,14.0,23.3,0,67.1,41.2,34.3,24.2,0.0,0.0,16.5,10.9,52.10000000000001,0.1420000000000002,3,90,73.6,0,0.0
2015-04-01,73.6,41.2,57.6,0.0,0.0,0.0,19.8,35.8,3,65.5,59.7,40.1,30.7,0.0,0.087,14.0,21.9,55.51428571428571,0.08700000000000022,4,91,65.6,0,0.0
2015-04-02,65.6,49.6,58.7,0.323,0.323,0.0,13.3,25.7,63,73.6,67.1,41.2,34.3,0.0,0.0,19.8,16.5,58.5,0.41000000000000025,4,92,48.1,0,0.0
2015-04-03,48.1,35.4,43.1,0.028,0.028,0.0,18.3,34.7,53,65.6,65.5,49.6,40.1,0.323,0.0,13.3,14.0,60.11428571428571,0.4380000000000002,4,93,60.1,0,0.0
2015-04-04,60.1,28.3,44.8,0.0,0.0,0.0,17.0,30.0,1,48.1,73.6,35.4,41.2,0.028,0.0,18.3,19.8,62.81428571428571,0.4380000000000002,4,94,66.6,0,0.0
2015-04-05,66.6,43.3,53.9,0.0,0.0,0.0,15.7,30.0,3,60.1,65.6,28.3,49.6,0.0,0.323,17.0,13.3,63.800000000000004,0.3510000000000002,4,95,61.3,0,0.0
2015-04-06,61.3,45.9,53.2,0.087,0.087,0.0,10.8,20.6,53,66.6,48.1,43.3,35.4,0.0,0.028,15.7,18.3,62.97142857142857,0.43800000000000017,4,96,55.3,0,0.0
2015-04-07,55.3,44.1,49.7,0.626,0.626,0.0,17.3,33.8,63,61.3,60.1,45.9,28.3,0.087,0.0,10.8,17.0,61.51428571428571,1.064,4,97,58.6,0,0.0
2015-04-08,58.6,45.0,50.3,0.591,0.591,0.0,14.8,29.5,63,55.3,66.6,44.1,43.3,0.626,0.0,17.3,15.7,59.371428571428574,1.6550000000000002,4,98,73.0,0,0.0
2015-04-09,73.0,39.5,58.7,1.028,1.028,0.0,24.3,38.9,63,58.6,61.3,45.0,45.9,0.591,0.087,14.8,10.8,60.42857142857143,2.3600000000000003,4,99,56.2,0,0.0
2015-04-10,56.2,38.0,46.7,0.012,0.012,0.0,24.4,45.9,51,73.0,55.3,39.5,44.1,1.028,0.626,24.3,17.3,61.58571428571429,2.3440000000000003,4,100,63.5,0,0.0
2015-04-11,63.5,32.9,48.7,0.0,0.0,0.0,11.3,21.5,3,56.2,58.6,38.0,45.0,0.012,0.591,24.4,14.8,62.07142857142857,2.3440000000000003,4,101,64.3,0,0.0
2015-04-12,64.3,48.6,56.1,0.024,0.024,0.0,16.6,34.7,51,63.5,73.0,32.9,39.5,0.0,1.028,11.3,24.3,61.74285714285713,2.3680000000000003,4,102,63.8,0,0.0
2015-04-13,63.8,46.5,56.7,0.366,0.366,0.0,16.4,30.2,63,64.3,56.2,48.6,38.0,0.024,0.012,16.6,24.4,62.1,2.6470000000000007,4,103,65.3,0,0.0
2015-04-14,65.3,39.8,53.0,0.0,0.0,0.0,6.7,15.0,3,63.8,63.5,46.5,32.9,0.366,0.0,16.4,11.3,63.528571428571425,2.0210000000000004,4,104,67.3,0,0.0
2015-04-15,67.3,45.7,55.3,0.0,0.0,0.0,15.1,28.9,3,65.3,64.3,39.8,48.6,0.0,0.024,6.7,16.6,64.77142857142857,1.4300000000000004,4,105,69.8,0,0.0
2015-04-16,69.8,47.6,59.0,0.0,0.0,0.0,11.4,20.6,3,67.3,63.8,45.7,46.5,0.0,0.366,15.1,16.4,64.3142857142857,0.4020000000000004,4,106,74.0,0,0.0
2015-04-17,74.0,48.9,63.4,0.0,0.0,0.0,6.7,11.9,3,69.8,65.3,47.6,39.8,0.0,0.0,11.4,6.7,66.85714285714286,0.3900000000000004,4,107,75.4,0,0.0
2015-04-18,75.4,51.8,63.9,0.165,0.165,0.0,13.6,27.7,55,74.0,67.3,48.9,45.7,0.0,0.0,6.7,15.1,68.55714285714285,0.5550000000000004,4,108,70.7,0,0.0
2015-04-19,70.7,53.2,60.7,0.453,0.453,0.0,19.8,32.7,63,75.4,69.8,51.8,47.6,0.165,0.0,13.6,11.4,69.47142857142858,0.9840000000000004,4,109,52.0,0,0.0
2015-04-20,52.0,42.7,47.6,0.512,0.512,0.0,23.5,42.5,61,70.7,74.0,53.2,48.9,0.453,0.0,19.8,6.7,67.78571428571429,1.1300000000000006,4,110,54.8,0,0.0
2015-04-21,54.8,39.6,46.8,0.008,0.008,0.0,27.7,50.6,51,52.0,75.4,42.7,51.8,0.512,0.165,23.5,13.6,66.28571428571429,1.1380000000000006,4,111,51.1,0,0.0
2015-04-22,51.1,35.5,42.9,0.0,0.0,0.0,20.4,37.6,3,54.8,70.7,39.6,53.2,0.008,0.453,27.7,19.8,63.971428571428575,1.1380000000000006,4,112,55.4,0,0.0
2015-04-23,55.4,31.9,43.6,0.0,0.0,0.0,9.4,19.9,1,51.1,52.0,35.5,42.7,0.0,0.512,20.4,23.5,61.91428571428571,1.1380000000000006,4,113,55.5,0,0.0
2015-04-24,55.5,37.6,47.6,0.492,0.492,0.0,17.0,31.3,61,55.4,54.8,31.9,39.6,0.0,0.008,9.4,27.7,59.271428571428565,1.6300000000000006,4,114,49.9,0,0.0
2015-04-25,49.9,45.2,47.4,0.346,0.346,0.0,20.4,37.6,61,55.5,51.1,37.6,35.5,0.492,0.0,17.0,20.4,55.628571428571426,1.8110000000000004,4,115,58.7,0,0.0
2015-04-26,58.7,36.6,48.0,0.0,0.0,0.0,8.5,18.6,3,49.9,55.4,45.2,31.9,0.346,0.0,20.4,9.4,53.91428571428572,1.3580000000000005,4,116,62.8,0,0.0
2015-04-27,62.8,38.6,50.4,0.0,0.0,0.0,9.9,20.6,0,58.7,55.5,36.6,37.6,0.0,0.492,8.5,17.0,55.457142857142856,0.8460000000000004,4,117,68.3,0,0.0
2015-04-28,68.3,41.3,55.3,0.0,0.0,0.0,7.9,19.5,3,62.8,49.9,38.6,45.2,0.0,0.346,9.9,20.4,57.385714285714286,0.8380000000000004,4,118,68.9,0,0.0
2015-04-29,68.9,44.5,57.5,0.0,0.0,0.0,11.6,19.2,2,68.3,58.7,41.3,36.6,0.0,0.0,7.9,8.5,59.92857142857143,0.8380000000000004,4,119,61.9,0,0.0
2015-04-30,61.9,43.4,53.5,0.0,0.0,0.0,11.7,22.4,3,68.9,62.8,44.5,38.6,0.0,0.0,11.6,9.9,60.857142857142854,0.8380000000000004,4,120,65.3,0,0.0
2015-05-01,65.3,39.7,54.2,0.004,0.004,0.0,6.1,15.2,51,61.9,68.3,43.4,41.3,0.0,0.0,11.7,7.9,62.25714285714285,0.3500000000000004,5,121,73.3,0,0.0
2015-05-02,73.3,51.8,61.3,0.0,0.0,0.0,15.0,26.2,3,65.3,68.9,39.7,44.5,0.004,0.0,6.1,11.6,65.6,0.004000000000000444,5,122,79.3,0,0.0
2015-05-03,79.3,57.2,68.1,0.024,0.024,0.0,13.7,28.6,51,73.3,61.9,51.8,43.4,0.0,0.0,15.0,11.7,68.54285714285713,0.028000000000000445,5,123,74.4,0,0.0
2015-05-04,74.4,61.3,66.7,0.65,0.65,0.0,11.8,20.4,63,79.3,65.3,57.2,39.7,0.024,0.004,13.7,6.1,70.2,0.6780000000000005,5,124,73.9,0,0.0
2015-05-05,73.9,61.0,65.2,0.52,0.52,0.0,12.2,20.8,63,74.4,73.3,61.3,51.8,0.65,0.0,11.8,15.0,71.0,1.1980000000000004,5,125,79.3,0,0.0
2015-05-06,79.3,56.7,68.0,0.0,0.0,0.0,19.2,34.4,3,73.9,79.3,61.0,57.2,0.52,0.024,12.2,13.7,72.4857142857143,1.1980000000000004,5,126,79.8,0,0.0
2015-05-07,79.8,64.0,70.0,0.126,0.126,0.0,18.4,32.9,55,79.3,74.4,56.7,61.3,0.0,0.65,19.2,11.8,75.04285714285713,1.3240000000000005,5,127,73.4,0,0.0
2015-05-08,73.4,61.8,66.1,0.031,0.031,0.0,9.3,17.4,53,79.8,73.9,64.0,61.0,0.126,0.52,18.4,12.2,76.20000000000002,1.3510000000000004,5,128,72.4,0,0.0
2015-05-09,72.4,58.7,65.0,0.0,0.0,0.0,10.2,15.7,3,73.4,79.3,61.8,56.7,0.031,0.0,9.3,19.2,76.07142857142857,1.3510000000000004,5,129,71.0,0,0.0
2015-05-10,71.0,56.7,62.3,0.402,0.402,0.0,15.3,29.8,63,72.4,79.8,58.7,64.0,0.0,0.126,10.2,18.4,74.88571428571429,1.7290000000000005,5,130,65.1,0,0.0
2015-05-11,65.1,52.0,58.8,0.252,0.252,0.0,20.8,37.6,63,71.0,73.4,56.7,61.8,0.402,0.031,15.3,9.3,73.55714285714286,1.3310000000000006,5,131,60.9,0,0.0
2015-05-12,60.9,46.0,52.2,0.0,0.0,0.0,21.7,34.9,3,65.1,72.4,52.0,58.7,0.252,0.0,20.8,10.2,71.7,0.8110000000000005,5,132,65.4,0,0.0
2015-05-13,65.4,44.4,55.3,0.0,0.0,0.0,12.9,23.3,3,60.9,71.0,46.0,56.7,0.0,0.402,21.7,15.3,69.71428571428571,0.8110000000000005,5,133,60.1,0,0.0
2015-05-14,60.1,51.5,56.0,0.201,0.201,0.0,14.6,27.1,61,65.4,65.1,44.4,52.0,0.0,0.252,12.9,20.8,66.9,0.8860000000000006,5,134,74.5,0,0.0
2015-05-15,74.5,59.0,66.5,0.024,0.024,0.0,7.0,15.7,51,60.1,60.9,51.5,46.0,0.201,0.0,14.6,21.7,67.05714285714285,0.8790000000000004,5,135,79.5,0,0.0
2015-05-16,79.5,63.4,71.0,0.043,0.043,0.0,13.8,25.7,53,74.5,65.4,59.0,44.4,0.024,0.0,7.0,12.9,68.07142857142857,0.9220000000000005,5,136,79.1,0,0.0
2015-05-17,79.1,67.1,72.4,0.02,0.02,0.0,23.1,46.3,51,79.5,60.1,63.4,51.5,0.043,0.201,13.8,14.6,69.22857142857143,0.5400000000000005,5,137,66.2,0,0.0
2015-05-18,66.2,48.1,57.6,0.0,0.0,0.0,17.8,33.8,1,79.1,74.5,67.1,59.0,0.02,0.024,23.1,7.0,69.38571428571429,0.2880000000000005,5,138,56.2,0,0.0
2015-05-19,56.2,39.8,48.9,0.0,0.0,0.0,13.3,23.0,3,66.2,79.5,48.1,63.4,0.0,0.043,17.8,13.8,68.71428571428571,0.2880000000000005,5,139,49.9,0,0.0
2015-05-20,49.9,43.1,46.9,0.213,0.213,0.0,11.1,18.8,55,56.2,79.1,39.8,67.1,0.0,0.02,13.3,23.1,66.5,0.5010000000000004,5,140,69.2,0,0.0
2015-05-21,69.2,40.3,55.1,0.0,0.0,0.0,11.0,22.6,3,49.9,66.2,43.1,48.1,0.213,0.0,11.1,17.8,67.8,0.30000000000000043,5,141,73.2,0,0.0
2015-05-22,73.2,45.8,61.2,0.0,0.0,0.0,6.3,11.4,3,69.2,56.2,40.3,39.8,0.0,0.0,11.0,13.3,67.61428571428571,0.2760000000000004,5,142,75.2,0,0.0
2015-05-23,75.2,53.7,65.5,0.0,0.0,0.0,11.8,22.6,3,73.2,49.9,45.8,43.1,0.0,0.213,6.3,11.1,67.0,0.23300000000000043,5,143,69.6,0,0.0
2015-05-24,69.6,58.3,63.7,1.161,1.161,0.0,14.7,28.0,63,75.2,69.2,53.7,40.3,0.0,0.0,11.8,11.0,65.64285714285714,1.3740000000000006,5,144,78.6,0,0.0
2015-05-25,78.6,62.7,70.0,0.606,0.606,0.0,17.9,38.3,63,69.6,73.2,58.3,45.8,1.161,0.0,14.7,6.3,67.41428571428571,1.9800000000000004,5,145,73.6,0,0.0
2015-05-26,73.6,63.3,67.1,0.654,0.654,0.0,18.1,40.5,63,78.6,75.2,62.7,53.7,0.606,0.0,17.9,11.8,69.89999999999999,2.6340000000000003,5,146,77.1,0,0.0
2015-05-27,77.1,59.9,67.7,0.024,0.024,0.0,11.2,23.7,51,73.6,69.6,63.3,58.3,0.654,1.161,18.1,14.7,73.78571428571429,2.4450000000000003,5,147,79.2,0,0.0
2015-05-28,79.2,57.9,70.0,0.0,0.0,0.0,13.1,24.8,3,77.1,78.6,59.9,62.7,0.024,0.606,11.2,17.9,75.21428571428571,2.4450000000000003,5,148,76.9,0,0.0
2015-05-29,76.9,65.2,70.6,0.142,0.142,0.0,13.5,27.3,55,79.2,73.6,57.9,63.3,0.0,0.654,13.1,18.1,75.74285714285715,2.5870000000000006,5,149,66.6,0,0.0
2015-05-30,66.6,55.4,61.3,0.051,0.051,0.0,16.8,30.6,51,76.9,77.1,65.2,59.9,0.142,0.024,13.5,11.2,74.5142857142857,2.6380000000000003,5,150,65.7,0,0.0
2015-05-31,65.7,47.9,56.9,0.0,0.0,0.0,11.9,22.1,3,66.6,79.2,55.4,57.9,0.051,0.0,16.8,13.1,73.95714285714287,1.4770000000000005,5,151,66.8,0,0.0
2015-06-01,66.8,46.4,57.8,0.0,0.0,0.0,7.6,17.7,3,65.7,76.9,47.9,65.2,0.0,0.142,11.9,13.5,72.27142857142857,0.8710000000000004,6,152,70.2,0,0.0
2015-06-02,70.2,50.7,61.6,0.0,0.0,0.0,10.1,20.4,3,66.8,66.6,46.4,55.4,0.0,0.051,7.6,16.8,71.78571428571429,0.21700000000000041,6,153,74.7,0,0.0
2015-06-03,74.7,57.2,66.7,0.0,0.0,0.0,14.8,26.4,3,70.2,65.7,50.7,47.9,0.0,0.0,10.1,11.9,71.44285714285714,0.19300000000000042,6,154,80.2,0,0.0
2015-06-04,80.2,63.5,71.4,0.0,0.0,0.0,7.4,16.6,3,74.7,66.8,57.2,46.4,0.0,0.0,14.8,7.6,71.58571428571429,0.19300000000000042,6,155,80.0,0,0.0
2015-06-05,80.0,63.5,71.7,0.008,0.008,0.0,11.9,23.7,51,80.2,70.2,63.5,50.7,0.0,0.0,7.4,10.1,72.02857142857144,0.05900000000000044,6,156,75.9,0,0.0
2015-06-06,75.9,58.4,67.8,0.0,0.0,0.0,10.6,20.4,3,80.0,74.7,63.5,57.2,0.008,0.0,11.9,14.8,73.35714285714286,0.008000000000000444,6,157,82.8,0,0.0
2015-06-07,82.8,68.4,74.9,0.606,0.606,0.0,15.3,37.1,63,75.9,80.2,58.4,63.5,0.0,0.0,10.6,7.4,75.8,0.6140000000000004,6,158,81.1,0,0.0
2015-06-08,81.1,61.8,72.1,0.0,0.0,0.0,13.7,27.3,1,82.8,80.0,68.4,63.5,0.606,0.008,15.3,11.9,77.84285714285714,0.6140000000000004,6,159,88.0,0,0.0
2015-06-09,88.0,58.1,74.8,0.0,0.0,0.0,13.2,25.7,3,81.1,75.9,61.8,58.4,0.0,0.0,13.7,10.6,80.38571428571429,0.6140000000000004,6,160,86.8,0,0.0
2015-06-10,86.8,72.7,79.3,0.0,0.0,0.0,13.0,23.3,3,88.0,82.8,58.1,68.4,0.0,0.606,13.2,15.3,82.11428571428571,0.6140000000000004,6,161,77.4,0,0.0
2015-06-11,77.4,68.0,72.3,1.197,1.197,0.0,9.0,21.9,63,86.8,81.1,72.7,61.8,0.0,0.0,13.0,13.7,81.71428571428571,1.8110000000000004,6,162,70.8,0,0.0
2015-06-12,70.8,65.6,67.9,0.354,0.354,0.0,10.2,23.3,63,77.4,88.0,68.0,58.1,1.197,0.0,9.0,13.2,80.39999999999999,2.1570000000000005,6,163,75.4,0,0.0
2015-06-13,75.4,63.1,69.4,0.555,0.555,0.0,8.6,21.3,63,70.8,86.8,65.6,72.7,0.354,0.0,10.2,13.0,80.32857142857142,2.7120000000000006,6,164,81.6,0,0.0
2015-06-14,81.6,65.3,73.6,0.48,0.48,0.0,7.9,19.5,63,75.4,77.4,63.1,68.0,0.555,1.197,8.6,9.0,80.15714285714286,2.5860000000000003,6,165,78.3,0,0.0
2015-06-15,78.3,67.6,71.5,0.87,0.87,0.0,13.9,26.6,63,81.6,70.8,65.3,65.6,0.48,0.354,7.9,10.2,79.75714285714285,3.4560000000000004,6,166,78.0,0,0.0
2015-06-16,78.0,60.1,69.9,0.0,0.0,0.0,10.1,18.8,3,78.3,75.4,67.6,63.1,0.87,0.555,13.9,8.6,78.32857142857142,3.4560000000000004,6,167,77.9,0,0.0
2015-06-17,77.9,61.2,69.0,0.13,0.13,0.0,10.4,18.3,61,78.0,81.6,60.1,65.3,0.0,0.48,10.1,7.9,77.05714285714285,3.5860000000000003,6,168,76.3,0,0.0
2015-06-18,76.3,66.4,71.3,0.0,0.0,0.0,9.9,19.2,3,77.9,78.3,61.2,67.6,0.13,0.87,10.4,13.9,76.9,2.3890000000000002,6,169,77.4,0,0.0
2015-06-19,77.4,61.4,68.9,0.0,0.0,0.0,11.5,23.7,2,76.3,78.0,66.4,60.1,0.0,0.0,9.9,10.1,77.84285714285714,2.035,6,170,84.1,0,0.0
2015-06-20,84.1,59.0,70.6,0.528,0.528,0.0,16.2,30.4,63,77.4,77.9,61.4,61.2,0.0,0.13,11.5,10.4,79.08571428571429,2.0080000000000005,6,171,83.3,0,0.0
2015-06-21,83.3,67.0,74.9,0.0,0.0,0.0,7.0,14.5,3,84.1,76.3,59.0,66.4,0.528,0.0,16.2,9.9,79.32857142857142,1.5280000000000005,6,172,86.2,0,0.0
2015-06-22,86.2,70.7,77.4,0.126,0.126,0.0,19.4,40.9,53,83.3,77.4,67.0,61.4,0.0,0.0,7.0,11.5,80.45714285714287,0.7840000000000005,6,173,77.0,0,0.0
2015-06-23,77.0,62.9,70.9,0.0,0.0,0.0,11.7,19.5,3,86.2,84.1,70.7,59.0,0.126,0.528,19.4,16.2,80.31428571428572,0.7840000000000005,6,174,71.2,0,0.0
2015-06-24,71.2,63.4,67.9,0.252,0.252,0.0,12.2,24.2,63,77.0,83.3,62.9,67.0,0.0,0.0,11.7,7.0,79.35714285714286,0.9060000000000005,6,175,79.0,0,0.0
2015-06-25,79.0,66.6,72.5,1.083,1.083,0.0,18.3,22.6,65,71.2,86.2,63.4,70.7,0.252,0.126,12.2,19.4,79.74285714285715,1.9890000000000003,6,176,72.1,0,0.0
2015-06-26,72.1,64.0,67.8,0.063,0.063,0.0,10.9,23.9,53,79.0,77.0,66.6,62.9,1.083,0.0,18.3,11.7,78.98571428571428,2.0520000000000005,6,177,74.9,0,0.0
2015-06-27,74.9,59.0,67.8,0.004,0.004,0.0,7.9,18.1,51,72.1,71.2,64.0,63.4,0.063,0.252,10.9,12.2,77.67142857142858,1.5280000000000005,6,178,73.1,0,0.0
2015-06-28,73.1,60.5,65.8,0.984,0.984,0.0,12.5,25.9,63,74.9,79.0,59.0,66.6,0.004,1.083,7.9,18.3,76.21428571428571,2.5120000000000005,6,179,79.9,0,0.0
2015-06-29,79.9,62.1,70.8,0.004,0.004,0.0,9.4,23.7,51,73.1,72.1,60.5,64.0,0.984,0.063,12.5,10.9,75.31428571428572,2.3900000000000006,6,180,79.0,0,0.0
2015-06-30,79.0,64.3,71.9,0.016,0.016,0.0,7.9,20.4,51,79.9,74.9,62.1,59.0,0.004,0.004,9.4,7.9,75.60000000000001,2.4060000000000006,6,181,75.1,0,0.0
2015-07-01,75.1,62.6,68.4,0.0,0.0,0.0,9.2,18.6,3,79.0,73.1,64.3,60.5,0.016,0.984,7.9,12.5,76.15714285714284,2.1540000000000004,7,182,71.7,0,0.0
2015-07-02,71.7,57.2,64.9,0.0,0.0,0.0,10.9,20.4,3,75.1,79.9,62.6,62.1,0.0,0.004,9.2,9.4,75.11428571428571,1.0710000000000006,7,183,75.7,0,0.0
2015-07-03,75.7,56.7,67.0,0.0,0.0,0.0,5.3,11.6,3,71.7,79.0,57.2,64.3,0.0,0.016,10.9,7.9,75.62857142857142,1.0080000000000007,7,184,79.4,0,0.0
2015-07-04,79.4,57.2,69.9,0.0,0.0,0.0,5.9,12.8,3,75.7,75.1,56.7,62.6,0.0,0.0,5.3,9.2,76.27142857142859,1.0040000000000007,7,185,83.1,0,0.0
2015-07-05,83.1,62.8,73.7,0.0,0.0,0.0,12.1,21.9,3,79.4,71.7,57.2,57.2,0.0,0.0,5.9,10.9,77.7,0.020000000000000667,7,186,83.3,0,0.0
2015-07-06,83.3,68.9,75.2,1.563,1.563,0.0,12.4,24.6,63,83.1,75.7,62.8,56.7,0.0,0.0,12.1,5.3,78.1857142857143,1.5790000000000006,7,187,69.4,0,0.0
2015-07-07,69.4,60.2,64.9,0.106,0.106,0.0,14.6,28.6,61,83.3,79.4,68.9,57.2,1.563,0.0,12.4,5.9,76.81428571428572,1.6690000000000007,7,188,67.1,0,0.0
2015-07-08,67.1,56.7,62.1,0.091,0.091,0.0,8.2,17.0,61,69.4,83.1,60.2,62.8,0.106,0.0,14.6,12.1,75.67142857142858,1.7600000000000007,7,189,75.1,0,0.0
2015-07-09,75.1,55.9,66.7,0.008,0.008,0.0,5.6,12.1,51,67.1,83.3,56.7,68.9,0.091,1.563,8.2,12.4,76.15714285714286,1.7680000000000007,7,190,77.8,0,0.0
2015-07-10,77.8,58.8,69.6,0.0,0.0,0.0,8.0,14.8,3,75.1,69.4,55.9,60.2,0.008,0.106,5.6,14.6,76.45714285714284,1.7680000000000007,7,191,76.4,0,0.0
2015-07-11,76.4,67.0,70.4,0.614,0.614,0.0,10.6,26.6,63,77.8,67.1,58.8,56.7,0.0,0.091,8.0,8.2,76.02857142857144,2.3820000000000006,7,192,84.6,0,0.0
2015-07-12,84.6,68.2,75.7,0.0,0.0,0.0,10.9,20.8,3,76.4,75.1,67.0,55.9,0.614,0.008,10.6,5.6,76.24285714285713,2.3820000000000006,7,193,90.3,0,0.0
2015-07-13,90.3,74.9,82.8,0.256,0.256,0.0,12.5,24.2,63,84.6,77.8,68.2,58.8,0.0,0.0,10.9,8.0,77.24285714285715,1.0750000000000006,7,194,82.8,0,0.0
2015-07-14,82.8,72.5,77.4,0.0,0.0,0.0,11.5,22.4,1,90.3,76.4,74.9,67.0,0.256,0.614,12.5,10.6,79.15714285714284,0.9690000000000006,7,195,77.0,0,0.0
2015-07-15,77.0,66.0,71.6,0.0,0.0,0.0,8.4,16.8,3,82.8,84.6,72.5,68.2,0.0,0.0,11.5,10.9,80.57142857142857,0.8780000000000007,7,196,79.3,0,0.0
2015-07-16,79.3,67.2,72.2,0.858,0.858,0.0,15.7,29.8,63,77.0,90.3,66.0,74.9,0.0,0.256,8.4,12.5,81.17142857142856,1.7280000000000006,7,197,90.0,0,0.0
2015-07-17,90.0,72.5,81.2,0.0,0.0,0.0,9.3,20.4,3,79.3,82.8,67.2,72.5,0.858,0.0,15.7,11.5,82.91428571428571,1.7280000000000006,7,198,87.6,0,0.0
2015-07-18,87.6,74.8,81.8,0.008,0.008,0.0,13.0,28.6,51,90.0,77.0,72.5,66.0,0.0,0.0,9.3,8.4,84.51428571428572,1.1220000000000008,7,199,81.2,0,0.0
2015-07-19,81.2,71.7,76.5,0.0,0.0,0.0,11.9,17.9,3,87.6,79.3,74.8,67.2,0.008,0.858,13.0,15.7,84.02857142857142,1.1220000000000008,7,200,81.1,0,0.0
2015-07-20,81.1,66.3,73.2,0.055,0.055,0.0,10.5,26.8,61,81.2,90.0,71.7,72.5,0.0,0.0,11.9,9.3,82.71428571428571,0.9210000000000007,7,201,77.2,0,0.0
2015-07-21,77.2,61.9,70.5,0.0,0.0,0.0,9.6,16.8,2,81.1,87.6,66.3,74.8,0.055,0.008,10.5,13.0,81.91428571428571,0.9210000000000007,7,202,77.9,0,0.0
2015-07-22,77.9,58.9,70.1,0.0,0.0,0.0,5.1,12.1,3,77.2,81.2,61.9,71.7,0.0,0.0,9.6,11.9,82.04285714285713,0.9210000000000007,7,203,80.6,0,0.0
2015-07-23,80.6,62.6,72.4,0.0,0.0,0.0,5.9,13.0,3,77.9,81.1,58.9,66.3,0.0,0.055,5.1,10.5,82.22857142857143,0.06300000000000067,7,204,85.1,0,0.0
2015-07-24,85.1,64.4,75.6,0.0,0.0,0.0,14.6,27.7,3,80.6,77.2,62.6,61.9,0.0,0.0,5.9,9.6,81.52857142857142,0.06300000000000067,7,205,87.1,0,0.0
2015-07-25,87.1,73.3,79.9,0.008,0.008,0.0,9.3,13.4,51,85.1,77.9,64.4,58.9,0.0,0.0,14.6,5.1,81.45714285714287,0.06300000000000067,7,206,82.6,0,0.0
2015-07-26,82.6,72.5,75.9,1.331,1.331,0.0,9.7,15.7,65,87.1,80.6,73.3,62.6,0.008,0.0,9.3,5.9,81.65714285714284,1.3940000000000006,7,207,84.3,0,0.0
2015-07-27,84.3,70.5,76.9,0.0,0.0,0.0,9.9,19.9,3,82.6,85.1,72.5,64.4,1.331,0.0,9.7,14.6,82.11428571428571,1.3390000000000006,7,208,88.7,0,0.0
2015-07-28,88.7,72.8,80.4,0.303,0.303,0.0,12.6,25.5,63,84.3,87.1,70.5,73.3,0.0,0.008,9.9,9.3,83.75714285714285,1.6420000000000006,7,209,80.3,0,0.0
2015-07-29,80.3,69.1,74.9,1.122,1.122,0.0,11.9,22.8,65,88.7,82.6,72.8,72.5,0.303,1.331,12.6,9.7,84.1,2.7640000000000007,7,210,84.2,0,0.0
2015-07-30,84.2,64.6,74.0,0.0,0.0,0.0,11.2,21.3,1,80.3,84.3,69.1,70.5,1.122,0.0,11.9,9.9,84.61428571428571,2.7640000000000007,7,211,82.5,0,0.0
2015-07-31,82.5,68.2,74.7,0.0,0.0,0.0,11.7,21.3,0,84.2,88.7,64.6,72.8,0.0,0.303,11.2,12.6,84.24285714285713,2.7640000000000007,7,212,84.1,0,0.0
2015-08-01,84.1,59.4,73.7,0.0,0.0,0.0,9.3,19.2,3,82.5,80.3,68.2,69.1,0.0,1.122,11.7,11.9,83.81428571428572,2.7560000000000007,8,213,88.1,0,0.0
2015-08-02,88.1,70.8,79.5,0.02,0.02,0.0,17.3,33.6,53,84.1,84.2,59.4,64.6,0.0,0.0,9.3,11.2,84.6,1.4450000000000007,8,214,78.5,0,0.0
2015-08-03,78.5,65.1,72.4,0.0,0.0,0.0,11.6,23.9,0,88.1,82.5,70.8,68.2,0.02,0.0,17.3,11.7,83.77142857142857,1.4450000000000007,8,215,78.7,0,0.0
2015-08-04,78.7,60.0,70.7,0.0,0.0,0.0,6.3,14.1,3,78.5,84.1,65.1,59.4,0.0,0.0,11.6,9.3,82.34285714285714,1.1420000000000008,8,216,79.2,0,0.0
2015-08-05,79.2,62.2,71.3,0.0,0.0,0.0,6.9,15.4,3,78.7,88.1,60.0,70.8,0.0,0.02,6.3,17.3,82.1857142857143,0.020000000000000667,8,217,80.0,0,0.0
2015-08-06,80.0,62.8,71.9,0.0,0.0,0.0,8.8,17.2,3,79.2,78.5,62.2,65.1,0.0,0.0,6.9,11.6,81.58571428571429,0.020000000000000667,8,218,83.6,0,0.0
2015-08-07,83.6,67.4,74.6,0.012,0.012,0.0,12.5,22.6,51,80.0,78.7,62.8,60.0,0.0,0.0,8.8,6.3,81.74285714285713,0.03200000000000067,8,219,75.8,0,0.0
2015-08-08,75.8,66.6,71.7,0.008,0.008,0.0,8.7,20.8,51,83.6,79.2,67.4,62.2,0.012,0.0,12.5,6.9,80.55714285714285,0.04000000000000067,8,220,78.1,0,0.0
2015-08-09,78.1,66.5,72.1,2.067,2.067,0.0,11.8,28.0,65,75.8,80.0,66.6,62.8,0.008,0.0,8.7,8.8,79.12857142857142,2.0870000000000006,8,221,81.0,0,0.0
2015-08-10,81.0,68.2,73.7,0.012,0.012,0.0,12.4,24.2,51,78.1,83.6,66.5,67.4,2.067,0.012,11.8,12.5,79.48571428571428,2.0990000000000006,8,222,78.8,0,0.0
2015-08-11,78.8,63.5,71.4,0.0,0.0,0.0,11.1,21.0,2,81.0,75.8,68.2,66.6,0.012,0.008,12.4,8.7,79.5,2.0990000000000006,8,223,78.9,0,0.0
2015-08-12,78.9,64.5,72.1,0.0,0.0,0.0,6.7,11.6,3,78.8,78.1,63.5,66.5,0.0,2.067,11.1,11.8,79.45714285714287,2.0990000000000006,8,224,82.6,0,0.0
2015-08-13,82.6,62.2,72.8,0.0,0.0,0.0,10.9,21.0,3,78.9,81.0,64.5,68.2,0.0,0.012,6.7,12.4,79.82857142857142,2.0990000000000006,8,225,85.5,0,0.0
2015-08-14,85.5,69.6,77.2,0.0,0.0,0.0,7.9,16.8,3,82.6,78.8,62.2,63.5,0.0,0.0,10.9,11.1,80.1,2.0870000000000006,8,226,85.1,0,0.0
2015-08-15,85.1,67.6,76.9,0.0,0.0,0.0,7.1,14.3,1,85.5,78.9,69.6,64.5,0.0,0.0,7.9,6.7,81.42857142857143,2.0790000000000006,8,227,85.9,0,0.0
2015-08-16,85.9,68.6,77.1,0.0,0.0,0.0,10.7,20.1,3,85.1,82.6,67.6,62.2,0.0,0.0,7.1,10.9,82.54285714285713,0.012000000000000444,8,228,83.2,0,0.0
2015-08-17,83.2,69.9,74.9,0.26,0.26,0.0,6.8,15.4,61,85.9,85.5,68.6,69.6,0.0,0.0,10.7,7.9,82.85714285714286,0.26000000000000045,8,229,80.6,0,0.0
2015-08-18,80.6,68.8,72.5,1.398,1.398,0.0,9.4,27.7,65,83.2,85.1,69.9,67.6,0.26,0.0,6.8,7.1,83.11428571428571,1.6580000000000004,8,230,69.5,0,0.0
2015-08-19,69.5,56.8,63.5,0.012,0.012,0.0,19.8,31.5,51,80.6,85.9,68.8,68.6,1.398,0.0,9.4,10.7,81.77142857142857,1.6700000000000004,8,231,73.2,0,0.0
2015-08-20,73.2,57.2,65.0,0.0,0.0,0.0,14.7,24.8,3,69.5,83.2,56.8,69.9,0.012,0.26,19.8,6.8,80.42857142857143,1.6700000000000004,8,232,79.8,0,0.0
2015-08-21,79.8,60.1,69.6,0.0,0.0,0.0,14.4,26.6,1,73.2,80.6,57.2,68.8,0.0,1.398,14.7,9.4,79.61428571428571,1.6700000000000004,8,233,78.2,0,0.0
2015-08-22,78.2,63.4,70.7,0.0,0.0,0.0,16.1,29.5,3,79.8,69.5,60.1,56.8,0.0,0.012,14.4,19.8,78.62857142857142,1.6700000000000004,8,234,71.2,0,0.0
2015-08-23,71.2,61.6,67.2,0.138,0.138,0.0,18.7,33.3,61,78.2,73.2,63.4,57.2,0.0,0.0,16.1,14.7,76.52857142857144,1.8080000000000003,8,235,69.8,0,0.0
2015-08-24,69.8,54.8,62.4,0.0,0.0,0.0,16.9,31.5,1,71.2,79.8,61.6,60.1,0.138,0.0,18.7,14.4,74.61428571428571,1.5480000000000005,8,236,71.0,0,0.0
2015-08-25,71.0,54.5,63.1,0.0,0.0,0.0,12.0,23.7,3,69.8,78.2,54.8,63.4,0.0,0.0,16.9,16.1,73.24285714285713,0.15000000000000047,8,237,73.0,0,0.0
2015-08-26,73.0,54.1,64.8,0.0,0.0,0.0,5.6,13.0,3,71.0,71.2,54.5,61.6,0.0,0.138,12.0,18.7,73.74285714285713,0.13800000000000046,8,238,75.0,0,0.0
2015-08-27,75.0,57.2,66.1,0.0,0.0,0.0,10.3,20.8,3,73.0,69.8,54.1,54.8,0.0,0.0,5.6,16.9,74.0,0.13800000000000046,8,239,73.7,0,0.0
2015-08-28,73.7,60.8,66.6,0.165,0.165,0.0,18.5,29.8,61,75.0,71.0,57.2,54.5,0.0,0.0,10.3,12.0,73.12857142857143,0.3030000000000005,8,240,77.2,0,0.0
2015-08-29,77.2,64.9,70.3,0.126,0.126,0.0,11.9,23.0,53,73.7,73.0,60.8,54.1,0.165,0.0,18.5,5.6,72.98571428571428,0.4290000000000005,8,241,78.0,0,0.0
2015-08-30,78.0,57.3,68.5,0.0,0.0,0.0,4.7,10.1,3,77.2,75.0,64.9,57.2,0.126,0.0,11.9,10.3,73.95714285714287,0.2910000000000005,8,242,86.4,0,0.0
2015-08-31,86.4,63.5,74.9,0.0,0.0,0.0,11.1,20.6,1,78.0,73.7,57.3,60.8,0.0,0.165,4.7,18.5,76.32857142857142,0.2910000000000005,8,243,89.5,0,0.0
2015-09-01,89.5,69.8,79.2,0.0,0.0,0.0,10.9,20.4,3,86.4,77.2,63.5,64.9,0.0,0.126,11.1,11.9,78.97142857142856,0.2910000000000005,9,244,84.8,0,0.0
2015-09-02,84.8,70.4,77.3,0.012,0.012,0.0,10.0,20.6,51,89.5,78.0,69.8,57.3,0.0,0.0,10.9,4.7,80.65714285714286,0.30300000000000044,9,245,88.8,0,0.0
2015-09-03,88.8,69.8,79.4,0.0,0.0,0.0,8.4,16.1,1,84.8,86.4,70.4,63.5,0.012,0.0,10.0,11.1,82.62857142857142,0.30300000000000044,9,246,88.9,0,0.0
2015-09-04,88.9,69.8,79.9,0.008,0.008,0.0,7.6,15.7,51,88.8,89.5,69.8,69.8,0.0,0.0,8.4,10.9,84.8,0.14600000000000043,9,247,89.6,0,0.0
2015-09-05,89.6,73.9,81.0,0.004,0.004,0.0,10.8,24.2,51,88.9,84.8,69.8,70.4,0.008,0.012,7.6,10.0,86.57142857142857,0.024000000000000445,9,248,91.0,0,0.0
2015-09-06,91.0,75.8,82.9,0.0,0.0,0.0,13.6,24.8,3,89.6,88.8,73.9,69.8,0.004,0.0,10.8,8.4,88.42857142857143,0.024000000000000445,9,249,86.7,0,0.0
2015-09-07,86.7,73.1,79.5,0.78,0.78,0.0,11.2,20.4,63,91.0,88.9,75.8,69.8,0.0,0.008,13.6,7.6,88.47142857142856,0.8040000000000005,9,250,77.3,0,0.0
2015-09-08,77.3,69.8,73.4,1.075,1.075,0.0,12.8,21.9,63,86.7,89.6,73.1,73.9,0.78,0.004,11.2,10.8,86.72857142857143,1.8790000000000004,9,251,78.7,0,0.0
2015-09-09,78.7,63.2,70.9,0.0,0.0,0.0,7.4,15.7,3,77.3,91.0,69.8,75.8,1.075,0.0,12.8,13.6,85.85714285714286,1.8670000000000004,9,252,76.3,0,0.0
2015-09-10,76.3,64.6,69.3,0.169,0.169,0.0,7.0,18.1,61,78.7,86.7,63.2,73.1,0.0,0.78,7.4,11.2,84.07142857142857,2.0360000000000005,9,253,66.2,0,0.0
2015-09-11,66.2,56.1,61.7,0.02,0.02,0.0,15.3,28.6,51,76.3,77.3,64.6,69.8,0.169,1.075,7.0,12.8,80.82857142857142,2.0480000000000005,9,254,64.4,0,0.0
2015-09-12,64.4,51.2,57.8,0.0,0.0,0.0,9.0,19.2,3,66.2,78.7,56.1,63.2,0.02,0.0,15.3,7.4,77.22857142857143,2.0440000000000005,9,255,69.8,0,0.0
2015-09-13,69.8,47.6,59.1,0.0,0.0,0.0,9.4,19.5,0,64.4,76.3,51.2,64.6,0.0,0.169,9.0,7.0,74.2,2.0440000000000005,9,256,80.6,0,0.0
2015-09-14,80.6,59.2,69.2,0.0,0.0,0.0,15.0,28.0,3,69.8,66.2,47.6,56.1,0.0,0.02,9.4,15.3,73.32857142857142,1.2640000000000005,9,257,82.4,0,0.0
2015-09-15,82.4,65.2,73.3,0.0,0.0,0.0,17.2,31.1,1,80.6,64.4,59.2,51.2,0.0,0.0,15.0,9.0,74.05714285714285,0.18900000000000045,9,258,84.3,0,0.0
2015-09-16,84.3,65.6,74.6,0.0,0.0,0.0,16.5,29.3,0,82.4,69.8,65.2,47.6,0.0,0.0,17.2,9.4,74.85714285714286,0.18900000000000045,9,259,84.8,0,0.0
2015-09-17,84.8,70.7,76.1,0.705,0.705,0.0,16.1,30.9,65,84.3,80.6,65.6,59.2,0.0,0.0,16.5,15.0,76.07142857142857,0.7250000000000004,9,260,74.6,0,0.0
2015-09-18,74.6,59.7,69.5,1.461,1.461,0.0,20.5,39.4,63,84.8,82.4,70.7,65.2,0.705,0.0,16.1,17.2,77.27142857142857,2.1660000000000004,9,261,67.3,0,0.0
2015-09-19,67.3,54.3,60.4,0.0,0.0,0.0,13.8,24.4,3,74.6,84.3,59.7,65.6,1.461,0.0,20.5,16.5,77.68571428571428,2.1660000000000004,9,262,70.2,0,0.0
2015-09-20,70.2,48.6,60.6,0.0,0.0,0.0,7.9,17.9,2,67.3,84.8,54.3,70.7,0.0,0.705,13.8,16.1,77.74285714285713,2.1660000000000004,9,263,72.9,0,0.0
2015-09-21,72.9,51.9,62.7,0.0,0.0,0.0,10.6,21.5,1,70.2,74.6,48.6,59.7,0.0,1.461,7.9,20.5,76.64285714285714,2.1660000000000004,9,264,77.5,0,0.0
2015-09-22,77.5,60.8,68.6,0.0,0.0,0.0,8.0,15.9,3,72.9,67.3,51.9,54.3,0.0,0.0,10.6,13.8,75.94285714285715,2.1660000000000004,9,265,79.3,0,0.0
2015-09-23,79.3,62.5,70.3,0.0,0.0,0.0,9.4,18.8,3,77.5,70.2,60.8,48.6,0.0,0.0,8.0,7.9,75.22857142857143,2.1660000000000004,9,266,78.0,0,0.0
2015-09-24,78.0,62.2,69.6,0.0,0.0,0.0,10.1,17.0,3,79.3,72.9,62.5,51.9,0.0,0.0,9.4,10.6,74.25714285714285,1.4610000000000005,9,267,75.9,0,0.0
2015-09-25,75.9,60.8,68.1,0.0,0.0,0.0,9.5,17.7,3,78.0,77.5,62.2,60.8,0.0,0.0,10.1,8.0,74.44285714285715,0.0,9,268,76.2,0,0.0
2015-09-26,76.2,58.7,67.2,0.0,0.0,0.0,8.8,18.3,3,75.9,79.3,60.8,62.5,0.0,0.0,9.5,9.4,75.71428571428571,0.0,9,269,75.5,0,0.0
2015-09-27,75.5,59.8,68.0,0.0,0.0,0.0,9.6,19.9,3,76.2,78.0,58.7,62.2,0.0,0.0,8.8,10.1,76.47142857142856,0.0,9,270,78.5,0,0.0
2015-09-28,78.5,63.6,70.1,0.0,0.0,0.0,9.0,18.3,2,75.5,75.9,59.8,60.8,0.0,0.0,9.6,9.5,77.27142857142857,0.0,9,271,65.1,0,0.0
2015-09-29,65.1,54.0,61.3,0.165,0.165,0.0,18.6,34.0,55,78.5,76.2,63.6,58.7,0.0,0.0,9.0,8.8,75.5,0.16500000000000067,9,272,61.8,0,0.0
2015-09-30,61.8,47.5,54.2,0.0,0.0,0.0,12.2,23.3,0,65.1,75.5,54.0,59.8,0.165,0.0,18.6,9.6,73.0,0.16500000000000067,9,273,62.1,0,0.0
2015-10-01,62.1,45.7,53.3,0.0,0.0,0.0,13.8,25.5,1,61.8,78.5,47.5,63.6,0.0,0.0,12.2,9.0,70.72857142857143,0.16500000000000067,10,274,62.8,0,0.0
2015-10-02,62.8,45.4,53.0,0.0,0.0,0.0,15.7,30.2,0,62.1,65.1,45.7,54.0,0.0,0.165,13.8,18.6,68.85714285714286,0.16500000000000067,10,275,60.9,0,0.0
2015-10-03,60.9,44.9,51.7,0.0,0.0,0.0,15.1,28.0,0,62.8,61.8,45.4,47.5,0.0,0.0,15.7,12.2,66.67142857142856,0.16500000000000067,10,276,57.5,0,0.0
2015-10-04,57.5,46.3,52.9,0.0,0.0,0.0,10.6,20.1,3,60.9,62.1,44.9,45.7,0.0,0.0,15.1,13.8,64.1,0.16500000000000067,10,277,59.8,0,0.0
2015-10-05,59.8,53.8,56.7,0.008,0.008,0.0,6.0,12.5,51,57.5,62.8,46.3,45.4,0.0,0.0,10.6,15.7,61.42857142857143,0.17300000000000068,10,278,69.5,0,0.0
2015-10-06,69.5,53.2,61.1,0.012,0.012,0.0,5.5,9.2,51,59.8,60.9,53.8,44.9,0.008,0.0,6.0,15.1,62.05714285714286,0.020000000000000667,10,279,73.5,0,0.0
2015-10-07,73.5,56.1,63.9,0.0,0.0,0.0,6.1,11.6,3,69.5,57.5,53.2,46.3,0.012,0.0,5.5,10.6,63.728571428571435,0.020000000000000667,10,280,78.7,0,0.0
2015-10-08,78.7,56.3,65.6,0.02,0.02,0.0,16.0,30.9,53,73.5,59.8,56.1,53.8,0.0,0.008,6.1,6.0,66.1,0.04000000000000067,10,281,59.7,0,0.0
2015-10-09,59.7,49.0,56.5,0.0,0.0,0.0,13.3,24.6,3,78.7,69.5,56.3,53.2,0.02,0.012,16.0,5.5,65.65714285714286,0.04000000000000067,10,282,66.2,0,0.0
2015-10-10,66.2,44.6,55.1,0.0,0.0,0.0,12.5,24.4,3,59.7,73.5,49.0,56.1,0.0,0.0,13.3,6.1,66.41428571428571,0.04000000000000067,10,283,79.5,0,0.0
2015-10-11,79.5,54.6,65.8,0.0,0.0,0.0,15.0,27.3,3,66.2,78.7,44.6,56.3,0.0,0.02,12.5,16.0,69.55714285714285,0.04000000000000067,10,284,71.7,0,0.0
2015-10-12,71.7,59.9,66.4,0.0,0.0,0.0,23.8,43.6,3,79.5,59.7,54.6,49.0,0.0,0.0,15.0,13.3,71.25714285714287,0.03200000000000067,10,285,62.8,0,0.0
2015-10-13,62.8,49.2,55.8,0.0,0.0,0.0,17.7,31.1,3,71.7,66.2,59.9,44.6,0.0,0.0,23.8,12.5,70.3,0.020000000000000667,10,286,64.7,0,0.0
2015-10-14,64.7,46.2,54.6,0.0,0.0,0.0,8.2,17.7,2,62.8,79.5,49.2,54.6,0.0,0.0,17.7,15.0,69.04285714285716,0.020000000000000667,10,287,68.5,0,0.0
2015-10-15,68.5,50.9,57.4,0.0,0.0,0.0,20.0,36.7,2,64.7,71.7,46.2,59.9,0.0,0.0,8.2,23.8,67.58571428571429,0.0,10,288,51.9,0,0.0
2015-10-16,51.9,41.7,47.3,0.0,0.0,0.0,14.9,28.6,1,68.5,62.8,50.9,49.2,0.0,0.0,20.0,17.7,66.47142857142858,0.0,10,289,53.1,0,0.0
2015-10-17,53.1,33.2,43.3,0.0,0.0,0.0,8.2,14.5,0,51.9,64.7,41.7,46.2,0.0,0.0,14.9,8.2,64.60000000000001,0.0,10,290,59.9,0,0.0
2015-10-18,59.9,35.4,47.9,0.0,0.0,0.0,14.4,25.1,1,53.1,68.5,33.2,50.9,0.0,0.0,8.2,20.0,61.800000000000004,0.0,10,291,74.5,0,0.0
2015-10-19,74.5,51.5,61.9,0.0,0.0,0.0,18.6,34.0,3,59.9,51.9,35.4,41.7,0.0,0.0,14.4,14.9,62.199999999999996,0.0,10,292,73.1,0,0.0
2015-10-20,73.1,58.8,63.5,0.764,0.764,0.0,14.1,28.4,63,74.5,53.1,51.5,33.2,0.0,0.0,18.6,8.2,63.67142857142858,0.7640000000000007,10,293,75.2,0,0.0
2015-10-21,75.2,58.6,64.8,0.0,0.0,0.0,12.6,25.1,3,73.1,59.9,58.8,35.4,0.764,0.0,14.1,14.4,65.17142857142856,0.7640000000000007,10,294,64.5,0,0.0
2015-10-22,64.5,50.1,57.5,0.0,0.0,0.0,10.6,18.8,3,75.2,74.5,58.6,51.5,0.0,0.0,12.6,18.6,64.60000000000001,0.7640000000000007,10,295,63.7,0,0.0
2015-10-23,63.7,55.1,59.1,0.118,0.118,0.0,13.1,23.9,55,64.5,73.1,50.1,58.8,0.0,0.764,10.6,14.1,66.28571428571429,0.8820000000000007,10,296,63.9,0,0.0
2015-10-24,63.9,46.6,55.9,0.055,0.055,0.0,17.0,31.3,55,63.7,75.2,55.1,58.6,0.118,0.0,13.1,12.6,67.82857142857142,0.9370000000000007,10,297,59.3,0,0.0
2015-10-25,59.3,37.4,48.7,0.0,0.0,0.0,5.2,10.7,0,63.9,64.5,46.6,50.1,0.055,0.0,17.0,10.6,67.74285714285715,0.9370000000000007,10,298,61.2,0,0.0
2015-10-26,61.2,42.2,51.5,0.0,0.0,0.0,11.4,19.2,3,59.3,63.7,37.4,55.1,0.0,0.118,5.2,13.1,65.84285714285714,0.9370000000000007,10,299,53.2,0,0.0
2015-10-27,53.2,47.3,50.5,0.819,0.819,0.0,13.9,25.5,61,61.2,63.9,42.2,46.6,0.0,0.055,11.4,17.0,63.0,0.9920000000000007,10,300,53.6,0,0.0
2015-10-28,53.6,40.4,48.4,0.303,0.303,0.0,19.5,37.1,61,53.2,59.3,47.3,37.4,0.819,0.0,13.9,5.2,59.91428571428571,1.2950000000000006,10,301,51.4,0,0.0
2015-10-29,51.4,37.6,44.1,0.0,0.0,0.0,18.2,36.9,3,53.6,61.2,40.4,42.2,0.303,0.0,19.5,11.4,58.042857142857144,1.2950000000000006,10,302,54.3,0,0.0
2015-10-30,54.3,35.6,45.1,0.02,0.02,0.0,10.6,20.1,51,51.4,53.2,37.6,47.3,0.0,0.819,18.2,13.9,56.699999999999996,1.1970000000000005,10,303,54.9,0,0.0
2015-10-31,54.9,46.7,50.0,0.571,0.571,0.0,13.8,25.9,61,54.3,53.6,35.6,40.4,0.02,0.303,10.6,19.5,55.41428571428572,1.7130000000000005,10,304,68.3,0,0.0
2015-11-01,68.3,45.9,55.2,0.0,0.0,0.0,12.4,19.9,3,54.9,51.4,46.7,37.6,0.571,0.0,13.8,18.2,56.699999999999996,1.7130000000000005,11,305,71.0,0,0.0
2015-11-02,71.0,51.9,59.6,0.0,0.0,0.0,13.0,24.2,2,68.3,54.3,45.9,35.6,0.0,0.02,12.4,10.6,58.10000000000001,1.7130000000000005,11,306,68.0,0,0.0
2015-11-03,68.0,47.0,57.3,0.0,0.0,0.0,12.1,22.4,0,71.0,54.9,51.9,46.7,0.0,0.571,13.0,13.8,60.214285714285715,0.8940000000000006,11,307,67.1,0,0.0
2015-11-04,67.1,55.8,60.4,0.0,0.0,0.0,15.7,28.6,3,68.0,68.3,47.0,45.9,0.0,0.0,12.1,12.4,62.142857142857146,0.5910000000000006,11,308,70.0,0,0.0
2015-11-05,70.0,55.6,61.8,0.398,0.398,0.0,20.9,36.7,63,67.1,71.0,55.8,51.9,0.0,0.0,15.7,13.0,64.8,0.9890000000000007,11,309,54.3,0,0.0
2015-11-06,54.3,42.9,47.8,0.028,0.028,0.0,16.2,30.4,53,70.0,68.0,55.6,47.0,0.398,0.0,20.9,12.1,64.8,0.9970000000000007,11,310,50.0,0,0.0
2015-11-07,50.0,35.8,42.3,0.0,0.0,0.0,12.2,23.7,0,54.3,67.1,42.9,55.8,0.028,0.0,16.2,15.7,64.1,0.4260000000000007,11,311,53.1,0,0.0
2015-11-08,53.1,33.4,41.7,0.0,0.0,0.0,12.4,22.8,0,50.0,70.0,35.8,55.6,0.0,0.398,12.2,20.9,61.92857142857142,0.4260000000000007,11,312,53.4,0,0.0
2015-11-09,53.4,32.9,42.3,0.0,0.0,0.0,7.3,16.1,0,53.1,54.3,33.4,42.9,0.0,0.028,12.4,16.2,59.41428571428572,0.4260000000000007,11,313,56.2,0,0.0
2015-11-10,56.2,31.7,43.9,0.0,0.0,0.0,10.6,20.4,3,53.4,50.0,32.9,35.8,0.0,0.0,7.3,12.2,57.72857142857142,0.4260000000000007,11,314,63.4,0,0.0
2015-11-11,63.4,50.7,55.5,0.386,0.386,0.0,20.4,45.4,63,56.2,53.1,31.7,33.4,0.0,0.0,10.6,12.4,57.199999999999996,0.8120000000000007,11,315,51.9,0,0.0
2015-11-12,51.9,40.4,46.2,0.122,0.122,0.0,27.8,49.9,53,63.4,53.4,50.7,32.9,0.386,0.0,20.4,7.3,54.614285714285714,0.5360000000000007,11,316,48.1,0,0.0
2015-11-13,48.1,34.2,41.4,0.0,0.0,0.0,17.6,32.2,0,51.9,56.2,40.4,31.7,0.122,0.0,27.8,10.6,53.72857142857142,0.5080000000000007,11,317,61.1,0,0.0
2015-11-14,61.1,31.8,46.2,0.0,0.0,0.0,13.2,24.4,0,48.1,63.4,34.2,50.7,0.0,0.386,17.6,20.4,55.31428571428571,0.5080000000000007,11,318,59.6,0,0.0
2015-11-15,59.6,44.6,52.6,0.0,0.0,0.0,12.8,23.5,1,61.1,51.9,31.8,40.4,0.0,0.122,13.2,27.8,56.24285714285715,0.5080000000000007,11,319,53.6,0,0.0
2015-11-16,53.6,48.5,50.1,0.224,0.224,0.0,16.4,28.2,55,59.6,48.1,44.6,34.2,0.0,0.0,12.8,17.6,56.271428571428565,0.7320000000000007,11,320,62.5,0,0.0
2015-11-17,62.5,50.6,55.4,1.24,1.24,0.0,20.3,35.1,63,53.6,61.1,48.5,31.8,0.224,0.0,16.4,13.2,57.17142857142857,1.9720000000000006,11,321,62.4,0,0.0
2015-11-18,62.4,45.8,53.3,0.551,0.551,0.0,23.4,49.9,63,62.5,59.6,50.6,44.6,1.24,0.0,20.3,12.8,57.02857142857143,2.137000000000001,11,322,46.4,0,0.0
2015-11-19,46.4,36.8,41.3,0.0,0.0,0.0,27.3,48.5,3,62.4,53.6,45.8,48.5,0.551,0.224,23.4,16.4,56.24285714285714,2.0150000000000006,11,323,38.7,0,0.0
2015-11-20,38.7,30.0,34.3,0.272,0.0,1.929,14.9,25.5,75,46.4,62.5,36.8,50.6,0.0,1.24,27.3,20.3,54.9,2.2870000000000004,11,324,31.9,0,0.0
2015-11-21,31.9,9.6,23.6,0.386,0.0,2.701,18.1,30.2,75,38.7,62.4,30.0,45.8,0.272,0.551,14.9,23.4,50.728571428571435,2.673000000000001,11,325,30.7,0,0.0
2015-11-22,30.7,2.2,18.1,0.0,0.0,0.0,11.1,17.9,3,31.9,46.4,9.6,36.8,0.386,0.0,18.1,27.3,46.6,2.673000000000001,11,326,34.9,0,0.0
2015-11-23,34.9,20.9,28.6,0.0,0.0,0.0,10.3,17.9,3,30.7,38.7,2.2,30.0,0.0,0.272,11.1,14.9,43.92857142857143,2.4490000000000007,11,327,40.1,0,0.0
2015-11-24,40.1,15.8,29.0,0.0,0.0,0.0,12.0,19.9,3,34.9,31.9,20.9,9.6,0.0,0.386,10.3,18.1,40.728571428571435,1.2090000000000007,11,328,53.0,0,0.0
2015-11-25,53.0,40.5,46.8,0.004,0.004,0.0,13.5,25.5,51,40.1,30.7,15.8,2.2,0.0,0.0,12.0,11.1,39.385714285714286,0.6620000000000007,11,329,60.3,0,0.0
2015-11-26,60.3,38.0,51.2,1.492,1.492,0.0,15.1,40.0,63,53.0,34.9,40.5,20.9,0.004,0.0,13.5,10.3,41.371428571428574,2.154000000000001,11,330,37.7,0,0.0
2015-11-27,37.7,33.4,35.6,0.224,0.224,0.0,14.7,27.5,63,60.3,40.1,38.0,15.8,1.492,0.0,15.1,12.0,41.228571428571435,2.1060000000000008,11,331,35.7,0,0.0
2015-11-28,35.7,29.3,31.9,0.0,0.0,0.0,11.0,17.9,3,37.7,53.0,33.4,40.5,0.224,0.004,14.7,13.5,41.771428571428565,1.7200000000000006,11,332,35.3,0,0.0
2015-11-29,35.3,29.4,32.2,0.031,0.031,0.0,7.7,15.0,53,35.7,60.3,29.3,38.0,0.0,1.492,11.0,15.1,42.42857142857143,1.7510000000000008,11,333,38.4,0,0.0
2015-11-30,38.4,34.2,36.2,0.72,0.72,0.0,14.1,25.1,61,35.3,37.7,29.4,33.4,0.031,0.224,7.7,14.7,42.92857142857143,2.4710000000000005,11,334,40.3,0,0.0
2015-12-01,40.3,30.0,35.9,0.024,0.024,0.0,17.0,31.1,51,38.4,35.7,34.2,29.3,0.72,0.0,14.1,11.0,42.957142857142856,2.4950000000000006,12,335,35.5,0,0.0
2015-12-02,35.5,28.7,31.6,0.024,0.0,0.193,13.3,24.8,71,40.3,35.3,30.0,29.4,0.024,0.031,17.0,7.7,40.457142857142856,2.5150000000000006,12,336,41.3,0,0.0
2015-12-03,41.3,31.3,35.0,0.0,0.0,0.0,8.3,17.0,3,35.5,38.4,28.7,34.2,0.024,0.72,13.3,14.1,37.74285714285714,1.0230000000000008,12,337,48.7,0,0.0
2015-12-04,48.7,27.1,36.2,0.0,0.0,0.0,8.8,17.0,0,41.3,40.3,31.3,30.0,0.0,0.024,8.3,17.0,39.31428571428571,0.7990000000000009,12,338,48.5,0,0.0
2015-12-05,48.5,32.3,39.1,0.0,0.0,0.0,12.2,23.7,3,48.7,35.5,27.1,28.7,0.0,0.024,8.8,13.3,41.142857142857146,0.7990000000000009,12,339,42.5,0,0.0
2015-12-06,42.5,33.1,37.9,0.063,0.063,0.0,8.1,16.3,51,48.5,41.3,32.3,31.3,0.0,0.0,12.2,8.3,42.17142857142857,0.8310000000000008,12,340,41.9,0,0.0
2015-12-07,41.9,31.1,36.7,0.0,0.0,0.0,11.7,21.9,3,42.5,48.7,33.1,27.1,0.063,0.0,8.1,8.8,42.67142857142857,0.11100000000000089,12,341,49.1,0,0.0
2015-12-08,49.1,33.6,41.4,0.0,0.0,0.0,11.2,19.2,3,41.9,48.5,31.1,32.3,0.0,0.0,11.7,12.2,43.92857142857143,0.08700000000000088,12,342,50.7,0,0.0
2015-12-09,50.7,35.0,42.3,0.0,0.0,0.0,11.9,18.8,3,49.1,42.5,33.6,33.1,0.0,0.063,11.2,8.1,46.1,0.06300000000000089,12,343,56.6,0,0.0
2015-12-10,56.6,43.2,49.9,0.0,0.0,0.0,23.5,42.3,3,50.7,41.9,35.0,31.1,0.0,0.0,11.9,11.7,48.285714285714285,0.06300000000000089,12,344,51.8,0,0.0
2015-12-11,51.8,34.2,45.1,0.0,0.0,0.0,11.6,22.1,3,56.6,49.1,43.2,33.6,0.0,0.0,23.5,11.2,48.728571428571435,0.06300000000000089,12,345,55.6,0,0.0
2015-12-12,55.6,47.2,50.9,0.118,0.118,0.0,8.0,13.6,61,51.8,50.7,34.2,35.0,0.0,0.0,11.6,11.9,49.74285714285714,0.18100000000000088,12,346,61.2,0,0.0
2015-12-13,61.2,57.3,59.0,1.484,1.484,0.0,20.2,29.1,63,55.6,56.6,47.2,43.2,0.118,0.0,8.0,23.5,52.41428571428571,1.6020000000000008,12,347,60.2,0,0.0
2015-12-14,60.2,37.4,47.4,0.689,0.689,0.0,22.9,40.9,63,61.2,51.8,57.3,34.2,1.484,0.0,20.2,11.6,55.02857142857143,2.291000000000001,12,348,44.2,0,0.0
2015-12-15,44.2,34.5,39.1,0.0,0.0,0.0,15.9,27.1,3,60.2,55.6,37.4,47.2,0.689,0.118,22.9,8.0,54.32857142857143,2.291000000000001,12,349,46.2,0,0.0
2015-12-16,46.2,31.9,40.2,0.0,0.0,0.0,23.4,43.4,3,44.2,61.2,34.5,57.3,0.0,1.484,15.9,20.2,53.68571428571429,2.291000000000001,12,350,35.3,0,0.0
2015-12-17,35.3,26.9,30.6,0.0,0.0,0.0,16.6,29.5,3,46.2,60.2,31.9,37.4,0.0,0.689,23.4,22.9,50.642857142857146,2.291000000000001,12,351,35.1,0,0.0
2015-12-18,35.1,22.2,27.3,0.0,0.0,0.0,20.1,36.2,3,35.3,44.2,26.9,34.5,0.0,0.0,16.6,15.9,48.25714285714286,2.291000000000001,12,352,32.0,0,0.0
2015-12-19,32.0,16.7,23.6,0.0,0.0,0.0,12.5,21.0,3,35.1,46.2,22.2,31.9,0.0,0.0,20.1,23.4,44.88571428571429,2.173000000000001,12,353,50.9,0,0.0
2015-12-20,50.9,30.3,42.4,0.016,0.016,0.0,16.9,30.9,51,32.0,35.3,16.7,26.9,0.0,0.0,12.5,16.6,43.41428571428571,0.7050000000000008,12,354,50.6,0,0.0
2015-12-21,50.6,35.6,43.8,0.319,0.319,0.0,11.7,24.2,61,50.9,35.1,30.3,22.2,0.016,0.0,16.9,20.1,42.042857142857144,0.3350000000000009,12,355,42.4,0,0.0
2015-12-22,42.4,25.5,34.3,0.0,0.0,0.0,17.1,29.1,3,50.6,32.0,35.6,16.7,0.319,0.0,11.7,12.5,41.785714285714285,0.3350000000000009,12,356,56.7,0,0.0
2015-12-23,56.7,35.9,45.9,0.492,0.488,0.028,21.9,42.5,71,42.4,50.9,25.5,30.3,0.0,0.016,17.1,16.9,43.285714285714285,0.8270000000000008,12,357,41.0,0,0.0
2015-12-24,41.0,28.1,35.4,0.004,0.004,0.0,17.7,30.9,51,56.7,50.6,35.9,35.6,0.492,0.319,21.9,11.7,44.1,0.8310000000000008,12,358,38.9,0,0.0
2015-12-25,38.9,25.9,31.9,0.0,0.0,0.0,13.9,22.8,3,41.0,42.4,28.1,25.5,0.004,0.0,17.7,17.1,44.642857142857146,0.8310000000000008,12,359,42.0,0,0.0
2015-12-26,42.0,33.3,37.5,0.114,0.114,0.0,15.8,27.3,61,38.9,56.7,25.9,35.9,0.0,0.492,13.9,21.9,46.07142857142857,0.945000000000001,12,360,36.8,0,0.0
2015-12-27,36.8,30.2,33.6,0.012,0.012,0.0,16.2,30.0,51,42.0,41.0,33.3,28.1,0.114,0.004,15.8,17.7,44.05714285714286,0.941000000000001,12,361,30.4,0,0.0
2015-12-28,30.4,27.4,29.4,1.65,0.76,6.228,24.9,44.1,75,36.8,38.9,30.2,25.9,0.012,0.0,16.2,13.9,41.17142857142857,2.272000000000001,12,362,28.6,0,0.0
2015-12-29,28.6,22.3,26.0,0.031,0.0,0.303,10.9,26.8,73,30.4,42.0,27.4,33.3,1.65,0.114,24.9,15.8,39.199999999999996,2.303000000000001,12,363,26.5,0,0.0
2015-12-30,26.5,18.9,22.7,0.012,0.0,0.138,8.3,14.8,71,28.6,36.8,22.3,30.2,0.031,0.012,10.9,16.2,34.885714285714286,1.8230000000000008,12,364,23.4,0,0.0
2015-12-31,23.4,13.4,19.1,0.0,0.0,0.055,11.9,19.7,71,26.5,30.4,18.9,27.4,0.012,1.65,8.3,24.9,32.37142857142857,1.8190000000000008,12,365,28.4,0,0.0
2016-01-01,28.4,12.4,21.9,0.0,0.0,0.0,15.6,26.2,3,23.4,28.6,13.4,22.3,0.0,0.031,11.9,10.9,30.87142857142857,1.8190000000000008,1,1,26.2,0,0.0
2016-01-02,26.2,10.8,18.6,0.0,0.0,0.0,11.5,19.0,0,28.4,26.5,12.4,18.9,0.0,0.012,15.6,8.3,28.614285714285717,1.7050000000000007,1,2,25.7,0,0.0
2016-01-03,25.7,18.7,22.9,0.0,0.0,0.0,11.4,19.2,3,26.2,23.4,10.8,13.4,0.0,0.0,11.5,11.9,27.02857142857143,1.6930000000000007,1,3,26.1,0,0.0
2016-01-04,26.1,8.4,18.3,0.0,0.0,0.0,8.1,14.1,3,25.7,28.4,18.7,12.4,0.0,0.0,11.4,15.6,26.414285714285715,0.043000000000000885,1,4,31.9,0,0.0
2016-01-05,31.9,8.9,21.9,0.0,0.0,0.0,12.0,20.1,3,26.1,26.2,8.4,10.8,0.0,0.0,8.1,11.5,26.885714285714283,0.012000000000000888,1,5,34.6,0,0.0
2016-01-06,34.6,24.9,29.6,0.0,0.0,0.0,11.4,19.9,3,31.9,25.7,8.9,18.7,0.0,0.0,12.0,11.4,28.04285714285714,0.0,1,6,38.4,0,0.0
2016-01-07,38.4,34.2,35.5,0.181,0.181,0.0,11.3,20.8,53,34.6,26.1,24.9,8.4,0.0,0.0,11.4,8.1,30.185714285714283,0.18100000000000088,1,7,42.0,0,0.0
2016-01-08,42.0,35.2,38.9,0.106,0.106,0.0,10.9,19.0,51,38.4,31.9,34.2,8.9,0.181,0.0,11.3,12.0,32.128571428571426,0.28700000000000087,1,8,34.6,0,0.0
2016-01-09,34.6,3.5,20.8,0.02,0.0,0.165,19.5,32.7,73,42.0,34.6,35.2,24.9,0.106,0.0,10.9,11.4,33.32857142857143,0.3070000000000009,1,9,6.4,0,0.0
2016-01-10,6.4,-5.5,1.1,0.0,0.0,0.0,16.8,30.2,3,34.6,38.4,3.5,34.2,0.02,0.181,19.5,11.3,30.571428571428573,0.3070000000000009,1,10,26.7,0,0.0
2016-01-11,26.7,4.3,16.4,0.008,0.0,0.248,13.9,27.1,71,6.4,42.0,-5.5,35.2,0.0,0.106,16.8,10.9,30.657142857142862,0.3150000000000009,1,11,21.2,0,0.0
2016-01-12,21.2,-2.2,6.0,0.02,0.0,0.138,22.3,39.6,73,26.7,34.6,4.3,3.5,0.008,0.02,13.9,19.5,29.12857142857143,0.33500000000000085,1,12,35.1,0,0.0
2016-01-13,35.1,-2.7,18.9,0.0,0.0,0.0,12.5,24.8,3,21.2,6.4,-2.2,-5.5,0.02,0.0,22.3,16.8,29.2,0.33500000000000085,1,13,49.6,0,0.0
2016-01-14,49.6,29.2,36.9,0.0,0.0,0.0,10.8,21.0,3,35.1,26.7,-2.7,4.3,0.0,0.008,12.5,13.9,30.8,0.1540000000000009,1,14,39.5,0,0.0
2016-01-15,39.5,21.6,28.4,0.0,0.0,0.0,15.8,29.1,3,49.6,21.2,29.2,-2.2,0.0,0.02,10.8,22.3,30.442857142857143,0.04800000000000089,1,15,21.2,0,0.0
2016-01-16,21.2,3.9,15.2,0.0,0.0,0.0,13.5,26.2,3,39.5,35.1,21.6,-2.7,0.0,0.0,15.8,12.5,28.528571428571432,0.02800000000000089,1,16,3.0,0,0.0
2016-01-17,3.0,-8.0,-1.8,0.0,0.0,0.028,16.1,28.2,71,21.2,49.6,3.9,29.2,0.0,0.0,13.5,10.8,28.042857142857144,0.02800000000000089,1,17,8.1,0,0.0
2016-01-18,8.1,-5.9,-0.0,0.0,0.0,0.0,10.9,22.4,2,3.0,39.5,-8.0,21.6,0.0,0.0,16.1,15.8,25.38571428571429,0.02000000000000089,1,18,16.3,0,0.0
2016-01-19,16.3,-0.6,7.6,0.055,0.0,0.413,5.6,12.8,73,8.1,21.2,-5.9,3.9,0.0,0.0,10.9,13.5,24.685714285714287,0.05500000000000089,1,19,24.3,0,0.0
2016-01-20,24.3,6.7,15.4,0.004,0.0,0.028,6.3,11.6,71,16.3,3.0,-0.6,-8.0,0.055,0.0,5.6,16.1,23.142857142857142,0.059000000000000885,1,20,29.2,0,0.0
2016-01-21,29.2,14.8,20.8,0.0,0.0,0.0,7.4,13.4,3,24.3,8.1,6.7,-5.9,0.004,0.0,6.3,10.9,20.22857142857143,0.059000000000000885,1,21,27.9,0,0.0
2016-01-22,27.9,19.5,23.4,0.0,0.0,0.083,11.9,20.1,71,29.2,16.3,14.8,-0.6,0.0,0.055,7.4,5.6,18.571428571428573,0.059000000000000885,1,22,31.0,0,0.0
2016-01-23,31.0,13.1,22.0,0.0,0.0,0.0,10.2,20.4,3,27.9,24.3,19.5,6.7,0.0,0.004,11.9,6.3,19.97142857142857,0.059000000000000885,1,23,37.6,0,0.0
2016-01-24,37.6,20.3,27.8,0.0,0.0,0.0,9.1,16.8,3,31.0,29.2,13.1,14.8,0.0,0.0,10.2,7.4,24.914285714285715,0.059000000000000885,1,24,38.2,0,0.0
2016-01-25,38.2,26.6,31.5,0.13,0.106,0.165,14.7,27.3,71,37.6,27.9,20.3,19.5,0.0,0.0,9.1,11.9,29.214285714285715,0.1890000000000009,1,25,29.0,0,0.0
2016-01-26,29.0,23.3,26.1,0.0,0.0,0.055,18.8,32.4,71,38.2,31.0,26.6,13.1,0.13,0.0,14.7,10.2,31.02857142857143,0.1340000000000009,1,26,40.2,0,0.0
2016-01-27,40.2,21.9,30.3,0.0,0.0,0.0,16.3,30.0,3,29.0,37.6,23.3,20.3,0.0,0.0,18.8,9.1,33.3,0.1300000000000009,1,27,40.1,0,0.0
2016-01-28,40.1,30.0,34.0,0.0,0.0,0.0,19.1,34.2,3,40.2,38.2,21.9,26.6,0.0,0.13,16.3,14.7,34.857142857142854,0.1300000000000009,1,28,41.3,0,0.0
2016-01-29,41.3,24.8,32.2,0.0,0.0,0.0,15.0,28.0,3,40.1,29.0,30.0,23.3,0.0,0.0,19.1,18.8,36.771428571428565,0.1300000000000009,1,29,48.0,0,0.0
2016-01-30,48.0,27.8,37.5,0.008,0.008,0.0,10.4,21.5,51,41.3,40.2,24.8,21.9,0.0,0.0,15.0,16.3,39.199999999999996,0.1380000000000009,1,30,43.9,0,0.0
2016-01-31,43.9,31.5,35.9,0.047,0.047,0.0,12.4,23.7,53,48.0,40.1,27.8,30.0,0.008,0.0,10.4,19.1,40.1,0.18500000000000089,1,31,44.8,0,0.0
2016-02-01,44.8,25.4,33.7,0.004,0.004,0.0,7.4,12.3,51,43.9,41.3,31.5,24.8,0.047,0.0,12.4,15.0,41.042857142857144,0.059000000000000885,2,32,36.5,0,0.0
2016-02-02,36.5,31.9,34.2,0.398,0.331,0.524,24.2,52.1,73,44.8,48.0,25.4,27.8,0.004,0.008,7.4,10.4,42.114285714285714,0.4570000000000009,2,33,33.7,0,0.0
2016-02-03,33.7,18.2,27.5,0.106,0.071,0.303,20.2,38.0,73,36.5,43.9,31.9,31.5,0.398,0.047,24.2,12.4,41.18571428571429,0.5630000000000009,2,34,38.5,0,0.0
2016-02-04,38.5,15.1,24.6,0.008,0.004,0.028,12.8,24.4,71,33.7,44.8,18.2,25.4,0.106,0.004,20.2,7.4,40.957142857142856,0.571000000000001,2,35,31.2,0,0.0
2016-02-05,31.2,22.3,26.1,0.0,0.0,0.0,10.9,21.0,3,38.5,36.5,15.1,31.9,0.008,0.398,12.8,24.2,39.51428571428571,0.571000000000001,2,36,43.9,0,0.0
2016-02-06,43.9,23.3,32.6,0.0,0.0,0.0,11.2,20.4,3,31.2,33.7,22.3,18.2,0.0,0.106,10.9,20.2,38.92857142857143,0.5630000000000009,2,37,46.3,0,0.0
2016-02-07,46.3,31.0,38.0,0.0,0.0,0.028,18.7,34.7,71,43.9,38.5,23.3,15.1,0.0,0.008,11.2,12.8,39.271428571428565,0.5160000000000009,2,38,31.8,0,0.0
2016-02-08,31.8,15.7,20.8,0.039,0.0,0.551,22.2,36.5,73,46.3,31.2,31.0,22.3,0.0,0.0,18.7,10.9,37.41428571428571,0.5510000000000008,2,39,16.1,0,0.0
2016-02-09,16.1,9.9,13.3,0.016,0.0,0.193,18.9,35.6,71,31.8,43.9,15.7,23.3,0.039,0.0,22.2,11.2,34.5,0.16900000000000087,2,40,19.4,0,0.0
2016-02-10,19.4,5.9,12.1,0.0,0.0,0.0,11.8,22.6,3,16.1,46.3,9.9,31.0,0.016,0.0,18.9,18.7,32.45714285714286,0.06300000000000089,2,41,23.1,0,0.0
2016-02-11,23.1,6.2,15.3,0.0,0.0,0.0,7.2,13.2,3,19.4,31.8,5.9,15.7,0.0,0.039,11.8,22.2,30.257142857142856,0.05500000000000089,2,42,21.7,0,0.0
2016-02-12,21.7,7.4,16.7,0.0,0.0,0.0,19.5,36.2,3,23.1,16.1,6.2,9.9,0.0,0.016,7.2,18.9,28.9,0.05500000000000089,2,43,19.4,0,0.0
2016-02-13,19.4,2.9,11.4,0.0,0.0,0.0,10.7,20.4,3,21.7,19.4,7.4,5.9,0.0,0.0,19.5,11.8,25.4,0.05500000000000089,2,44,21.6,0,0.0
2016-02-14,21.6,16.6,19.3,0.205,0.0,1.571,16.1,29.3,73,19.4,23.1,2.9,6.2,0.0,0.0,10.7,7.2,21.87142857142857,0.2600000000000009,2,45,34.2,0,0.0
2016-02-15,34.2,20.7,26.3,0.0,0.0,0.083,8.4,15.0,71,21.6,21.7,16.6,7.4,0.205,0.0,16.1,19.5,22.214285714285715,0.22100000000000086,2,46,36.3,0,0.0
2016-02-16,36.3,25.0,30.0,0.079,0.004,0.551,11.8,21.0,73,34.2,19.4,20.7,2.9,0.0,0.0,8.4,10.7,25.1,0.28400000000000086,2,47,34.7,0,0.0
2016-02-17,34.7,24.4,29.0,0.0,0.0,0.0,8.7,14.3,3,36.3,21.6,25.0,16.6,0.079,0.205,11.8,16.1,27.285714285714285,0.28400000000000086,2,48,47.2,0,0.0
2016-02-18,47.2,26.6,37.0,0.0,0.0,0.0,19.5,36.5,3,34.7,34.2,24.4,20.7,0.0,0.0,8.7,8.4,30.72857142857143,0.28400000000000086,2,49,59.2,0,0.0
2016-02-19,59.2,45.4,52.4,0.0,0.0,0.0,31.5,55.9,3,47.2,36.3,26.6,25.0,0.0,0.079,19.5,11.8,36.08571428571428,0.28400000000000086,2,50,55.0,0,0.0
2016-02-20,55.0,34.6,45.8,0.0,0.0,0.0,18.0,26.4,3,59.2,34.7,45.4,24.4,0.0,0.0,31.5,8.7,41.17142857142857,0.28400000000000086,2,51,44.3,0,0.0
2016-02-21,44.3,29.4,36.3,0.0,0.0,0.0,9.1,19.5,3,55.0,47.2,34.6,26.6,0.0,0.0,18.0,19.5,44.41428571428572,0.07900000000000089,2,52,43.9,0,0.0
2016-02-22,43.9,25.8,33.9,0.0,0.0,0.0,7.1,10.5,3,44.3,59.2,29.4,45.4,0.0,0.0,9.1,31.5,45.8,0.07900000000000089,2,53,46.1,0,0.0
2016-02-23,46.1,29.9,37.4,0.0,0.0,0.0,6.7,12.5,3,43.9,55.0,25.8,34.6,0.0,0.0,7.1,18.0,47.2,0.0,2,54,43.0,0,0.0
2016-02-24,43.0,33.6,36.9,0.004,0.004,0.0,20.1,36.0,51,46.1,44.3,29.9,29.4,0.0,0.0,6.7,9.1,48.385714285714286,0.004000000000000888,2,55,39.7,0,0.0
2016-02-25,39.7,28.8,33.4,0.0,0.0,0.0,18.9,31.8,3,43.0,43.9,33.6,25.8,0.004,0.0,20.1,7.1,47.31428571428571,0.004000000000000888,2,56,43.1,0,0.0
2016-02-26,43.1,26.8,33.3,0.0,0.0,0.0,10.2,19.2,3,39.7,46.1,28.8,29.9,0.0,0.0,18.9,6.7,45.01428571428572,0.004000000000000888,2,57,61.6,0,0.0
2016-02-27,61.6,28.5,44.1,0.0,0.0,0.0,16.9,29.3,3,43.1,43.0,26.8,33.6,0.0,0.004,10.2,20.1,45.957142857142856,0.004000000000000888,2,58,62.3,0,0.0
2016-02-28,62.3,37.4,51.0,0.0,0.0,0.0,21.6,41.4,3,61.6,39.7,28.5,28.8,0.0,0.0,16.9,18.9,48.528571428571425,0.004000000000000888,2,59,56.5,0,0.0
2016-02-29,56.5,30.1,40.8,0.063,0.059,0.028,15.4,25.3,71,62.3,43.1,37.4,26.8,0.0,0.0,21.6,10.2,50.32857142857143,0.06700000000000089,2,60,31.3,0,0.0
2016-03-01,31.3,21.7,27.2,0.079,0.047,0.303,17.1,31.8,71,56.5,61.6,30.1,28.5,0.063,0.0,15.4,16.9,48.214285714285715,0.1460000000000009,3,61,34.4,0,0.0
2016-03-02,34.4,16.2,25.3,0.024,0.0,0.22,9.6,17.2,73,31.3,62.3,21.7,37.4,0.079,0.0,17.1,21.6,46.98571428571428,0.1660000000000009,3,62,40.4,0,0.0
2016-03-03,40.4,28.4,33.2,0.114,0.0,0.827,11.1,22.1,73,34.4,56.5,16.2,30.1,0.024,0.063,9.6,15.4,47.08571428571429,0.2800000000000009,3,63,41.9,0,0.0
2016-03-04,41.9,23.1,32.5,0.016,0.016,0.0,12.2,24.8,51,40.4,31.3,28.4,21.7,0.114,0.079,11.1,17.1,46.91428571428571,0.2960000000000009,3,64,43.6,0,0.0
2016-03-05,43.6,27.6,36.1,0.0,0.0,0.0,14.5,28.6,3,41.9,34.4,23.1,16.2,0.016,0.024,12.2,9.6,44.34285714285715,0.2960000000000009,3,65,59.2,0,0.0
2016-03-06,59.2,28.0,42.6,0.0,0.0,0.0,17.8,32.7,3,43.6,40.4,27.6,28.4,0.0,0.114,14.5,11.1,43.9,0.2960000000000009,3,66,66.2,0,0.0
2016-03-07,66.2,47.5,56.2,0.016,0.016,0.0,15.4,26.4,51,59.2,41.9,28.0,23.1,0.0,0.016,17.8,12.2,45.285714285714285,0.2490000000000009,3,67,69.8,0,0.0
2016-03-08,69.8,57.6,62.4,0.189,0.189,0.0,21.2,37.6,61,66.2,43.6,47.5,27.6,0.016,0.0,15.4,14.5,50.785714285714285,0.3590000000000009,3,68,57.7,0,0.0
2016-03-09,57.7,42.2,51.0,0.232,0.232,0.0,11.4,22.8,61,69.8,59.2,57.6,28.0,0.189,0.0,21.2,17.8,54.114285714285714,0.567000000000001,3,69,56.0,0,0.0
2016-03-10,56.0,39.2,45.6,0.0,0.0,0.0,8.1,17.9,3,57.7,66.2,42.2,47.5,0.232,0.016,11.4,15.4,56.34285714285714,0.45300000000000096,3,70,61.6,0,0.0
2016-03-11,61.6,34.2,46.8,0.0,0.0,0.0,9.5,19.7,3,56.0,69.8,39.2,57.6,0.0,0.189,8.1,21.2,59.15714285714286,0.43700000000000094,3,71,58.8,0,0.0
2016-03-12,58.8,37.5,48.4,0.118,0.118,0.0,8.3,17.0,55,61.6,57.7,34.2,42.2,0.0,0.232,9.5,11.4,61.32857142857142,0.5550000000000009,3,72,53.6,0,0.0
2016-03-13,53.6,48.1,50.3,0.071,0.071,0.0,11.1,18.8,53,58.8,56.0,37.5,39.2,0.118,0.0,8.3,8.1,60.528571428571425,0.6260000000000009,3,73,59.4,0,0.0
2016-03-14,59.4,47.2,52.8,0.0,0.0,0.0,9.0,13.6,3,53.6,61.6,48.1,34.2,0.071,0.0,11.1,9.5,59.55714285714286,0.6100000000000009,3,74,65.6,0,0.0
2016-03-15,65.6,49.1,55.6,0.933,0.933,0.0,15.5,32.7,63,59.4,58.8,47.2,37.5,0.0,0.118,9.0,8.3,58.957142857142856,1.354000000000001,3,75,57.5,0,0.0
2016-03-16,57.5,45.7,50.4,0.024,0.024,0.0,24.0,47.2,51,65.6,53.6,49.1,48.1,0.933,0.071,15.5,11.1,58.92857142857143,1.146000000000001,3,76,56.0,0,0.0
2016-03-17,56.0,39.5,47.1,0.0,0.0,0.0,17.1,36.0,3,57.5,59.4,45.7,47.2,0.024,0.0,24.0,9.0,58.92857142857143,1.146000000000001,3,77,45.5,0,0.0
2016-03-18,45.5,29.8,37.4,0.0,0.0,0.0,10.5,21.3,3,56.0,65.6,39.5,49.1,0.0,0.933,17.1,15.5,56.628571428571426,1.146000000000001,3,78,42.2,0,0.0
2016-03-19,42.2,25.0,34.1,0.039,0.035,0.028,5.8,11.6,71,45.5,57.5,29.8,45.7,0.0,0.024,10.5,24.0,54.25714285714286,1.0670000000000008,3,79,44.7,0,0.0
2016-03-20,44.7,29.7,37.5,0.0,0.0,0.0,14.3,25.9,3,42.2,56.0,25.0,39.5,0.039,0.0,5.8,17.1,52.98571428571428,0.9960000000000009,3,80,53.5,0,0.0
2016-03-21,53.5,28.1,41.8,0.0,0.0,0.0,15.2,27.3,3,44.7,45.5,29.7,29.8,0.0,0.0,14.3,10.5,52.142857142857146,0.9960000000000009,3,81,62.0,0,0.0
2016-03-22,62.0,45.1,52.1,0.0,0.0,0.0,13.7,27.1,3,53.5,42.2,28.1,25.0,0.0,0.039,15.2,5.8,51.628571428571426,0.06300000000000089,3,82,48.0,0,0.0
2016-03-23,48.0,37.3,42.7,0.339,0.339,0.0,18.2,33.6,63,62.0,44.7,45.1,29.7,0.0,0.0,13.7,14.3,50.271428571428565,0.3780000000000009,3,83,40.0,0,0.0
2016-03-24,40.0,32.3,36.1,0.449,0.291,1.13,17.6,36.5,75,48.0,53.5,37.3,28.1,0.339,0.0,18.2,15.2,47.98571428571428,0.8270000000000008,3,84,50.5,0,0.0
2016-03-25,50.5,24.7,38.3,0.0,0.0,0.0,9.5,19.5,3,40.0,62.0,32.3,45.1,0.449,0.0,17.6,13.7,48.699999999999996,0.8270000000000008,3,85,53.2,0,0.0
2016-03-26,53.2,35.2,44.7,0.043,0.043,0.0,11.2,25.3,51,50.5,48.0,24.7,37.3,0.0,0.339,9.5,18.2,50.27142857142858,0.8310000000000008,3,86,47.3,0,0.0
2016-03-27,47.3,38.3,43.3,0.15,0.15,0.0,14.4,24.4,61,53.2,40.0,35.2,32.3,0.043,0.449,11.2,17.6,50.642857142857146,0.9810000000000009,3,87,55.8,0,0.0
2016-03-28,55.8,31.5,44.0,0.0,0.0,0.0,9.0,14.8,2,47.3,50.5,38.3,24.7,0.15,0.0,14.4,9.5,50.971428571428575,0.9810000000000009,3,88,59.9,0,0.0
2016-03-29,59.9,37.0,48.5,0.0,0.0,0.0,16.5,29.5,3,55.8,53.2,31.5,35.2,0.0,0.043,9.0,11.2,50.67142857142857,0.9810000000000009,3,89,62.9,0,0.0
2016-03-30,62.9,45.5,54.1,0.5,0.5,0.0,17.8,31.5,63,59.9,47.3,37.0,38.3,0.0,0.15,16.5,14.4,52.800000000000004,1.1420000000000008,3,90,58.6,0,0.0
2016-03-31,58.6,43.1,53.6,0.272,0.272,0.0,19.2,32.2,61,62.9,55.8,45.5,31.5,0.5,0.0,17.8,9.0,55.45714285714286,0.9650000000000009,3,91,49.6,0,0.0
2016-04-01,49.6,35.6,42.9,0.224,0.224,0.0,19.6,34.9,53,58.6,59.9,43.1,37.0,0.272,0.0,19.2,16.5,55.32857142857143,1.189000000000001,4,92,41.8,0,0.0
2016-04-02,41.8,32.2,37.3,0.0,0.0,0.0,29.0,50.1,3,49.6,62.9,35.6,45.5,0.224,0.5,19.6,17.8,53.699999999999996,1.1460000000000008,4,93,72.9,0,0.0
2016-04-03,72.9,29.4,51.6,0.016,0.016,0.0,23.8,42.7,51,41.8,58.6,32.2,43.1,0.0,0.272,29.0,19.2,57.357142857142854,1.012000000000001,4,94,54.6,0,0.0
2016-04-04,54.6,35.6,43.1,0.0,0.0,0.0,13.3,24.8,3,72.9,49.6,29.4,35.6,0.016,0.224,23.8,19.6,57.18571428571429,1.012000000000001,4,95,45.8,0,0.0
2016-04-05,45.8,29.1,38.3,0.142,0.142,0.0,19.0,41.4,61,54.6,41.8,35.6,32.2,0.0,0.0,13.3,29.0,55.17142857142857,1.1540000000000008,4,96,55.2,0,0.0
2016-04-06,55.2,41.8,48.5,0.504,0.504,0.0,18.6,40.3,63,45.8,72.9,29.1,29.4,0.142,0.016,19.0,23.8,54.07142857142857,1.1580000000000008,4,97,48.3,0,0.0
2016-04-07,48.3,35.5,42.0,0.012,0.012,0.0,16.0,29.1,51,55.2,54.6,41.8,35.6,0.504,0.0,18.6,13.3,52.6,0.8980000000000009,4,98,43.8,0,0.0
2016-04-08,43.8,32.0,38.3,0.004,0.004,0.0,25.0,44.7,51,48.3,45.8,35.5,29.1,0.012,0.142,16.0,19.0,51.77142857142858,0.6780000000000009,4,99,43.5,0,0.0
2016-04-09,43.5,23.0,34.0,0.0,0.0,0.0,15.8,26.8,2,43.8,55.2,32.0,41.8,0.004,0.504,25.0,18.6,52.01428571428572,0.6780000000000009,4,100,62.7,0,0.0
2016-04-10,62.7,38.2,50.5,0.126,0.126,0.0,16.0,30.9,55,43.5,48.3,23.0,35.5,0.0,0.012,15.8,16.0,50.557142857142864,0.7880000000000009,4,101,48.9,0,0.0
2016-04-11,48.9,35.6,42.8,0.0,0.0,0.0,17.4,33.6,3,62.7,43.8,38.2,32.0,0.126,0.004,16.0,25.0,49.74285714285714,0.7880000000000009,4,102,52.1,0,0.0
2016-04-12,52.1,26.7,40.3,0.0,0.0,0.0,9.0,16.6,0,48.9,43.5,35.6,23.0,0.0,0.0,17.4,15.8,50.642857142857146,0.6460000000000009,4,103,61.6,0,0.0
2016-04-13,61.6,37.5,49.1,0.0,0.0,0.0,12.8,25.5,2,52.1,62.7,26.7,38.2,0.0,0.126,9.0,16.0,51.55714285714286,0.1420000000000009,4,104,64.6,0,0.0
2016-04-14,64.6,40.6,53.0,0.0,0.0,0.0,12.2,23.9,2,61.6,48.9,37.5,35.6,0.0,0.0,12.8,17.4,53.885714285714286,0.1300000000000009,4,105,72.5,0,0.0
2016-04-15,72.5,44.9,58.4,0.0,0.0,0.0,14.1,28.0,3,64.6,52.1,40.6,26.7,0.0,0.0,12.2,9.0,57.98571428571428,0.1260000000000009,4,106,75.7,0,0.0
2016-04-16,75.7,53.3,64.3,0.0,0.0,0.0,15.2,28.2,3,72.5,61.6,44.9,37.5,0.0,0.0,14.1,12.8,62.58571428571428,0.1260000000000009,4,107,75.9,0,0.0
2016-04-17,75.9,54.4,65.4,0.0,0.0,0.0,12.4,24.6,3,75.7,64.6,53.3,40.6,0.0,0.0,15.2,12.2,64.47142857142858,0.0,4,108,77.4,0,0.0
2016-04-18,77.4,53.7,65.5,0.059,0.059,0.0,12.4,23.5,53,75.9,72.5,54.4,44.9,0.0,0.0,12.4,14.1,68.54285714285714,0.059000000000000885,4,109,63.5,0,0.0
2016-04-19,63.5,51.5,59.3,0.402,0.402,0.0,10.8,19.5,61,77.4,75.7,53.7,53.3,0.059,0.0,12.4,15.2,70.17142857142856,0.4610000000000009,4,110,67.7,0,0.0
2016-04-20,67.7,48.8,57.4,0.138,0.138,0.0,18.0,38.7,53,63.5,75.9,51.5,54.4,0.402,0.0,10.8,12.4,71.04285714285716,0.5990000000000009,4,111,65.1,0,0.0
2016-04-21,65.1,46.4,55.3,0.366,0.366,0.0,9.1,19.5,63,67.7,77.4,48.8,53.7,0.138,0.059,18.0,12.4,71.11428571428571,0.965000000000001,4,112,61.5,0,0.0
2016-04-22,61.5,50.0,56.1,0.0,0.0,0.0,13.7,25.7,3,65.1,63.5,46.4,51.5,0.366,0.402,9.1,10.8,69.54285714285714,0.965000000000001,4,113,65.1,0,0.0
2016-04-23,65.1,48.7,56.8,0.0,0.0,0.0,11.3,21.5,3,61.5,67.7,50.0,48.8,0.0,0.138,13.7,18.0,68.02857142857144,0.965000000000001,4,114,77.2,0,0.0
2016-04-24,77.2,51.6,64.7,0.0,0.0,0.0,16.6,30.6,3,65.1,65.1,48.7,46.4,0.0,0.366,11.3,9.1,68.21428571428571,0.965000000000001,4,115,75.8,0,0.0
2016-04-25,75.8,60.9,67.5,0.02,0.02,0.0,17.5,30.0,53,77.2,61.5,51.6,50.0,0.0,0.0,16.6,13.7,67.98571428571428,0.9260000000000009,4,116,68.0,0,0.0
2016-04-26,68.0,50.9,59.6,0.0,0.0,0.0,16.2,29.8,3,75.8,65.1,60.9,48.7,0.02,0.0,17.5,11.3,68.62857142857142,0.5240000000000009,4,117,54.7,0,0.0
2016-04-27,54.7,45.1,49.1,0.35,0.35,0.0,21.3,36.9,63,68.0,77.2,50.9,51.6,0.0,0.0,16.2,16.6,66.77142857142857,0.7360000000000009,4,118,58.5,0,0.0
2016-04-28,58.5,48.0,53.1,0.161,0.161,0.0,14.1,25.5,61,54.7,75.8,45.1,60.9,0.35,0.02,21.3,17.5,65.82857142857144,0.5310000000000009,4,119,54.8,0,0.0
2016-04-29,54.8,44.2,49.6,0.0,0.0,0.0,12.9,20.8,3,58.5,68.0,48.0,50.9,0.161,0.0,14.1,16.2,64.87142857142858,0.5310000000000009,4,120,50.4,0,0.0
2016-04-30,50.4,44.1,47.1,0.933,0.933,0.0,19.4,34.0,63,54.8,54.7,44.2,45.1,0.0,0.35,12.9,21.3,62.771428571428565,1.4640000000000009,4,121,51.1,0,0.0
2016-05-01,51.1,44.6,47.6,0.327,0.327,0.0,13.2,25.1,61,50.4,58.5,44.1,48.0,0.933,0.161,19.4,14.1,59.04285714285714,1.791000000000001,5,122,60.1,0,0.0
2016-05-02,60.1,45.9,52.3,0.004,0.004,0.0,9.1,19.5,51,51.1,54.8,44.6,44.2,0.327,0.0,13.2,12.9,56.800000000000004,1.775000000000001,5,123,65.3,0,0.0
2016-05-03,65.3,45.5,55.9,0.035,0.035,0.0,14.6,26.2,53,60.1,50.4,45.9,44.1,0.004,0.933,9.1,19.4,56.41428571428572,1.810000000000001,5,124,61.5,0,0.0
2016-05-04,61.5,47.6,54.5,0.035,0.035,0.0,19.8,36.5,53,65.3,51.1,45.5,44.6,0.035,0.327,14.6,13.2,57.385714285714286,1.495000000000001,5,125,64.9,0,0.0
2016-05-05,64.9,40.9,53.1,0.0,0.0,0.0,8.5,16.1,0,61.5,60.1,47.6,45.9,0.035,0.004,19.8,9.1,58.300000000000004,1.334000000000001,5,126,79.7,0,0.0
2016-05-06,79.7,48.4,63.8,0.0,0.0,0.0,13.6,23.9,2,64.9,65.3,40.9,45.5,0.0,0.035,8.5,14.6,61.85714285714287,1.334000000000001,5,127,70.0,0,0.0
2016-05-07,70.0,55.1,65.1,0.0,0.0,0.0,14.7,25.7,3,79.7,61.5,48.4,47.6,0.0,0.035,13.6,19.8,64.65714285714286,0.4010000000000009,5,128,68.0,0,0.0
2016-05-08,68.0,49.1,58.1,0.012,0.012,0.0,10.2,20.8,51,70.0,64.9,55.1,40.9,0.0,0.0,14.7,8.5,67.07142857142857,0.0860000000000009,5,129,67.5,0,0.0
2016-05-09,67.5,54.7,60.9,0.579,0.579,0.0,16.8,32.9,63,68.0,79.7,49.1,48.4,0.012,0.0,10.2,13.6,68.12857142857143,0.6610000000000008,5,130,71.0,0,0.0
2016-05-10,71.0,57.2,62.7,0.394,0.394,0.0,11.2,19.0,61,67.5,70.0,54.7,55.1,0.579,0.0,16.8,14.7,68.94285714285715,1.020000000000001,5,131,72.4,0,0.0
2016-05-11,72.4,54.9,62.7,0.201,0.201,0.0,10.5,25.5,61,71.0,68.0,57.2,49.1,0.394,0.012,11.2,10.2,70.5,1.1860000000000008,5,132,65.6,0,0.0
2016-05-12,65.6,53.2,59.7,0.051,0.051,0.0,18.2,33.3,55,72.4,67.5,54.9,54.7,0.201,0.579,10.5,16.8,70.60000000000001,1.237000000000001,5,133,69.9,0,0.0
2016-05-13,69.9,44.1,54.1,0.28,0.28,0.0,18.7,33.1,63,65.6,71.0,53.2,57.2,0.051,0.394,18.2,11.2,69.2,1.5170000000000008,5,134,53.3,0,0.0
2016-05-14,53.3,38.6,45.8,0.0,0.0,0.0,18.8,34.0,3,69.9,72.4,44.1,54.9,0.28,0.201,18.7,10.5,66.81428571428572,1.5170000000000008,5,135,60.2,0,0.0
2016-05-15,60.2,38.3,50.0,0.0,0.0,0.0,10.6,20.8,3,53.3,65.6,38.6,53.2,0.0,0.051,18.8,18.2,65.7,1.5050000000000008,5,136,63.2,0,0.0
2016-05-16,63.2,47.3,55.0,0.0,0.0,0.0,12.7,23.5,3,60.2,69.9,38.3,44.1,0.0,0.28,10.6,18.7,65.08571428571429,0.9260000000000009,5,137,62.3,0,0.0
2016-05-17,62.3,44.6,54.3,0.035,0.035,0.0,11.2,23.7,53,63.2,53.3,47.3,38.6,0.0,0.0,12.7,18.8,63.84285714285714,0.567000000000001,5,138,65.1,0,0.0
2016-05-18,65.1,41.5,55.2,0.0,0.0,0.0,6.8,18.8,3,62.3,60.2,44.6,38.3,0.035,0.0,11.2,10.6,62.800000000000004,0.3660000000000009,5,139,68.8,0,0.0
2016-05-19,68.8,43.2,57.6,0.0,0.0,0.0,9.8,19.2,3,65.1,63.2,41.5,47.3,0.0,0.0,6.8,12.7,63.25714285714285,0.31500000000000095,5,140,67.5,0,0.0
2016-05-20,67.5,51.7,58.7,0.0,0.0,0.0,9.4,18.1,3,68.8,62.3,43.2,44.6,0.0,0.035,9.8,11.2,62.91428571428571,0.03500000000000089,5,141,73.8,0,0.0
2016-05-21,73.8,44.7,61.0,0.0,0.0,0.0,6.0,12.5,0,67.5,65.1,51.7,41.5,0.0,0.0,9.4,6.8,65.84285714285714,0.03500000000000089,5,142,77.9,0,0.0
2016-05-22,77.9,51.1,65.9,0.0,0.0,0.0,7.2,15.4,0,73.8,68.8,44.7,43.2,0.0,0.0,6.0,9.8,68.37142857142858,0.03500000000000089,5,143,80.2,0,0.0
2016-05-23,80.2,56.2,69.3,0.0,0.0,0.0,14.5,27.5,3,77.9,67.5,51.1,51.7,0.0,0.0,7.2,9.4,70.8,0.03500000000000089,5,144,78.2,0,0.0
2016-05-24,78.2,62.8,70.9,0.094,0.094,0.0,11.5,23.9,61,80.2,73.8,56.2,44.7,0.0,0.0,14.5,6.0,73.07142857142857,0.09400000000000089,5,145,79.3,0,0.0
2016-05-25,79.3,64.2,70.7,0.394,0.394,0.0,12.3,28.9,63,78.2,77.9,62.8,51.1,0.094,0.0,11.5,7.2,75.10000000000001,0.4880000000000009,5,146,82.8,0,0.0
2016-05-26,82.8,64.0,73.1,0.26,0.26,0.0,12.6,25.3,63,79.3,80.2,64.2,56.2,0.394,0.0,12.3,14.5,77.10000000000001,0.7480000000000009,5,147,77.9,0,0.0
2016-05-27,77.9,66.1,71.8,0.319,0.319,0.0,15.3,30.9,61,82.8,78.2,64.0,62.8,0.26,0.094,12.6,11.5,78.58571428571429,1.0670000000000008,5,148,76.8,0,0.0
2016-05-28,76.8,66.2,70.5,0.913,0.913,0.0,17.9,36.7,63,77.9,79.3,66.1,64.2,0.319,0.394,15.3,12.3,79.01428571428572,1.9800000000000009,5,149,77.9,0,0.0
2016-05-29,77.9,62.1,69.8,0.0,0.0,0.0,11.5,25.7,2,76.8,82.8,66.2,64.0,0.913,0.26,17.9,12.6,79.01428571428572,1.9800000000000009,5,150,82.4,0,0.0
2016-05-30,82.4,61.2,72.2,0.0,0.0,0.0,6.8,17.7,3,77.9,77.9,62.1,66.1,0.0,0.319,11.5,15.3,79.32857142857142,1.9800000000000009,5,151,78.8,0,0.0
2016-05-31,78.8,61.5,70.2,0.244,0.244,0.0,10.7,23.3,61,82.4,76.8,61.2,66.2,0.0,0.913,6.8,17.9,79.41428571428571,2.130000000000001,5,152,76.9,0,0.0
2016-06-01,76.9,62.6,68.8,0.193,0.193,0.0,11.5,22.4,61,78.8,77.9,61.5,62.1,0.244,0.0,10.7,11.5,79.07142857142857,1.929000000000001,6,153,75.8,0,0.0
2016-06-02,75.8,55.5,67.3,0.0,0.0,0.0,8.8,18.8,0,76.9,82.4,62.6,61.2,0.193,0.0,11.5,6.8,78.07142857142857,1.669000000000001,6,154,81.6,0,0.0
2016-06-03,81.6,59.1,70.8,0.0,0.0,0.0,12.6,22.1,3,75.8,78.8,55.5,61.5,0.0,0.244,8.8,10.7,78.60000000000001,1.350000000000001,6,155,76.9,0,0.0
2016-06-04,76.9,64.1,70.1,0.362,0.362,0.0,11.2,21.0,63,81.6,76.9,59.1,62.6,0.0,0.193,12.6,11.5,78.61428571428571,0.7990000000000008,6,156,77.1,0,0.0
2016-06-05,77.1,60.5,68.8,0.0,0.0,0.0,15.1,29.1,3,76.9,75.8,64.1,55.5,0.362,0.0,11.2,8.8,78.5,0.7990000000000008,6,157,76.0,0,0.0
2016-06-06,76.0,59.4,67.7,0.0,0.0,0.0,19.2,34.2,1,77.1,81.6,60.5,59.1,0.0,0.0,15.1,12.6,77.58571428571429,0.7990000000000008,6,158,69.4,0,0.0
2016-06-07,69.4,55.0,62.7,0.0,0.0,0.0,11.9,22.8,1,76.0,76.9,59.4,64.1,0.0,0.362,19.2,11.2,76.24285714285715,0.5550000000000008,6,159,77.1,0,0.0
2016-06-08,77.1,52.0,66.0,0.0,0.0,0.0,6.4,13.6,3,69.4,77.1,55.0,60.5,0.0,0.0,11.9,15.1,76.27142857142857,0.3620000000000009,6,160,87.8,0,0.0
2016-06-09,87.8,64.5,75.4,0.008,0.008,0.0,11.1,23.7,51,77.1,76.0,52.0,59.4,0.0,0.0,6.4,19.2,77.98571428571428,0.3700000000000009,6,161,90.4,0,0.0
2016-06-10,90.4,70.8,80.6,0.0,0.0,0.0,15.7,29.5,3,87.8,69.4,64.5,55.0,0.008,0.0,11.1,11.9,79.24285714285713,0.3700000000000009,6,162,87.8,0,0.0
2016-06-11,87.8,73.4,80.7,0.012,0.012,0.0,11.0,21.5,51,90.4,77.1,70.8,52.0,0.0,0.0,15.7,6.4,80.8,0.02000000000000089,6,163,82.3,0,0.0
2016-06-12,82.3,70.3,76.0,0.161,0.161,0.0,12.3,23.3,63,87.8,87.8,73.4,64.5,0.012,0.008,11.0,11.1,81.54285714285713,0.18100000000000088,6,164,87.8,0,0.0
2016-06-13,87.8,65.9,76.0,0.165,0.165,0.0,10.2,16.8,61,82.3,90.4,70.3,70.8,0.161,0.0,12.3,15.7,83.22857142857141,0.34600000000000086,6,165,87.8,0,0.0
2016-06-14,87.8,72.4,78.8,0.768,0.768,0.0,12.3,23.0,63,87.8,87.8,65.9,73.4,0.165,0.012,10.2,11.0,85.85714285714286,1.1140000000000008,6,166,91.2,0,0.0
2016-06-15,91.2,70.6,80.6,0.012,0.012,0.0,12.7,23.7,51,87.8,82.3,72.4,70.3,0.768,0.161,12.3,12.3,87.87142857142855,1.1260000000000008,6,167,82.1,0,0.0
2016-06-16,82.1,65.2,74.1,0.0,0.0,0.0,11.8,20.8,3,91.2,87.8,70.6,65.9,0.012,0.165,12.7,10.2,87.05714285714285,1.1180000000000008,6,168,83.3,0,0.0
2016-06-17,83.3,62.3,73.1,0.0,0.0,0.0,10.1,18.1,3,82.1,87.8,65.2,72.4,0.0,0.768,11.8,12.3,86.04285714285716,1.1180000000000008,6,169,85.1,0,0.0
2016-06-18,85.1,65.3,75.8,0.0,0.0,0.0,8.1,17.2,3,83.3,91.2,62.3,70.6,0.0,0.012,10.1,12.7,85.65714285714284,1.1060000000000008,6,170,88.7,0,0.0
2016-06-19,88.7,65.5,78.0,0.0,0.0,0.0,12.7,23.0,1,85.1,82.1,65.3,65.2,0.0,0.0,8.1,11.8,86.57142857142857,0.9450000000000008,6,171,87.8,0,0.0
2016-06-20,87.8,73.0,79.8,0.0,0.0,0.0,13.2,26.8,3,88.7,83.3,65.5,62.3,0.0,0.0,12.7,10.1,86.57142857142857,0.7800000000000009,6,172,82.8,0,0.0
2016-06-21,82.8,64.8,74.0,0.0,0.0,0.0,6.7,15.7,3,87.8,85.1,73.0,65.3,0.0,0.0,13.2,8.1,85.85714285714286,0.012000000000000888,6,173,89.3,0,0.0
2016-06-22,89.3,67.1,77.7,1.52,1.52,0.0,12.9,28.4,65,82.8,88.7,64.8,65.5,0.0,0.0,6.7,12.7,85.58571428571429,1.520000000000001,6,174,77.7,0,0.0
2016-06-23,77.7,66.8,72.6,0.0,0.0,0.0,13.6,26.4,3,89.3,87.8,67.1,73.0,1.52,0.0,12.9,13.2,84.95714285714284,1.520000000000001,6,175,82.0,0,0.0
2016-06-24,82.0,62.6,72.6,0.0,0.0,0.0,7.9,14.1,3,77.7,82.8,66.8,64.8,0.0,0.0,13.6,6.7,84.77142857142857,1.520000000000001,6,176,90.5,0,0.0
2016-06-25,90.5,70.4,80.4,0.0,0.0,0.0,13.3,28.9,3,82.0,89.3,62.6,67.1,0.0,1.52,7.9,12.9,85.54285714285713,1.520000000000001,6,177,86.8,0,0.0
2016-06-26,86.8,72.9,79.3,0.551,0.551,0.0,14.1,21.9,63,90.5,77.7,70.4,66.8,0.0,0.0,13.3,13.6,85.27142857142857,2.071000000000001,6,178,83.6,0,0.0
2016-06-27,83.6,67.3,75.5,0.0,0.0,0.0,11.2,21.7,3,86.8,82.0,72.9,62.6,0.551,0.0,14.1,7.9,84.67142857142856,2.071000000000001,6,179,73.6,0,0.0
2016-06-28,73.6,62.4,68.7,0.0,0.0,0.0,11.9,22.4,3,83.6,90.5,67.3,70.4,0.0,0.0,11.2,13.3,83.35714285714286,2.071000000000001,6,180,75.1,0,0.0
2016-06-29,75.1,54.7,66.9,0.0,0.0,0.0,4.3,10.5,3,73.6,86.8,62.4,72.9,0.0,0.551,11.9,14.1,81.32857142857142,0.5510000000000009,6,181,77.6,0,0.0
2016-06-30,77.6,64.4,69.8,0.157,0.157,0.0,8.3,17.7,63,75.1,83.6,54.7,67.3,0.0,0.0,4.3,11.2,81.3142857142857,0.708000000000001,6,182,73.2,0,0.0
2016-07-01,73.2,60.1,67.1,0.0,0.0,0.0,10.9,20.1,3,77.6,73.6,64.4,62.4,0.157,0.0,8.3,11.9,80.05714285714285,0.708000000000001,7,183,69.6,0,0.0
2016-07-02,69.6,59.7,64.6,0.0,0.0,0.0,9.4,18.3,3,73.2,75.1,60.1,54.7,0.0,0.0,10.9,4.3,77.07142857142857,0.708000000000001,7,184,74.0,0,0.0
2016-07-03,74.0,58.7,65.9,0.0,0.0,0.0,13.1,25.3,3,69.6,77.6,59.7,64.4,0.0,0.157,9.4,8.3,75.24285714285715,0.1570000000000009,7,185,75.6,0,0.0
2016-07-04,75.6,62.6,68.6,0.0,0.0,0.0,5.8,11.0,3,74.0,73.2,58.7,60.1,0.0,0.0,13.1,10.9,74.1,0.1570000000000009,7,186,86.4,0,0.0
2016-07-05,86.4,68.9,77.3,0.0,0.0,0.0,13.3,19.5,3,75.6,69.6,62.6,59.7,0.0,0.0,5.8,9.4,75.92857142857143,0.1570000000000009,7,187,85.3,0,0.0
2016-07-06,85.3,72.3,77.3,0.492,0.492,0.0,10.7,20.1,63,86.4,74.0,68.9,58.7,0.0,0.0,13.3,13.1,77.38571428571427,0.6490000000000009,7,188,80.7,0,0.0
2016-07-07,80.7,70.4,74.7,0.429,0.429,0.0,9.1,23.5,63,85.3,75.6,72.3,62.6,0.492,0.0,10.7,5.8,77.82857142857142,0.9210000000000009,7,189,82.0,0,0.0
2016-07-08,82.0,68.1,74.4,0.0,0.0,0.0,16.5,30.0,2,80.7,86.4,70.4,68.9,0.429,0.0,9.1,13.3,79.08571428571427,0.9210000000000009,7,190,80.5,0,0.0
2016-07-09,80.5,64.0,72.3,0.0,0.0,0.0,8.8,16.3,3,82.0,85.3,68.1,72.3,0.0,0.492,16.5,10.7,80.64285714285714,0.9210000000000009,7,191,83.6,0,0.0
2016-07-10,83.6,66.0,75.7,0.012,0.012,0.0,11.9,24.4,51,80.5,80.7,64.0,70.4,0.0,0.429,8.8,9.1,82.01428571428572,0.9330000000000008,7,192,90.7,0,0.0
2016-07-11,90.7,73.3,81.7,0.0,0.0,0.0,17.2,30.0,3,83.6,82.0,66.0,68.1,0.012,0.0,11.9,16.5,84.17142857142856,0.9330000000000008,7,193,84.8,0,0.0
2016-07-12,84.8,74.1,79.7,0.138,0.138,0.0,16.8,29.3,55,90.7,80.5,73.3,64.0,0.0,0.0,17.2,8.8,83.94285714285715,1.0710000000000008,7,194,85.9,0,0.0
2016-07-13,85.9,70.1,76.6,0.205,0.205,0.0,13.1,25.7,63,84.8,83.6,74.1,66.0,0.138,0.012,16.8,11.9,84.02857142857144,0.7840000000000009,7,195,82.9,0,0.0
2016-07-14,82.9,66.3,75.0,0.0,0.0,0.0,14.5,25.9,3,85.9,90.7,70.1,73.3,0.205,0.0,13.1,17.2,84.34285714285714,0.35500000000000087,7,196,74.3,0,0.0
2016-07-15,74.3,60.6,68.5,0.0,0.0,0.0,12.2,22.1,3,82.9,84.8,66.3,74.1,0.0,0.138,14.5,16.8,83.24285714285715,0.35500000000000087,7,197,79.2,0,0.0
2016-07-16,79.2,59.6,70.4,0.0,0.0,0.0,9.6,16.6,3,74.3,85.9,60.6,70.1,0.0,0.205,12.2,13.1,83.05714285714285,0.35500000000000087,7,198,87.1,0,0.0
2016-07-17,87.1,71.8,79.3,0.008,0.008,0.0,13.3,36.5,51,79.2,82.9,59.6,66.3,0.0,0.0,9.6,14.5,83.55714285714285,0.35100000000000087,7,199,84.2,0,0.0
2016-07-18,84.2,71.9,77.2,0.154,0.154,0.0,8.0,17.9,61,87.1,74.3,71.8,60.6,0.008,0.0,13.3,12.2,82.62857142857142,0.5050000000000009,7,200,84.9,0,0.0
2016-07-19,84.9,69.1,76.3,0.142,0.142,0.0,10.8,17.4,61,84.2,79.2,71.9,59.6,0.154,0.0,8.0,9.6,82.64285714285714,0.5090000000000009,7,201,88.0,0,0.0
2016-07-20,88.0,70.8,79.4,0.051,0.051,0.0,12.4,21.0,53,84.9,87.1,69.1,71.8,0.142,0.008,10.8,13.3,82.94285714285715,0.3550000000000009,7,202,93.0,0,0.0
2016-07-21,93.0,75.9,84.2,0.232,0.232,0.0,13.9,25.5,63,88.0,84.2,70.8,71.9,0.051,0.154,12.4,8.0,84.38571428571429,0.5870000000000009,7,203,90.5,0,0.0
2016-07-22,90.5,75.0,83.2,0.024,0.024,0.0,11.8,17.9,53,93.0,84.9,75.9,69.1,0.232,0.142,13.9,10.8,86.7,0.6110000000000009,7,204,91.9,0,0.0
2016-07-23,91.9,77.1,83.4,0.402,0.402,0.0,11.8,24.6,63,90.5,88.0,75.0,70.8,0.024,0.051,11.8,12.4,88.51428571428572,1.0130000000000008,7,205,89.9,0,0.0
2016-07-24,89.9,76.3,83.4,0.0,0.0,0.0,12.8,23.3,3,91.9,93.0,77.1,75.9,0.402,0.232,11.8,13.9,88.91428571428571,1.0050000000000008,7,206,83.3,0,0.0
2016-07-25,83.3,67.8,76.4,0.0,0.0,0.0,10.1,20.4,3,89.9,90.5,76.3,75.0,0.0,0.024,12.8,11.8,88.78571428571429,0.851000000000001,7,207,85.1,0,0.0
2016-07-26,85.1,66.1,76.4,0.0,0.0,0.0,5.1,11.9,1,83.3,91.9,67.8,77.1,0.0,0.402,10.1,11.8,88.81428571428572,0.709000000000001,7,208,84.9,0,0.0
2016-07-27,84.9,66.2,77.2,0.0,0.0,0.0,7.3,15.9,3,85.1,89.9,66.1,76.3,0.0,0.0,5.1,12.8,88.37142857142858,0.6580000000000009,7,209,81.9,0,0.0
2016-07-28,81.9,67.4,75.2,0.016,0.016,0.0,11.1,22.4,51,84.9,83.3,66.2,67.8,0.0,0.0,7.3,10.1,86.78571428571429,0.44200000000000095,7,210,77.6,0,0.0
2016-07-29,77.6,68.0,70.8,0.524,0.524,0.0,7.9,18.3,63,81.9,85.1,67.4,66.1,0.016,0.0,11.1,5.1,84.94285714285715,0.942000000000001,7,211,78.6,0,0.0
2016-07-30,78.6,66.2,71.6,0.039,0.039,0.0,8.4,14.8,51,77.6,84.9,68.0,66.2,0.524,0.0,7.9,7.3,83.04285714285713,0.579000000000001,7,212,81.7,0,0.0
2016-07-31,81.7,65.4,74.0,0.0,0.0,0.0,9.2,18.1,3,78.6,81.9,66.2,67.4,0.039,0.016,8.4,11.1,81.87142857142858,0.579000000000001,7,213,85.4,0,0.0
2016-08-01,85.4,68.9,77.3,0.0,0.0,0.0,9.4,22.8,3,81.7,77.6,65.4,68.0,0.0,0.524,9.2,7.9,82.17142857142858,0.579000000000001,8,214,82.7,0,0.0
2016-08-02,82.7,72.4,77.5,0.0,0.0,0.0,7.8,15.4,3,85.4,78.6,68.9,66.2,0.0,0.039,9.4,8.4,81.82857142857142,0.579000000000001,8,215,87.2,0,0.0
2016-08-03,87.2,68.5,78.3,0.004,0.004,0.0,5.9,13.2,51,82.7,81.7,72.4,65.4,0.0,0.0,7.8,9.2,82.15714285714286,0.583000000000001,8,216,92.3,0,0.0
2016-08-04,92.3,72.3,81.7,0.15,0.15,0.0,12.0,21.7,63,87.2,85.4,68.5,68.9,0.004,0.0,5.9,9.4,83.64285714285714,0.717000000000001,8,217,80.8,0,0.0
2016-08-05,80.8,69.0,75.3,0.177,0.177,0.0,11.4,22.1,63,92.3,82.7,72.3,72.4,0.15,0.0,12.0,7.8,84.1,0.3700000000000009,8,218,79.2,0,0.0
2016-08-06,79.2,62.5,71.4,0.0,0.0,0.0,8.4,15.2,3,80.8,87.2,69.0,68.5,0.177,0.004,11.4,5.9,84.18571428571428,0.3310000000000009,8,219,78.2,0,0.0
2016-08-07,78.2,61.4,70.7,0.0,0.0,0.0,7.2,14.3,3,79.2,92.3,62.5,72.3,0.0,0.15,8.4,12.0,83.6857142857143,0.3310000000000009,8,220,82.9,0,0.0
2016-08-08,82.9,64.5,74.3,0.0,0.0,0.0,9.1,19.0,3,78.2,80.8,61.4,69.0,0.0,0.177,7.2,11.4,83.32857142857142,0.3310000000000009,8,221,85.3,0,0.0
2016-08-09,85.3,69.5,77.6,0.0,0.0,0.0,7.4,17.0,3,82.9,79.2,64.5,62.5,0.0,0.0,9.1,8.4,83.7,0.3310000000000009,8,222,90.5,0,0.0
2016-08-10,90.5,72.4,81.6,0.0,0.0,0.0,8.8,17.9,2,85.3,78.2,69.5,61.4,0.0,0.0,7.4,7.2,84.17142857142858,0.3270000000000009,8,223,93.0,0,0.0
2016-08-11,93.0,75.9,82.6,0.283,0.283,0.0,14.9,27.5,61,90.5,82.9,72.4,64.5,0.0,0.0,8.8,9.1,84.27142857142857,0.46000000000000085,8,224,78.8,0,0.0
2016-08-12,78.8,72.5,75.5,1.87,1.87,0.0,9.8,28.6,65,93.0,85.3,75.9,69.5,0.283,0.0,14.9,7.4,83.98571428571428,2.153000000000001,8,225,80.5,0,0.0
2016-08-13,80.5,68.9,74.1,0.0,0.0,0.0,13.4,23.3,3,78.8,90.5,72.5,72.4,1.87,0.0,9.8,8.8,84.17142857142858,2.153000000000001,8,226,80.3,0,0.0
2016-08-14,80.3,65.3,73.5,0.02,0.02,0.0,6.0,13.9,51,80.5,93.0,68.9,75.9,0.0,0.283,13.4,14.9,84.47142857142856,2.173000000000001,8,227,80.0,0,0.0
2016-08-15,80.0,67.1,73.4,0.0,0.0,0.0,11.2,21.5,3,80.3,78.8,65.3,72.5,0.02,1.87,6.0,9.8,84.05714285714285,2.173000000000001,8,228,83.4,0,0.0
2016-08-16,83.4,64.2,75.2,0.0,0.0,0.0,8.1,14.8,3,80.0,80.5,67.1,68.9,0.0,0.0,11.2,13.4,83.78571428571429,2.173000000000001,8,229,84.3,0,0.0
2016-08-17,84.3,69.3,77.0,0.016,0.016,0.0,5.5,16.1,51,83.4,80.3,64.2,65.3,0.0,0.02,8.1,6.0,82.9,2.189000000000001,8,230,87.9,0,0.0
2016-08-18,87.9,70.0,78.9,0.031,0.031,0.0,8.4,19.0,51,84.3,80.0,69.3,67.1,0.016,0.0,5.5,11.2,82.17142857142858,1.937000000000001,8,231,87.5,0,0.0
2016-08-19,87.5,72.3,79.5,0.016,0.016,0.0,10.4,21.3,51,87.9,83.4,70.0,64.2,0.031,0.0,8.4,8.1,83.41428571428571,0.08300000000000089,8,232,74.5,0,0.0
2016-08-20,74.5,64.5,69.7,0.406,0.406,0.0,16.2,31.5,61,87.5,84.3,72.3,69.3,0.016,0.016,10.4,5.5,82.55714285714285,0.48900000000000093,8,233,72.3,0,0.0
2016-08-21,72.3,58.5,65.7,0.0,0.0,0.0,11.4,21.9,2,74.5,87.9,64.5,70.0,0.406,0.031,16.2,8.4,81.41428571428571,0.4690000000000009,8,234,80.6,0,0.0
2016-08-22,80.6,57.2,69.0,0.0,0.0,0.0,12.1,23.5,0,72.3,87.5,58.5,72.3,0.0,0.016,11.4,10.4,81.5,0.4690000000000009,8,235,81.9,0,0.0
2016-08-23,81.9,64.1,73.0,0.0,0.0,0.0,16.0,29.1,3,80.6,74.5,57.2,64.5,0.0,0.406,12.1,16.2,81.28571428571429,0.4690000000000009,8,236,84.3,0,0.0
2016-08-24,84.3,70.9,76.1,1.043,1.043,0.0,15.7,28.9,63,81.9,72.3,64.1,58.5,0.0,0.0,16.0,11.4,81.28571428571429,1.4960000000000009,8,237,77.6,0,0.0
2016-08-25,77.6,65.2,71.3,0.028,0.028,0.0,9.2,15.0,53,84.3,80.6,70.9,57.2,1.043,0.0,15.7,12.1,79.8142857142857,1.493000000000001,8,238,75.2,0,0.0
2016-08-26,75.2,63.8,68.8,0.063,0.063,0.0,10.2,19.5,51,77.6,81.9,65.2,64.1,0.028,0.0,9.2,16.0,78.05714285714285,1.540000000000001,8,239,81.2,0,0.0
2016-08-27,81.2,67.0,73.0,0.331,0.331,0.0,8.9,24.2,63,75.2,84.3,63.8,70.9,0.063,1.043,10.2,15.7,79.01428571428572,1.4650000000000007,8,240,83.7,0,0.0
2016-08-28,83.7,68.3,75.3,0.055,0.055,0.0,10.4,18.8,53,81.2,77.6,67.0,65.2,0.331,0.028,8.9,9.2,80.64285714285714,1.520000000000001,8,241,84.0,0,0.0
2016-08-29,84.0,70.1,76.1,0.138,0.138,0.0,7.2,13.6,61,83.7,75.2,68.3,63.8,0.055,0.063,10.4,10.2,81.12857142857142,1.6580000000000008,8,242,80.6,0,0.0
2016-08-30,80.6,70.3,75.1,0.004,0.004,0.0,7.8,19.9,51,84.0,81.2,70.1,67.0,0.138,0.331,7.2,8.9,80.94285714285715,1.6620000000000008,8,243,77.4,0,0.0
2016-08-31,77.4,65.2,71.1,0.0,0.0,0.0,10.6,21.3,3,80.6,83.7,70.3,68.3,0.004,0.055,7.8,10.4,79.95714285714287,0.6190000000000009,8,244,74.3,0,0.0
2016-09-01,74.3,58.8,66.8,0.0,0.0,0.0,9.8,19.2,3,77.4,84.0,65.2,70.1,0.0,0.138,10.6,7.2,79.48571428571428,0.5910000000000009,9,245,74.5,0,0.0
2016-09-02,74.5,57.4,66.1,0.0,0.0,0.0,8.3,15.7,3,74.3,80.6,58.8,70.3,0.0,0.004,9.8,7.8,79.38571428571429,0.5280000000000009,9,246,74.6,0,0.0
2016-09-03,74.6,60.8,67.6,0.0,0.0,0.0,10.1,19.0,3,74.5,77.4,57.4,65.2,0.0,0.0,8.3,10.6,78.44285714285715,0.1970000000000009,9,247,78.6,0,0.0
2016-09-04,78.6,62.1,70.6,0.0,0.0,0.0,13.1,23.5,3,74.6,74.3,60.8,58.8,0.0,0.0,10.1,9.8,77.71428571428571,0.1420000000000009,9,248,87.5,0,0.0
2016-09-05,87.5,67.9,77.3,0.0,0.0,0.0,15.8,32.0,3,78.6,74.5,62.1,57.4,0.0,0.0,13.1,8.3,78.21428571428571,0.004000000000000888,9,249,89.9,0,0.0
2016-09-06,89.9,75.2,82.0,0.016,0.016,0.0,14.8,28.9,51,87.5,74.6,67.9,60.8,0.0,0.0,15.8,10.1,79.54285714285713,0.01600000000000089,9,250,83.3,0,0.0
2016-09-07,83.3,73.6,77.0,2.079,2.079,0.0,13.3,28.2,65,89.9,78.6,75.2,62.1,0.016,0.0,14.8,13.1,80.38571428571429,2.095000000000001,9,251,82.9,0,0.0
2016-09-08,82.9,70.9,76.0,0.047,0.047,0.0,10.2,17.7,53,83.3,87.5,73.6,67.9,2.079,0.0,13.3,15.8,81.61428571428571,2.1420000000000012,9,252,77.8,0,0.0
2016-09-09,77.8,69.4,73.2,0.114,0.114,0.0,12.0,24.4,55,82.9,89.9,70.9,75.2,0.047,0.016,10.2,14.8,82.08571428571429,2.256000000000001,9,253,69.9,0,0.0
2016-09-10,69.9,59.6,65.6,0.531,0.531,0.0,17.9,36.5,63,77.8,83.3,69.4,73.6,0.114,2.079,12.0,13.3,81.41428571428571,2.7870000000000013,9,254,74.6,0,0.0
2016-09-11,74.6,53.7,64.4,0.0,0.0,0.0,11.6,22.4,1,69.9,82.9,59.6,70.9,0.531,0.047,17.9,10.2,80.84285714285714,2.7870000000000013,9,255,79.2,0,0.0
2016-09-12,79.2,59.1,69.2,0.0,0.0,0.0,16.5,30.2,3,74.6,77.8,53.7,69.4,0.0,0.114,11.6,12.0,79.65714285714286,2.7870000000000013,9,256,75.8,0,0.0
2016-09-13,75.8,65.8,71.0,0.02,0.02,0.0,12.1,21.5,53,79.2,69.9,59.1,59.6,0.0,0.531,16.5,17.9,77.64285714285714,2.7910000000000013,9,257,74.5,0,0.0
2016-09-14,74.5,59.2,67.0,0.098,0.098,0.0,8.4,16.8,61,75.8,74.6,65.8,53.7,0.02,0.0,12.1,11.6,76.38571428571429,0.8100000000000009,9,258,79.2,0,0.0
2016-09-15,79.2,62.3,70.7,0.012,0.012,0.0,13.2,24.8,51,74.5,79.2,59.2,59.1,0.098,0.0,8.4,16.5,75.85714285714286,0.7750000000000009,9,259,76.5,0,0.0
2016-09-16,76.5,69.5,72.5,0.591,0.591,0.0,15.4,23.3,63,79.2,75.8,62.3,65.8,0.012,0.02,13.2,12.1,75.67142857142858,1.252000000000001,9,260,75.3,0,0.0
2016-09-17,75.3,61.7,68.2,0.0,0.0,0.0,13.3,24.8,1,76.5,74.5,69.5,59.2,0.591,0.098,15.4,8.4,76.44285714285715,0.7210000000000009,9,261,79.6,0,0.0
2016-09-18,79.6,55.8,68.5,0.0,0.0,0.0,11.7,22.1,1,75.3,79.2,61.7,62.3,0.0,0.012,13.3,13.2,77.15714285714286,0.7210000000000009,9,262,85.2,0,0.0
2016-09-19,85.2,63.3,72.2,0.126,0.126,0.0,13.1,28.2,55,79.6,76.5,55.8,69.5,0.0,0.591,11.7,15.4,78.01428571428572,0.8470000000000009,9,263,82.9,0,0.0
2016-09-20,82.9,62.2,72.9,0.0,0.0,0.0,11.2,21.5,2,85.2,75.3,63.3,61.7,0.126,0.0,13.1,13.3,79.02857142857144,0.8270000000000008,9,264,84.3,0,0.0
2016-09-21,84.3,68.1,76.1,1.055,1.055,0.0,15.7,33.8,65,82.9,79.6,62.2,55.8,0.0,0.0,11.2,11.7,80.42857142857143,1.7840000000000007,9,265,80.1,0,0.0
2016-09-22,80.1,69.7,74.4,0.098,0.098,0.0,10.5,20.1,61,84.3,85.2,68.1,63.3,1.055,0.126,15.7,13.1,80.55714285714285,1.870000000000001,9,266,80.5,0,0.0
2016-09-23,80.5,68.5,73.4,0.161,0.161,0.0,11.5,20.4,61,80.1,82.9,69.7,62.2,0.098,0.0,10.5,11.2,81.12857142857142,1.4400000000000008,9,267,81.8,0,0.0
2016-09-24,81.8,67.1,74.1,0.0,0.0,0.0,12.9,23.7,3,80.5,84.3,68.5,68.1,0.161,1.055,11.5,15.7,82.05714285714285,1.4400000000000008,9,268,75.4,0,0.0
2016-09-25,75.4,62.4,70.1,0.035,0.035,0.0,17.0,26.2,51,81.8,80.1,67.1,69.7,0.0,0.098,12.9,10.5,81.45714285714287,1.475000000000001,9,269,67.2,0,0.0
2016-09-26,67.2,54.3,60.9,0.0,0.0,0.0,18.1,33.1,2,75.4,80.5,62.4,68.5,0.035,0.161,17.0,11.5,78.88571428571427,1.349000000000001,9,270,68.7,0,0.0
2016-09-27,68.7,51.4,60.1,0.0,0.0,0.0,16.1,30.0,3,67.2,81.8,54.3,67.1,0.0,0.0,18.1,12.9,76.85714285714286,1.349000000000001,9,271,62.3,0,0.0
2016-09-28,62.3,50.1,56.9,0.016,0.016,0.0,16.9,29.8,51,68.7,75.4,51.4,62.4,0.0,0.035,16.1,17.0,73.71428571428571,0.3100000000000009,9,272,70.7,0,0.0
2016-09-29,70.7,52.4,60.9,0.0,0.0,0.0,15.1,28.0,1,62.3,67.2,50.1,54.3,0.016,0.0,16.9,18.1,72.37142857142858,0.2120000000000009,9,273,64.7,0,0.0
2016-09-30,64.7,54.8,60.6,0.0,0.0,0.0,14.1,25.1,3,70.7,68.7,52.4,51.4,0.0,0.0,15.1,16.1,70.11428571428571,0.05100000000000089,9,274,64.9,0,0.0
2016-10-01,64.9,59.3,61.5,0.071,0.071,0.0,8.4,16.3,53,64.7,62.3,54.8,50.1,0.0,0.016,14.1,16.9,67.7,0.12200000000000089,10,275,68.7,0,0.0
2016-10-02,68.7,55.1,62.0,0.008,0.008,0.0,6.5,12.5,51,64.9,70.7,59.3,52.4,0.071,0.0,8.4,15.1,66.74285714285715,0.09500000000000089,10,276,68.4,0,0.0
2016-10-03,68.4,54.3,61.9,0.0,0.0,0.0,11.2,18.1,3,68.7,64.7,55.1,54.8,0.008,0.0,6.5,14.1,66.91428571428571,0.09500000000000089,10,277,75.3,0,0.0
2016-10-04,75.3,61.5,67.9,0.0,0.0,0.0,16.6,30.9,3,68.4,64.9,54.3,59.3,0.0,0.071,11.2,8.4,67.85714285714286,0.09500000000000089,10,278,75.0,0,0.0
2016-10-05,75.0,61.6,68.4,0.138,0.138,0.0,16.8,29.5,55,75.3,68.7,61.5,55.1,0.0,0.008,16.6,6.5,69.67142857142856,0.21700000000000091,10,279,72.3,0,0.0
2016-10-06,72.3,61.9,66.5,0.705,0.705,0.0,15.5,28.6,63,75.0,68.4,61.6,54.3,0.138,0.0,16.8,11.2,69.9,0.9220000000000008,10,280,68.3,0,0.0
2016-10-07,68.3,47.8,55.6,0.252,0.252,0.0,19.3,35.1,63,72.3,75.3,61.9,61.5,0.705,0.0,15.5,16.6,70.41428571428573,1.1740000000000008,10,281,68.0,0,0.0
2016-10-08,68.0,43.3,54.9,0.0,0.0,0.0,10.6,20.4,0,68.3,75.0,47.8,61.6,0.252,0.138,19.3,16.8,70.85714285714286,1.103000000000001,10,282,64.8,0,0.0
2016-10-09,64.8,46.8,55.8,0.0,0.0,0.0,8.3,16.8,1,68.0,72.3,43.3,61.9,0.0,0.705,10.6,15.5,70.3,1.095000000000001,10,283,70.7,0,0.0
2016-10-10,70.7,50.7,59.7,0.004,0.004,0.0,13.4,35.1,51,64.8,68.3,46.8,47.8,0.0,0.252,8.3,19.3,70.62857142857143,1.0990000000000009,10,284,74.8,0,0.0
2016-10-11,74.8,58.5,65.2,0.016,0.016,0.0,15.0,28.0,51,70.7,68.0,50.7,43.3,0.004,0.0,13.4,10.6,70.55714285714285,1.1150000000000009,10,285,65.2,0,0.0
2016-10-12,65.2,46.4,54.3,0.055,0.055,0.0,16.5,29.3,53,74.8,64.8,58.5,46.8,0.016,0.0,15.0,8.3,69.15714285714286,1.032000000000001,10,286,54.1,0,0.0
2016-10-13,54.1,37.0,46.0,0.0,0.0,0.0,6.1,13.4,2,65.2,70.7,46.4,50.7,0.055,0.004,16.5,13.4,66.55714285714285,0.327000000000001,10,287,65.3,0,0.0
2016-10-14,65.3,42.0,53.8,0.0,0.0,0.0,14.3,26.6,3,54.1,74.8,37.0,58.5,0.0,0.016,6.1,15.0,66.12857142857142,0.075000000000001,10,288,74.1,0,0.0
2016-10-15,74.1,59.0,65.6,0.126,0.126,0.0,18.6,30.9,61,65.3,65.2,42.0,46.4,0.0,0.055,14.3,16.5,67.0,0.201000000000001,10,289,77.4,0,0.0
2016-10-16,77.4,64.1,70.2,0.409,0.409,0.0,15.0,27.3,63,74.1,54.1,59.0,37.0,0.126,0.0,18.6,6.1,68.8,0.610000000000001,10,290,82.4,0,0.0
2016-10-17,82.4,70.0,76.5,0.008,0.008,0.0,20.8,37.1,51,77.4,65.3,64.1,42.0,0.409,0.0,15.0,14.3,70.47142857142856,0.614000000000001,10,291,76.3,0,0.0
2016-10-18,76.3,56.0,65.6,0.0,0.0,0.0,15.7,28.0,3,82.4,74.1,70.0,59.0,0.008,0.126,20.8,18.6,70.68571428571428,0.598000000000001,10,292,69.5,0,0.0
2016-10-19,69.5,50.4,59.1,0.0,0.0,0.0,11.1,16.8,3,76.3,77.4,56.0,64.1,0.0,0.409,15.7,15.0,71.3,0.543000000000001,10,293,55.4,0,0.0
2016-10-20,55.4,44.3,50.3,0.0,0.0,0.0,14.5,25.5,3,69.5,82.4,50.4,70.0,0.0,0.008,11.1,20.8,71.4857142857143,0.543000000000001,10,294,53.0,0,0.0
2016-10-21,53.0,37.2,45.0,0.0,0.0,0.0,8.0,13.0,3,55.4,76.3,44.3,56.0,0.0,0.0,14.5,15.7,69.72857142857143,0.543000000000001,10,295,64.5,0,0.0
2016-10-22,64.5,41.4,51.4,0.0,0.0,0.0,10.5,19.9,0,53.0,69.5,37.2,50.4,0.0,0.0,8.0,11.1,68.35714285714286,0.417000000000001,10,296,69.8,0,0.0
2016-10-23,69.8,46.8,56.7,0.0,0.0,0.0,13.2,25.1,1,64.5,55.4,41.4,44.3,0.0,0.0,10.5,14.5,67.27142857142857,0.008000000000001,10,297,58.0,0,0.0
2016-10-24,58.0,44.5,50.8,0.0,0.0,0.0,8.8,17.7,2,69.8,53.0,46.8,37.2,0.0,0.0,13.2,8.0,63.785714285714285,0.0,10,298,56.2,0,0.0
2016-10-25,56.2,45.9,50.1,0.224,0.224,0.0,17.1,27.1,61,58.0,64.5,44.5,41.4,0.0,0.0,8.8,10.5,60.91428571428571,0.224000000000001,10,299,63.5,0,0.0
2016-10-26,63.5,48.3,54.0,0.736,0.736,0.0,17.6,36.7,63,56.2,69.8,45.9,46.8,0.224,0.0,17.1,13.2,60.05714285714286,0.960000000000001,10,300,53.5,0,0.0
2016-10-27,53.5,45.8,49.3,0.0,0.0,0.0,10.3,19.0,3,63.5,58.0,48.3,44.5,0.736,0.0,17.6,8.8,59.785714285714285,0.960000000000001,10,301,75.2,0,0.0
2016-10-28,75.2,46.0,60.2,0.0,0.0,0.0,17.3,31.3,3,53.5,56.2,45.8,45.9,0.0,0.224,10.3,17.1,62.957142857142856,0.960000000000001,10,302,74.9,0,0.0
2016-10-29,74.9,61.2,68.6,0.024,0.024,0.0,13.8,27.1,53,75.2,63.5,46.0,48.3,0.0,0.736,17.3,17.6,64.44285714285715,0.984000000000001,10,303,59.4,0,0.0
2016-10-30,59.4,48.7,54.4,0.142,0.142,0.0,13.0,25.5,61,74.9,53.5,61.2,45.8,0.024,0.0,13.8,10.3,62.95714285714286,1.126000000000001,10,304,66.0,0,0.0
2016-10-31,66.0,49.2,57.0,0.0,0.0,0.0,18.1,33.6,3,59.4,75.2,48.7,46.0,0.142,0.0,13.0,17.3,64.10000000000001,1.126000000000001,10,305,72.6,0,0.0
2016-11-01,72.6,61.1,66.9,0.0,0.0,0.0,12.5,22.6,3,66.0,74.9,49.2,61.2,0.0,0.024,18.1,13.8,66.44285714285714,0.902000000000001,11,306,64.5,0,0.0
2016-11-02,64.5,57.5,60.7,0.783,0.783,0.0,11.0,20.8,63,72.6,59.4,61.1,48.7,0.0,0.142,12.5,13.0,66.58571428571429,0.949000000000001,11,307,67.3,0,0.0
2016-11-03,67.3,46.7,56.1,0.0,0.0,0.0,10.1,19.7,1,64.5,66.0,57.5,49.2,0.783,0.0,11.0,18.1,68.55714285714286,0.949000000000001,11,308,65.7,0,0.0
2016-11-04,65.7,43.9,54.0,0.0,0.0,0.0,6.9,15.0,0,67.3,72.6,46.7,61.1,0.0,0.0,10.1,12.5,67.2,0.949000000000001,11,309,68.1,0,0.0
2016-11-05,68.1,49.3,56.9,0.0,0.0,0.0,7.9,15.9,3,65.7,64.5,43.9,57.5,0.0,0.783,6.9,11.0,66.22857142857143,0.9250000000000009,11,310,65.6,0,0.0
2016-11-06,65.6,45.0,54.2,0.0,0.0,0.0,10.4,19.9,1,68.1,67.3,49.3,46.7,0.0,0.0,7.9,10.1,67.11428571428571,0.783000000000001,11,311,65.4,0,0.0
2016-11-07,65.4,44.1,53.8,0.0,0.0,0.0,9.1,17.4,3,65.6,65.7,45.0,43.9,0.0,0.0,10.4,6.9,67.02857142857142,0.783000000000001,11,312,59.5,0,0.0
2016-11-08,59.5,46.1,53.4,0.0,0.0,0.0,13.6,25.3,3,65.4,68.1,44.1,49.3,0.0,0.0,9.1,7.9,65.15714285714286,0.783000000000001,11,313,55.8,0,0.0
2016-11-09,55.8,37.1,46.3,0.0,0.0,0.0,7.4,13.9,3,59.5,65.6,46.1,45.0,0.0,0.0,13.6,10.4,63.91428571428571,0.0,11,314,64.0,0,0.0
2016-11-10,64.0,41.9,51.3,0.0,0.0,0.0,15.2,28.0,0,55.8,65.4,37.1,44.1,0.0,0.0,7.4,9.1,63.442857142857136,0.0,11,315,54.5,0,0.0
2016-11-11,54.5,40.2,48.7,0.0,0.0,0.0,13.4,27.5,3,64.0,59.5,41.9,46.1,0.0,0.0,15.2,13.6,61.84285714285714,0.0,11,316,51.5,0,0.0
2016-11-12,51.5,32.0,41.4,0.0,0.0,0.0,9.7,20.6,0,54.5,55.8,40.2,37.1,0.0,0.0,13.4,7.4,59.47142857142857,0.0,11,317,58.5,0,0.0
2016-11-13,58.5,37.4,46.5,0.0,0.0,0.0,13.9,25.9,3,51.5,64.0,32.0,41.9,0.0,0.0,9.7,15.2,58.457142857142856,0.0,11,318,60.4,0,0.0
2016-11-14,60.4,44.2,50.7,0.0,0.0,0.0,10.4,20.1,3,58.5,54.5,37.4,40.2,0.0,0.0,13.9,13.4,57.74285714285714,0.0,11,319,58.8,0,0.0
2016-11-15,58.8,44.7,50.5,0.0,0.0,0.0,9.7,16.3,3,60.4,51.5,44.2,32.0,0.0,0.0,10.4,9.7,57.642857142857146,0.0,11,320,61.3,0,0.0
2016-11-16,61.3,39.2,50.6,0.0,0.0,0.0,13.9,24.4,3,58.8,58.5,44.7,37.4,0.0,0.0,9.7,13.9,58.42857142857143,0.0,11,321,73.0,0,0.0
2016-11-17,73.0,54.0,63.0,0.0,0.0,0.0,17.5,31.8,3,61.3,60.4,39.2,44.2,0.0,0.0,13.9,10.4,59.714285714285715,0.0,11,322,64.1,0,0.0
2016-11-18,64.1,38.2,53.1,0.016,0.016,0.0,24.9,44.7,51,73.0,58.8,54.0,44.7,0.0,0.0,17.5,9.7,61.08571428571429,0.01600000000000089,11,323,37.6,0,0.0
2016-11-19,37.6,27.7,33.5,0.0,0.0,0.0,23.2,40.9,3,64.1,61.3,38.2,39.2,0.016,0.0,24.9,13.9,59.1,0.01600000000000089,11,324,35.6,0,0.0
2016-11-20,35.6,23.0,28.6,0.0,0.0,0.0,9.4,16.8,2,37.6,73.0,27.7,54.0,0.0,0.0,23.2,17.5,55.82857142857143,0.01600000000000089,11,325,40.6,0,0.0
2016-11-21,40.6,24.5,31.9,0.0,0.0,0.0,10.9,18.6,3,35.6,64.1,23.0,38.2,0.0,0.016,9.4,24.9,52.99999999999999,0.01600000000000089,11,326,42.9,0,0.0
2016-11-22,42.9,35.6,38.9,0.209,0.209,0.0,15.8,29.8,55,40.6,37.6,24.5,27.7,0.0,0.0,10.9,23.2,50.728571428571435,0.22500000000000087,11,327,46.6,0,0.0
2016-11-23,46.6,38.3,42.2,0.118,0.118,0.0,13.6,27.1,53,42.9,35.6,35.6,23.0,0.209,0.0,15.8,9.4,48.628571428571426,0.34300000000000086,11,328,39.7,0,0.0
2016-11-24,39.7,35.8,37.8,0.016,0.016,0.0,11.5,20.1,51,46.6,40.6,38.3,24.5,0.118,0.0,13.6,10.9,43.871428571428574,0.3590000000000009,11,329,43.2,0,0.0
2016-11-25,43.2,34.5,38.2,0.004,0.004,0.0,11.2,21.5,51,39.7,42.9,35.8,35.6,0.016,0.209,11.5,15.8,40.885714285714286,0.34700000000000086,11,330,53.3,0,0.0
2016-11-26,53.3,31.4,40.7,0.0,0.0,0.0,15.0,28.0,3,43.2,46.6,34.5,38.3,0.004,0.118,11.2,13.6,43.12857142857143,0.34700000000000086,11,331,48.8,0,0.0
2016-11-27,48.8,35.2,42.0,0.61,0.61,0.0,20.5,47.0,63,53.3,39.7,31.4,35.8,0.0,0.016,15.0,11.5,45.01428571428571,0.9570000000000008,11,332,51.6,0,0.0
2016-11-28,51.6,44.1,49.2,0.26,0.26,0.0,20.7,39.6,61,48.8,43.2,35.2,34.5,0.61,0.004,20.5,11.2,46.58571428571429,1.217000000000001,11,333,50.8,0,0.0
2016-11-29,50.8,36.7,43.4,0.0,0.0,0.0,14.7,25.1,3,51.6,53.3,44.1,31.4,0.26,0.0,20.7,15.0,47.714285714285715,1.008000000000001,11,334,39.8,0,0.0
2016-11-30,39.8,33.2,36.4,0.0,0.0,0.0,15.7,29.1,3,50.8,48.8,36.7,35.2,0.0,0.61,14.7,20.5,46.74285714285715,0.8900000000000009,11,335,40.0,0,0.0
2016-12-01,40.0,35.6,37.2,0.0,0.0,0.0,15.7,27.5,3,39.8,51.6,33.2,44.1,0.0,0.26,15.7,20.7,46.785714285714285,0.8740000000000009,12,336,39.9,0,0.0
2016-12-02,39.9,34.6,37.0,0.0,0.0,0.0,10.3,19.7,3,40.0,50.8,35.6,36.7,0.0,0.0,15.7,14.7,46.31428571428571,0.8700000000000009,12,337,39.4,0,0.0
2016-12-03,39.4,30.9,35.1,0.0,0.0,0.0,9.8,17.2,3,39.9,39.8,34.6,33.2,0.0,0.0,10.3,15.7,44.32857142857142,0.8700000000000009,12,338,35.7,0,0.0
2016-12-04,35.7,31.7,33.8,0.528,0.012,3.61,11.8,21.0,75,39.4,40.0,30.9,35.6,0.0,0.0,9.8,15.7,42.45714285714286,0.7880000000000009,12,339,37.8,0,0.0
2016-12-05,37.8,25.9,32.0,0.0,0.0,0.0,12.0,21.0,3,35.7,39.9,31.7,34.6,0.528,0.0,11.8,10.3,40.48571428571428,0.5280000000000009,12,340,33.6,0,0.0
2016-12-06,33.6,23.3,29.7,0.0,0.0,0.0,16.0,29.8,3,37.8,39.4,25.9,30.9,0.0,0.0,12.0,9.8,38.028571428571425,0.5280000000000009,12,341,24.8,0,0.0
2016-12-07,24.8,19.2,21.7,0.0,0.0,0.0,14.1,25.3,3,33.6,35.7,23.3,31.7,0.0,0.528,16.0,11.8,35.885714285714286,0.5280000000000009,12,342,24.9,0,0.0
2016-12-08,24.9,14.7,19.8,0.0,0.0,0.0,16.9,32.4,3,24.8,37.8,19.2,25.9,0.0,0.0,14.1,12.0,33.72857142857143,0.5280000000000009,12,343,23.4,0,0.0
2016-12-09,23.4,19.4,21.1,0.0,0.0,0.0,11.1,21.3,3,24.9,33.6,14.7,23.3,0.0,0.0,16.9,16.0,31.37142857142857,0.5280000000000009,12,344,25.4,0,0.0
2016-12-10,25.4,16.5,21.3,0.091,0.0,0.717,12.7,20.4,73,23.4,24.8,19.4,19.2,0.0,0.0,11.1,14.1,29.37142857142857,0.6190000000000009,12,345,32.3,0,0.0
2016-12-11,32.3,23.7,28.4,0.189,0.0,1.378,16.2,26.8,73,25.4,24.9,16.5,14.7,0.091,0.0,12.7,16.9,28.885714285714283,0.2800000000000009,12,346,22.8,0,0.0
2016-12-12,22.8,12.7,17.4,0.0,0.0,0.028,15.2,26.8,71,32.3,23.4,23.7,19.4,0.189,0.0,16.2,11.1,26.74285714285714,0.2800000000000009,12,347,25.7,0,0.0
2016-12-13,25.7,2.5,10.6,0.0,0.0,0.055,13.4,23.7,71,22.8,25.4,12.7,16.5,0.0,0.091,15.2,12.7,25.61428571428571,0.2800000000000009,12,348,20.5,0,0.0
2016-12-14,20.5,-0.9,11.1,0.0,0.0,0.0,18.4,34.0,3,25.7,32.3,2.5,23.7,0.0,0.189,13.4,16.2,25.0,0.2800000000000009,12,349,14.8,0,0.0
2016-12-15,14.8,-1.4,6.4,0.004,0.0,0.055,13.2,21.9,71,20.5,22.8,-0.9,12.7,0.0,0.0,18.4,15.2,23.557142857142857,0.28400000000000086,12,350,21.2,0,0.0
2016-12-16,21.2,14.4,18.4,0.063,0.0,0.579,11.1,21.0,73,14.8,25.7,-1.4,2.5,0.004,0.0,13.2,13.4,23.24285714285714,0.34700000000000086,12,351,21.0,0,0.0
2016-12-17,21.0,5.0,13.9,0.142,0.0,1.02,17.7,30.9,73,21.2,20.5,14.4,-0.9,0.063,0.0,11.1,18.4,22.61428571428571,0.3980000000000009,12,352,3.3,0,0.0
2016-12-18,3.3,-14.6,-7.4,0.0,0.0,0.028,17.1,29.5,71,21.0,14.8,5.0,-1.4,0.142,0.004,17.7,13.2,18.47142857142857,0.20900000000000088,12,353,20.8,0,0.0
2016-12-19,20.8,-11.8,6.3,0.0,0.0,0.0,15.0,24.6,3,3.3,21.2,-14.6,14.4,0.0,0.063,17.1,11.1,18.185714285714287,0.20900000000000088,12,354,33.8,0,0.0
2016-12-20,33.8,18.1,25.0,0.0,0.0,0.0,16.9,28.9,3,20.8,21.0,-11.8,5.0,0.0,0.142,15.0,17.7,19.342857142857145,0.20900000000000088,12,355,36.5,0,0.0
2016-12-21,36.5,14.1,27.3,0.0,0.0,0.0,15.5,25.9,3,33.8,3.3,18.1,-14.6,0.0,0.0,16.9,17.1,21.62857142857143,0.20900000000000088,12,356,35.0,0,0.0
2016-12-22,35.0,23.9,30.4,0.0,0.0,0.0,15.9,26.8,3,36.5,20.8,14.1,-11.8,0.0,0.0,15.5,15.0,24.514285714285712,0.20500000000000088,12,357,36.0,0,0.0
2016-12-23,36.0,27.9,32.6,0.24,0.079,1.157,14.4,25.1,73,35.0,33.8,23.9,18.1,0.0,0.0,15.9,16.9,26.62857142857143,0.3820000000000009,12,358,35.5,0,0.0
2016-12-24,35.5,22.2,30.4,0.0,0.0,0.0,11.3,17.4,3,36.0,36.5,27.9,14.1,0.24,0.0,14.4,15.5,28.7,0.24000000000000088,12,359,53.0,0,0.0
2016-12-25,53.0,33.4,37.0,0.189,0.189,0.0,22.8,43.8,55,35.5,35.0,22.2,23.9,0.0,0.0,11.3,15.9,35.8,0.4290000000000009,12,360,58.0,0,0.0
2016-12-26,58.0,27.5,41.1,0.217,0.217,0.0,21.6,56.4,61,53.0,36.0,33.4,27.9,0.189,0.24,22.8,14.4,41.114285714285714,0.6460000000000009,12,361,37.3,0,0.0
2016-12-27,37.3,24.6,29.2,0.0,0.0,0.0,13.9,28.0,3,58.0,35.5,27.5,22.2,0.217,0.0,21.6,11.3,41.614285714285714,0.6460000000000009,12,362,42.1,0,0.0
2016-12-28,42.1,28.6,34.5,0.0,0.0,0.0,14.5,23.7,3,37.3,53.0,24.6,33.4,0.0,0.189,13.9,22.8,42.41428571428571,0.6460000000000009,12,363,38.6,0,0.0
2016-12-29,38.6,31.2,34.2,0.0,0.0,0.0,26.9,46.5,3,42.1,58.0,28.6,27.5,0.0,0.217,14.5,21.6,42.92857142857143,0.6460000000000009,12,364,40.2,0,0.0
2016-12-30,40.2,23.1,32.0,0.0,0.0,0.0,19.6,33.3,3,38.6,37.3,31.2,24.6,0.0,0.0,26.9,13.9,43.528571428571425,0.4060000000000009,12,365,40.6,0,0.0
2016-12-31,40.6,22.0,31.3,0.0,0.0,0.0,16.1,28.4,3,40.2,42.1,23.1,28.6,0.0,0.0,19.6,14.5,44.25714285714286,0.4060000000000009,12,366,38.3,0,0.0
2017-01-01,38.3,20.6,28.3,0.0,0.0,0.0,10.5,20.8,3,40.6,38.6,22.0,31.2,0.0,0.0,16.1,26.9,42.15714285714286,0.2170000000000009,1,1,40.2,0,0.0
2017-01-02,40.2,27.9,35.0,0.13,0.13,0.0,11.1,18.8,55,38.3,40.2,20.6,23.1,0.0,0.0,10.5,19.6,39.614285714285714,0.1300000000000009,1,2,37.5,0,0.0
2017-01-03,37.5,13.7,28.8,0.047,0.047,0.0,20.9,37.6,55,40.2,40.6,27.9,22.0,0.13,0.0,11.1,16.1,39.642857142857146,0.17700000000000088,1,3,16.8,0,0.0
2017-01-04,16.8,7.9,11.8,0.0,0.0,0.0,16.9,30.2,3,37.5,38.3,13.7,20.6,0.047,0.0,20.9,10.5,36.028571428571425,0.17700000000000088,1,4,15.0,0,0.0
2017-01-05,15.0,5.0,10.2,0.016,0.0,0.11,12.8,25.1,71,16.8,40.2,7.9,27.9,0.0,0.13,16.9,11.1,32.65714285714286,0.1930000000000009,1,5,11.1,0,0.0
2017-01-06,11.1,-0.8,5.3,0.0,0.0,0.0,10.0,19.2,3,15.0,37.5,5.0,13.7,0.016,0.047,12.8,20.9,28.5,0.1930000000000009,1,6,22.0,0,0.0
2017-01-07,22.0,7.1,13.0,0.0,0.0,0.0,12.7,23.7,3,11.1,16.8,-0.8,7.9,0.0,0.0,10.0,16.9,25.842857142857138,0.1930000000000009,1,7,22.6,0,0.0
2017-01-08,22.6,2.7,13.0,0.0,0.0,0.0,14.8,25.7,3,22.0,15.0,7.1,5.0,0.0,0.016,12.7,12.8,23.599999999999998,0.1930000000000009,1,8,31.7,0,0.0
2017-01-09,31.7,16.3,24.9,0.016,0.008,0.055,14.2,24.6,71,22.6,11.1,2.7,-0.8,0.0,0.0,14.8,10.0,22.385714285714283,0.07900000000000089,1,9,48.8,0,0.0
2017-01-10,48.8,23.4,35.3,0.185,0.181,0.028,23.4,41.6,71,31.7,22.0,16.3,7.1,0.016,0.0,14.2,12.7,24.0,0.2170000000000009,1,10,43.5,0,0.0
2017-01-11,43.5,21.0,30.8,0.035,0.035,0.0,14.6,28.0,53,48.8,22.6,23.4,2.7,0.185,0.0,23.4,14.8,27.814285714285713,0.2520000000000009,1,11,25.0,0,0.0
2017-01-12,25.0,17.1,20.2,0.0,0.0,0.0,13.5,25.9,3,43.5,31.7,21.0,16.3,0.035,0.016,14.6,14.2,29.24285714285714,0.23600000000000088,1,12,25.4,0,0.0
2017-01-13,25.4,11.0,18.1,0.0,0.0,0.0,12.5,23.0,3,25.0,48.8,17.1,23.4,0.0,0.185,13.5,23.4,31.285714285714285,0.23600000000000088,1,13,32.3,0,0.0
2017-01-14,32.3,21.1,25.2,0.0,0.0,0.0,7.0,14.5,3,25.4,43.5,11.0,21.0,0.0,0.035,12.5,14.6,32.75714285714285,0.23600000000000088,1,14,32.5,0,0.0
2017-01-15,32.5,19.9,26.6,0.028,0.028,0.0,6.3,11.2,51,32.3,25.0,21.1,17.1,0.0,0.0,7.0,13.5,34.17142857142857,0.2640000000000009,1,15,36.9,0,0.0
2017-01-16,36.9,28.7,32.5,0.756,0.756,0.0,11.4,21.3,63,32.5,25.4,19.9,11.0,0.028,0.0,6.3,12.5,34.91428571428572,1.004000000000001,1,16,38.7,0,0.0
2017-01-17,38.7,32.8,35.1,0.028,0.028,0.0,12.5,23.0,53,36.9,32.3,28.7,21.1,0.756,0.0,11.4,7.0,33.471428571428575,0.8470000000000009,1,17,47.1,0,0.0
2017-01-18,47.1,24.3,34.3,0.0,0.0,0.0,12.3,23.7,3,38.7,32.5,32.8,19.9,0.028,0.028,12.5,6.3,33.98571428571429,0.8120000000000009,1,18,41.5,0,0.0
2017-01-19,41.5,28.8,35.2,0.118,0.118,0.0,10.3,17.7,55,47.1,36.9,24.3,28.7,0.0,0.756,12.3,11.4,36.34285714285714,0.9300000000000009,1,19,42.0,0,0.0
2017-01-20,42.0,34.3,37.8,0.031,0.031,0.0,8.4,13.6,51,41.5,38.7,28.8,32.8,0.118,0.028,10.3,12.5,38.714285714285715,0.961000000000001,1,20,52.7,0,0.0
2017-01-21,52.7,37.3,43.5,0.035,0.035,0.0,13.6,25.3,53,42.0,47.1,34.3,24.3,0.031,0.0,8.4,12.3,41.62857142857143,0.9960000000000009,1,21,41.8,0,0.0
2017-01-22,41.8,27.9,34.6,0.0,0.0,0.0,11.3,20.4,3,52.7,41.5,37.3,28.8,0.035,0.118,13.6,10.3,42.957142857142856,0.9680000000000009,1,22,40.1,0,0.0
2017-01-23,40.1,31.2,35.6,0.0,0.0,0.0,8.6,15.7,3,41.8,42.0,27.9,34.3,0.0,0.031,11.3,8.4,43.41428571428571,0.21200000000000088,1,23,38.3,0,0.0
2017-01-24,38.3,29.7,33.5,0.039,0.02,0.138,14.4,25.1,73,40.1,52.7,31.2,37.3,0.0,0.035,8.6,13.6,43.357142857142854,0.2230000000000009,1,24,36.5,0,0.0
2017-01-25,36.5,30.7,34.3,0.213,0.11,0.717,16.2,28.2,73,38.3,41.8,29.7,27.9,0.039,0.0,14.4,11.3,41.84285714285715,0.4360000000000009,1,25,32.4,0,0.0
2017-01-26,32.4,27.0,29.1,0.008,0.0,0.055,16.4,29.8,71,36.5,40.1,30.7,31.2,0.213,0.0,16.2,8.6,40.542857142857144,0.3260000000000009,1,26,30.7,0,0.0
2017-01-27,30.7,22.9,26.2,0.004,0.0,0.028,13.9,26.6,71,32.4,38.3,27.0,29.7,0.008,0.039,16.4,14.4,38.92857142857143,0.29900000000000093,1,27,31.0,0,0.0
2017-01-28,31.0,23.6,27.9,0.0,0.0,0.0,14.6,26.8,3,30.7,36.5,22.9,30.7,0.004,0.213,13.9,16.2,35.82857142857143,0.2640000000000009,1,28,33.1,0,0.0
2017-01-29,33.1,22.5,27.7,0.02,0.0,0.138,16.9,31.3,71,31.0,32.4,23.6,27.0,0.0,0.008,14.6,16.4,34.58571428571428,0.2840000000000009,1,29,47.8,0,0.0
2017-01-30,47.8,19.3,32.2,0.0,0.0,0.0,19.8,34.7,3,33.1,30.7,22.5,22.9,0.02,0.004,16.9,13.9,35.68571428571429,0.2840000000000009,1,30,44.2,0,0.0
2017-01-31,44.2,33.7,38.6,0.0,0.0,0.0,21.5,37.1,3,47.8,31.0,19.3,23.6,0.0,0.0,19.8,14.6,36.528571428571425,0.24500000000000088,1,31,35.4,0,0.0
2017-02-01,35.4,19.6,30.0,0.0,0.0,0.0,16.7,31.1,3,44.2,33.1,33.7,22.5,0.0,0.02,21.5,16.9,36.371428571428574,0.03200000000000089,2,32,26.0,0,0.0
2017-02-02,26.0,15.2,19.6,0.0,0.0,0.0,11.9,23.5,3,35.4,47.8,19.6,19.3,0.0,0.0,16.7,19.8,35.45714285714286,0.02400000000000089,2,33,29.8,0,0.0
2017-02-03,29.8,17.2,21.5,0.0,0.0,0.0,10.2,19.0,3,26.0,44.2,15.2,33.7,0.0,0.0,11.9,21.5,35.32857142857143,0.02000000000000089,2,34,40.5,0,0.0
2017-02-04,40.5,19.1,28.0,0.004,0.0,0.028,19.2,34.9,71,29.8,35.4,17.2,19.6,0.0,0.0,10.2,16.7,36.68571428571429,0.02400000000000089,2,35,38.1,0,0.0
2017-02-05,38.1,26.2,30.6,0.0,0.0,0.0,11.7,20.8,3,40.5,26.0,19.1,15.2,0.004,0.0,19.2,11.9,37.4,0.004000000000000888,2,36,52.1,0,0.0
2017-02-06,52.1,26.3,37.2,0.0,0.0,0.0,11.1,20.6,3,38.1,29.8,26.2,17.2,0.0,0.0,11.7,10.2,38.01428571428572,0.004000000000000888,2,37,44.1,0,0.0
2017-02-07,44.1,23.8,38.0,0.055,0.055,0.0,19.9,35.6,51,52.1,40.5,26.3,19.1,0.0,0.004,11.1,19.2,38.0,0.059000000000000885,2,38,26.3,0,0.0
2017-02-08,26.3,15.0,21.8,0.106,0.0,0.744,14.1,26.6,73,44.1,38.1,23.8,26.2,0.055,0.0,19.9,11.7,36.699999999999996,0.1650000000000009,2,39,26.2,0,0.0
2017-02-09,26.2,11.8,18.4,0.0,0.0,0.0,11.8,21.7,3,26.3,52.1,15.0,26.3,0.106,0.0,14.1,11.1,36.728571428571435,0.1650000000000009,2,40,55.8,0,0.0
2017-02-10,55.8,20.1,35.0,0.0,0.0,0.0,15.2,27.7,3,26.2,44.1,11.8,23.8,0.0,0.055,11.8,19.9,40.44285714285714,0.1650000000000009,2,41,53.2,0,0.0
2017-02-11,53.2,32.3,41.6,0.0,0.0,0.0,11.9,21.0,3,55.8,26.3,20.1,15.0,0.0,0.106,15.2,14.1,42.25714285714286,0.1610000000000009,2,42,44.2,0,0.0
2017-02-12,44.2,27.5,38.6,0.0,0.0,0.0,20.4,37.4,3,53.2,26.2,32.3,11.8,0.0,0.0,11.9,11.8,43.128571428571426,0.1610000000000009,2,43,49.0,0,0.0
2017-02-13,49.0,22.5,35.0,0.0,0.0,0.0,14.4,25.7,3,44.2,55.8,27.5,20.1,0.0,0.0,20.4,15.2,42.68571428571429,0.1610000000000009,2,44,50.0,0,0.0
2017-02-14,50.0,29.9,39.1,0.0,0.0,0.0,16.7,30.2,3,49.0,53.2,22.5,32.3,0.0,0.0,14.4,11.9,43.528571428571425,0.1060000000000009,2,45,40.5,0,0.0
2017-02-15,40.5,24.4,31.5,0.0,0.0,0.0,16.1,29.1,3,50.0,44.2,29.9,27.5,0.0,0.0,16.7,20.4,45.55714285714286,0.0,2,46,54.9,0,0.0
2017-02-16,54.9,26.0,37.8,0.0,0.0,0.0,12.2,21.7,3,40.5,49.0,24.4,22.5,0.0,0.0,16.1,14.4,49.65714285714286,0.0,2,47,66.0,0,0.0
2017-02-17,66.0,32.7,49.7,0.0,0.0,0.0,13.3,23.7,3,54.9,50.0,26.0,29.9,0.0,0.0,12.2,16.7,51.114285714285714,0.0,2,48,60.8,0,0.0
2017-02-18,60.8,37.5,48.6,0.0,0.0,0.0,11.0,18.6,0,66.0,40.5,32.7,24.4,0.0,0.0,13.3,16.1,52.199999999999996,0.0,2,49,66.7,0,0.0
2017-02-19,66.7,32.3,50.5,0.0,0.0,0.0,11.3,19.5,3,60.8,54.9,37.5,26.0,0.0,0.0,11.0,12.2,55.41428571428572,0.0,2,50,70.0,0,0.0
2017-02-20,70.0,51.6,58.4,0.134,0.134,0.0,16.0,32.7,55,66.7,66.0,32.3,32.7,0.0,0.0,11.3,13.3,58.41428571428572,0.1340000000000009,2,51,63.6,0,0.0
2017-02-21,63.6,41.8,53.6,0.004,0.004,0.0,9.1,15.9,51,70.0,60.8,51.6,37.5,0.134,0.0,16.0,11.0,60.357142857142854,0.1380000000000009,2,52,71.1,0,0.0
2017-02-22,71.1,48.2,56.8,0.0,0.0,0.0,15.8,28.6,0,63.6,66.7,41.8,32.3,0.004,0.0,9.1,11.3,64.72857142857143,0.1380000000000009,2,53,52.8,0,0.0
2017-02-23,52.8,39.8,45.5,0.094,0.094,0.0,18.1,32.0,53,71.1,70.0,48.2,51.6,0.0,0.134,15.8,16.0,64.42857142857143,0.2320000000000009,2,54,39.9,0,0.0
2017-02-24,39.9,26.5,34.8,0.429,0.335,0.661,18.7,32.9,73,52.8,63.6,39.8,41.8,0.094,0.004,18.1,9.1,60.699999999999996,0.6610000000000009,2,55,32.2,0,0.0
2017-02-25,32.2,18.0,24.8,0.016,0.0,0.11,18.0,32.7,71,39.9,71.1,26.5,48.2,0.429,0.0,18.7,15.8,56.614285714285714,0.6770000000000008,2,56,48.4,0,0.0
2017-02-26,48.4,24.3,35.6,0.0,0.0,0.0,19.3,35.1,3,32.2,52.8,18.0,39.8,0.016,0.094,18.0,18.1,54.0,0.6770000000000008,2,57,53.2,0,0.0
2017-02-27,53.2,24.5,40.1,0.039,0.039,0.0,12.2,27.3,53,48.4,39.9,24.3,26.5,0.0,0.429,19.3,18.7,51.6,0.5820000000000008,2,58,65.2,0,0.0
2017-02-28,65.2,43.4,53.3,0.406,0.406,0.0,14.1,26.6,61,53.2,32.2,24.5,18.0,0.039,0.016,12.2,18.0,51.82857142857143,0.9840000000000009,2,59,46.5,0,0.0
2017-03-01,46.5,33.3,39.7,0.035,0.035,0.0,24.6,44.7,51,65.2,48.4,43.4,24.3,0.406,0.0,14.1,19.3,48.31428571428571,1.0190000000000008,3,60,37.2,0,0.0
2017-03-02,37.2,23.2,29.3,0.0,0.0,0.0,15.3,28.0,3,46.5,53.2,33.3,24.5,0.035,0.039,24.6,12.2,46.08571428571429,0.9250000000000009,3,61,36.0,0,0.0
2017-03-03,36.0,19.1,28.0,0.0,0.0,0.0,10.6,17.9,3,37.2,65.2,23.2,43.4,0.0,0.406,15.3,14.1,45.52857142857143,0.4960000000000009,3,62,53.6,0,0.0
2017-03-04,53.6,29.2,40.5,0.0,0.0,0.0,15.2,25.9,3,36.0,46.5,19.1,33.3,0.0,0.035,10.6,24.6,48.58571428571429,0.48000000000000087,3,63,61.5,0,0.0
2017-03-05,61.5,42.1,53.8,0.004,0.004,0.0,18.0,32.7,51,53.6,37.2,29.2,23.2,0.0,0.0,15.2,15.3,50.457142857142856,0.4840000000000008,3,64,67.9,0,0.0
2017-03-06,67.9,54.0,60.1,0.11,0.11,0.0,28.9,58.8,53,61.5,36.0,42.1,19.1,0.004,0.0,18.0,10.6,52.55714285714286,0.5550000000000008,3,65,58.0,0,0.0
2017-03-07,58.0,36.9,47.3,0.157,0.157,0.0,24.1,59.7,63,67.9,53.6,54.0,29.2,0.11,0.0,28.9,15.2,51.52857142857143,0.3060000000000008,3,66,51.5,0,0.0
2017-03-08,51.5,37.4,43.8,0.0,0.0,0.0,22.9,41.6,2,58.0,61.5,36.9,42.1,0.157,0.004,24.1,18.0,52.24285714285715,0.2710000000000008,3,67,47.1,0,0.0
2017-03-09,47.1,28.8,37.2,0.0,0.0,0.0,13.4,23.9,3,51.5,67.9,37.4,54.0,0.0,0.11,22.9,28.9,53.65714285714285,0.2710000000000008,3,68,32.3,0,0.0
2017-03-10,32.3,21.6,26.6,0.0,0.0,0.0,16.2,28.0,3,47.1,58.0,28.8,36.9,0.0,0.157,13.4,24.1,53.12857142857143,0.2710000000000008,3,69,31.7,0,0.0
2017-03-11,31.7,19.6,25.6,0.0,0.0,0.0,8.3,15.2,3,32.3,51.5,21.6,37.4,0.0,0.0,16.2,22.9,50.0,0.2710000000000008,3,70,33.4,0,0.0
2017-03-12,33.4,19.2,26.8,0.126,0.0,0.882,11.2,20.6,75,31.7,47.1,19.6,28.8,0.0,0.0,8.3,13.4,45.98571428571428,0.39300000000000085,3,71,31.2,0,0.0
2017-03-13,31.2,23.2,28.1,0.26,0.0,1.819,13.0,24.4,73,33.4,32.3,19.2,21.6,0.126,0.0,11.2,16.2,40.74285714285714,0.5430000000000008,3,72,27.3,0,0.0
2017-03-14,27.3,13.8,20.6,0.0,0.0,0.0,10.4,21.9,3,31.2,31.7,23.2,19.6,0.26,0.0,13.0,8.3,36.357142857142854,0.38600000000000084,3,73,33.7,0,0.0
2017-03-15,33.7,14.6,22.8,0.0,0.0,0.0,9.5,15.2,0,27.3,33.4,13.8,19.2,0.0,0.126,10.4,11.2,33.81428571428571,0.38600000000000084,3,74,43.2,0,0.0
2017-03-16,43.2,18.8,31.9,0.004,0.004,0.0,13.9,23.9,51,33.7,31.2,14.6,23.2,0.0,0.26,9.5,13.0,33.25714285714286,0.39000000000000085,3,75,59.2,0,0.0
2017-03-17,59.2,38.5,46.6,0.122,0.122,0.0,19.3,33.6,55,43.2,27.3,18.8,13.8,0.004,0.0,13.9,10.4,37.1,0.5120000000000009,3,76,48.5,0,0.0
2017-03-18,48.5,32.1,39.1,0.0,0.0,0.0,16.2,29.8,3,59.2,33.7,38.5,14.6,0.122,0.0,19.3,9.5,39.5,0.5120000000000009,3,77,58.1,0,0.0
2017-03-19,58.1,29.4,43.8,0.0,0.0,0.0,17.4,31.5,2,48.5,43.2,32.1,18.8,0.0,0.004,16.2,13.9,43.028571428571425,0.38600000000000084,3,78,64.5,0,0.0
2017-03-20,64.5,41.4,52.3,0.0,0.0,0.0,12.3,23.9,3,58.1,59.2,29.4,38.5,0.0,0.122,17.4,19.3,47.785714285714285,0.12600000000000083,3,79,47.7,0,0.0
2017-03-21,47.7,36.3,43.2,0.012,0.012,0.0,12.1,22.6,51,64.5,48.5,41.4,32.1,0.0,0.0,12.3,16.2,50.7,0.13800000000000084,3,80,42.8,0,0.0
2017-03-22,42.8,26.4,35.4,0.0,0.0,0.0,12.0,23.3,3,47.7,58.1,36.3,29.4,0.012,0.0,12.1,17.4,52.0,0.13800000000000084,3,81,46.2,0,0.0
2017-03-23,46.2,35.1,39.9,0.004,0.004,0.0,16.0,28.9,51,42.8,64.5,26.4,41.4,0.0,0.0,12.0,12.3,52.42857142857143,0.13800000000000084,3,82,69.5,0,0.0
2017-03-24,69.5,48.7,58.7,0.35,0.35,0.0,17.9,30.6,61,46.2,47.7,35.1,36.3,0.004,0.012,16.0,12.1,53.9,0.3660000000000008,3,83,53.3,0,0.0
2017-03-25,53.3,42.0,45.4,0.35,0.35,0.0,16.2,28.4,61,69.5,42.8,48.7,26.4,0.35,0.0,17.9,12.0,54.58571428571429,0.7160000000000009,3,84,48.5,0,0.0
2017-03-26,48.5,44.5,47.2,0.067,0.067,0.0,11.9,20.1,53,53.3,46.2,42.0,35.1,0.35,0.004,16.2,16.0,53.214285714285715,0.7830000000000008,3,85,51.7,0,0.0
2017-03-27,51.7,44.1,47.8,0.0,0.0,0.0,7.2,13.0,3,48.5,69.5,44.5,48.7,0.067,0.35,11.9,17.9,51.38571428571429,0.7830000000000008,3,86,53.5,0,0.0
2017-03-28,53.5,44.8,48.8,0.039,0.039,0.0,7.2,15.0,51,51.7,53.3,44.1,42.0,0.0,0.35,7.2,16.2,52.214285714285715,0.8100000000000008,3,87,46.5,0,0.0
2017-03-29,46.5,40.5,43.9,0.516,0.516,0.0,20.2,34.9,63,53.5,48.5,44.8,44.5,0.039,0.067,7.2,11.9,52.74285714285715,1.326000000000001,3,88,44.8,0,0.0
2017-03-30,44.8,40.3,43.0,0.555,0.555,0.0,19.8,34.2,63,46.5,51.7,40.5,44.1,0.516,0.0,20.2,7.2,52.54285714285714,1.877000000000001,3,89,48.5,0,0.0
2017-03-31,48.5,38.0,42.1,0.0,0.0,0.0,12.4,22.1,3,44.8,53.5,40.3,44.8,0.555,0.039,19.8,7.2,49.54285714285714,1.527000000000001,3,90,56.4,0,0.0
2017-04-01,56.4,33.9,45.4,0.0,0.0,0.0,6.2,12.8,3,48.5,46.5,38.0,40.5,0.0,0.516,12.4,20.2,49.98571428571429,1.177000000000001,4,91,54.0,0,0.0
2017-04-02,54.0,45.6,48.5,0.193,0.193,0.0,12.2,23.7,63,56.4,44.8,33.9,40.3,0.0,0.555,6.2,19.8,50.771428571428565,1.303000000000001,4,92,59.4,0,0.0
2017-04-03,59.4,48.2,52.0,0.457,0.457,0.0,9.1,17.7,61,54.0,48.5,45.6,38.0,0.193,0.0,12.2,12.4,51.87142857142857,1.7600000000000011,4,93,55.8,0,0.0
2017-04-04,55.8,47.4,50.5,0.043,0.043,0.0,11.2,23.5,51,59.4,56.4,48.2,33.9,0.457,0.0,9.1,6.2,52.199999999999996,1.764000000000001,4,94,47.3,0,0.0
2017-04-05,47.3,40.3,43.1,0.858,0.858,0.0,23.8,41.8,63,55.8,54.0,47.4,45.6,0.043,0.193,11.2,12.2,52.31428571428571,2.106000000000001,4,95,52.7,0,0.0
2017-04-06,52.7,39.4,45.9,0.0,0.0,0.0,20.6,38.9,3,47.3,59.4,40.3,48.2,0.858,0.457,23.8,9.1,53.442857142857136,1.551000000000001,4,96,54.9,0,0.0
2017-04-07,54.9,30.6,43.9,0.0,0.0,0.0,10.6,20.1,3,52.7,55.8,39.4,47.4,0.0,0.043,20.6,11.2,54.357142857142854,1.551000000000001,4,97,72.6,0,0.0
2017-04-08,72.6,41.3,57.1,0.0,0.0,0.0,16.9,30.6,3,54.9,47.3,30.6,40.3,0.0,0.858,10.6,23.8,56.67142857142857,1.551000000000001,4,98,76.4,0,0.0
2017-04-09,76.4,58.5,67.2,0.0,0.0,0.0,19.6,34.4,3,72.6,52.7,41.3,39.4,0.0,0.0,16.9,20.6,59.871428571428574,1.358000000000001,4,99,68.7,0,0.0
2017-04-10,68.7,50.4,61.7,0.197,0.197,0.0,16.5,34.0,63,76.4,54.9,58.5,30.6,0.0,0.0,19.6,10.6,61.2,1.098000000000001,4,100,56.9,0,0.0
2017-04-11,56.9,42.6,48.7,0.0,0.0,0.0,13.4,24.6,3,68.7,72.6,50.4,41.3,0.197,0.0,16.5,16.9,61.357142857142854,1.055000000000001,4,101,67.9,0,0.0
2017-04-12,67.9,38.3,53.7,0.024,0.024,0.0,12.5,23.5,53,56.9,76.4,42.6,58.5,0.0,0.0,13.4,19.6,64.3,0.2210000000000009,4,102,68.9,0,0.0
2017-04-13,68.9,49.9,58.8,0.205,0.205,0.0,13.4,22.6,61,67.9,68.7,38.3,50.4,0.024,0.197,12.5,16.5,66.61428571428571,0.4260000000000009,4,103,70.8,0,0.0
2017-04-14,70.8,49.6,59.9,0.055,0.055,0.0,13.9,29.1,53,68.9,56.9,49.9,42.6,0.205,0.0,13.4,13.4,68.88571428571429,0.48100000000000087,4,104,74.3,0,0.0
2017-04-15,74.3,60.6,66.4,0.858,0.858,0.0,17.2,38.7,65,70.8,67.9,49.6,38.3,0.055,0.024,13.9,12.5,69.12857142857142,1.3390000000000009,4,105,68.9,0,0.0
2017-04-16,68.9,53.2,61.5,0.138,0.138,0.0,12.7,30.0,61,74.3,68.9,60.6,49.9,0.858,0.205,17.2,13.4,68.05714285714286,1.4770000000000008,4,106,70.1,0,0.0
2017-04-17,70.1,43.5,58.1,0.0,0.0,0.0,7.2,14.3,3,68.9,70.8,53.2,49.6,0.138,0.055,12.7,13.9,68.25714285714285,1.2800000000000007,4,107,72.9,0,0.0
2017-04-18,72.9,50.5,61.4,0.047,0.047,0.0,19.0,34.2,55,70.1,74.3,43.5,60.6,0.0,0.858,7.2,17.2,70.54285714285714,1.3270000000000008,4,108,71.2,0,0.0
2017-04-19,71.2,54.0,63.2,0.106,0.106,0.0,13.9,27.1,61,72.9,68.9,50.5,53.2,0.047,0.138,19.0,12.7,71.0142857142857,1.4090000000000007,4,109,69.5,0,0.0
2017-04-20,69.5,49.4,58.1,0.016,0.016,0.0,17.5,33.3,51,71.2,70.1,54.0,43.5,0.106,0.0,13.9,7.2,71.1,1.2200000000000009,4,110,58.0,0,0.0
2017-04-21,58.0,42.3,50.4,0.0,0.0,0.0,13.5,25.9,3,69.5,72.9,49.4,50.5,0.016,0.047,17.5,19.0,69.27142857142857,1.1650000000000007,4,111,61.0,0,0.0
2017-04-22,61.0,41.7,50.8,0.0,0.0,0.0,9.6,19.9,3,58.0,71.2,42.3,54.0,0.0,0.106,13.5,13.9,67.37142857142858,0.3070000000000009,4,112,67.2,0,0.0
2017-04-23,67.2,38.6,54.0,0.0,0.0,0.0,6.5,11.6,3,61.0,69.5,41.7,49.4,0.0,0.016,9.6,17.5,67.12857142857142,0.16900000000000087,4,113,70.9,0,0.0
2017-04-24,70.9,42.7,58.0,0.0,0.0,0.0,15.9,28.6,3,67.2,58.0,38.6,42.3,0.0,0.0,6.5,13.5,67.24285714285715,0.16900000000000087,4,114,71.8,0,0.0
2017-04-25,71.8,52.0,62.4,0.067,0.067,0.0,14.6,26.4,61,70.9,61.0,42.7,41.7,0.0,0.0,15.9,9.6,67.08571428571429,0.1890000000000009,4,115,62.5,0,0.0
2017-04-26,62.5,45.5,53.9,0.22,0.22,0.0,13.9,26.8,61,71.8,67.2,52.0,38.6,0.067,0.0,14.6,6.5,65.84285714285714,0.3030000000000009,4,116,54.0,0,0.0
2017-04-27,54.0,35.3,44.4,0.232,0.217,0.11,15.0,28.9,73,62.5,70.9,45.5,42.7,0.22,0.0,13.9,15.9,63.62857142857143,0.5190000000000009,4,117,47.5,0,0.0
2017-04-28,47.5,38.6,44.4,0.378,0.378,0.0,11.5,21.0,63,54.0,71.8,35.3,52.0,0.232,0.067,15.0,14.6,62.12857142857143,0.8970000000000009,4,118,49.8,0,0.0
2017-04-29,49.8,41.5,45.4,0.713,0.713,0.0,20.5,35.8,63,47.5,62.5,38.6,45.5,0.378,0.22,11.5,13.9,60.52857142857143,1.6100000000000008,4,119,49.4,0,0.0
2017-04-30,49.4,41.4,45.4,0.913,0.913,0.0,20.1,39.4,65,49.8,54.0,41.5,35.3,0.713,0.232,20.5,15.0,57.98571428571428,2.523000000000001,4,120,53.2,0,0.0
2017-05-01,53.2,42.8,46.3,0.154,0.154,0.0,20.8,39.1,53,49.4,47.5,41.4,38.6,0.913,0.378,20.1,11.5,55.457142857142856,2.677000000000001,5,121,58.6,0,0.0
2017-05-02,58.6,39.9,48.2,0.0,0.0,0.0,21.5,38.9,3,53.2,49.8,42.8,41.5,0.154,0.713,20.8,20.5,53.57142857142857,2.6100000000000008,5,122,57.8,0,0.0
2017-05-03,57.8,34.9,48.1,0.0,0.0,0.0,8.3,17.9,3,58.6,49.4,39.9,41.4,0.0,0.913,21.5,20.1,52.89999999999999,2.390000000000001,5,123,64.0,0,0.0
2017-05-04,64.0,38.4,52.7,0.0,0.0,0.0,14.9,27.7,3,57.8,53.2,34.9,42.8,0.0,0.154,8.3,20.8,54.32857142857142,2.158000000000001,5,124,67.5,0,0.0
2017-05-05,67.5,44.0,56.6,0.0,0.0,0.0,13.9,25.3,2,64.0,58.6,38.4,39.9,0.0,0.0,14.9,21.5,57.185714285714276,1.780000000000001,5,125,63.8,0,0.0
2017-05-06,63.8,46.7,57.1,0.0,0.0,0.0,15.5,26.4,1,67.5,57.8,44.0,34.9,0.0,0.0,13.9,8.3,59.18571428571429,1.067000000000001,5,126,65.7,0,0.0
2017-05-07,65.7,43.2,54.9,0.0,0.0,0.0,6.8,13.4,2,63.8,64.0,46.7,38.4,0.0,0.0,15.5,14.9,61.51428571428572,0.1540000000000009,5,127,71.5,0,0.0
2017-05-08,71.5,47.6,59.8,0.008,0.008,0.0,11.9,25.9,51,65.7,67.5,43.2,44.0,0.0,0.0,6.8,13.9,64.12857142857142,0.008000000000000888,5,128,72.4,0,0.0
2017-05-09,72.4,54.4,63.3,0.0,0.0,0.0,9.0,17.7,3,71.5,63.8,47.6,46.7,0.008,0.0,11.9,15.5,66.1,0.008000000000000888,5,129,75.4,0,0.0
2017-05-10,75.4,54.5,62.4,0.61,0.61,0.0,13.0,25.9,63,72.4,65.7,54.4,43.2,0.0,0.0,9.0,6.8,68.61428571428571,0.6180000000000009,5,130,69.9,0,0.0
2017-05-11,69.9,52.9,61.1,0.004,0.004,0.0,10.6,18.8,51,75.4,71.5,54.5,47.6,0.61,0.008,13.0,11.9,69.45714285714286,0.6220000000000009,5,131,69.6,0,0.0
2017-05-12,69.6,50.3,60.5,0.0,0.0,0.0,11.0,21.9,2,69.9,72.4,52.9,54.4,0.004,0.0,10.6,9.0,69.75714285714287,0.6220000000000009,5,132,76.7,0,0.0
2017-05-13,76.7,50.0,64.0,0.0,0.0,0.0,11.9,22.6,1,69.6,75.4,50.3,54.5,0.0,0.61,11.0,13.0,71.60000000000001,0.6220000000000009,5,133,79.4,0,0.0
2017-05-14,79.4,55.8,68.4,0.0,0.0,0.0,12.5,23.7,3,76.7,69.9,50.0,52.9,0.0,0.004,11.9,10.6,73.55714285714285,0.6220000000000009,5,134,85.4,0,0.0
2017-05-15,85.4,59.8,72.4,0.016,0.016,0.0,12.9,27.1,51,79.4,69.6,55.8,50.3,0.0,0.0,12.5,11.0,75.54285714285713,0.6300000000000009,5,135,85.8,0,0.0
2017-05-16,85.8,65.3,76.2,0.0,0.0,0.0,18.6,35.8,3,85.4,76.7,59.8,50.0,0.016,0.0,12.9,11.9,77.45714285714287,0.6300000000000009,5,136,79.1,0,0.0
2017-05-17,79.1,63.9,71.5,0.28,0.28,0.0,21.5,45.4,63,85.8,79.4,65.3,55.8,0.0,0.0,18.6,12.5,77.9857142857143,0.30000000000000093,5,137,69.7,0,0.0
2017-05-18,69.7,57.5,63.5,0.0,0.0,0.0,17.2,30.9,3,79.1,85.4,63.9,59.8,0.28,0.016,21.5,12.9,77.95714285714287,0.29600000000000093,5,138,56.7,0,0.0
2017-05-19,56.7,46.8,50.7,0.673,0.673,0.0,19.3,33.6,63,69.7,85.8,57.5,65.3,0.0,0.0,17.2,18.6,76.11428571428571,0.969000000000001,5,139,66.5,0,0.0
2017-05-20,66.5,47.0,54.0,0.307,0.307,0.0,16.3,28.6,61,56.7,79.1,46.8,63.9,0.673,0.28,19.3,21.5,74.65714285714286,1.276000000000001,5,140,55.5,0,0.0
2017-05-21,55.5,48.8,52.4,0.008,0.008,0.0,18.6,34.0,51,66.5,69.7,47.0,57.5,0.307,0.0,16.3,17.2,71.24285714285715,1.284000000000001,5,141,70.3,0,0.0
2017-05-22,70.3,44.2,58.0,0.114,0.114,0.0,16.0,35.1,61,55.5,56.7,48.8,46.8,0.008,0.673,18.6,19.3,69.08571428571427,1.382000000000001,5,142,63.5,0,0.0
2017-05-23,63.5,50.5,57.1,0.012,0.012,0.0,11.5,22.6,51,70.3,66.5,44.2,47.0,0.114,0.307,16.0,16.3,65.89999999999999,1.394000000000001,5,143,63.8,0,0.0
2017-05-24,63.8,46.0,54.9,0.035,0.035,0.0,12.9,25.1,51,63.5,55.5,50.5,48.8,0.012,0.008,11.5,18.6,63.714285714285715,1.149000000000001,5,144,68.1,0,0.0
2017-05-25,68.1,47.7,58.7,0.0,0.0,0.0,7.9,13.9,3,63.8,70.3,46.0,44.2,0.035,0.114,12.9,16.0,63.48571428571428,1.149000000000001,5,145,70.3,0,0.0
2017-05-26,70.3,55.7,62.6,0.303,0.303,0.0,10.6,18.6,63,68.1,63.5,47.7,50.5,0.0,0.012,7.9,11.5,65.42857142857142,0.7790000000000008,5,146,76.7,0,0.0
2017-05-27,76.7,51.7,64.8,0.004,0.004,0.0,8.7,15.9,51,70.3,63.8,55.7,46.0,0.303,0.035,10.6,12.9,66.88571428571429,0.47600000000000087,5,147,75.0,0,0.0
2017-05-28,75.0,56.5,65.7,0.012,0.012,0.0,14.0,30.4,51,76.7,68.1,51.7,47.7,0.004,0.0,8.7,7.9,69.67142857142858,0.48000000000000087,5,148,70.1,0,0.0
2017-05-29,70.1,53.3,62.2,0.031,0.031,0.0,18.0,34.7,53,75.0,70.3,56.5,55.7,0.012,0.303,14.0,10.6,69.64285714285714,0.39700000000000085,5,149,70.1,0,0.0
2017-05-30,70.1,50.7,60.5,0.016,0.016,0.0,17.9,34.7,51,70.1,76.7,53.3,51.7,0.031,0.004,18.0,8.7,70.58571428571429,0.40100000000000086,5,150,69.9,0,0.0
2017-05-31,69.9,48.8,60.4,0.0,0.0,0.0,10.2,21.0,0,70.1,75.0,50.7,56.5,0.016,0.012,17.9,14.0,71.45714285714286,0.3660000000000009,5,151,76.8,0,0.0
2017-06-01,76.8,50.8,65.9,0.0,0.0,0.0,7.3,13.4,0,69.9,70.1,48.8,53.3,0.0,0.031,10.2,18.0,72.7,0.3660000000000009,6,152,82.9,0,0.0
2017-06-02,82.9,56.1,71.0,0.0,0.0,0.0,7.6,15.9,1,76.8,70.1,50.8,50.7,0.0,0.016,7.3,17.9,74.5,0.06300000000000089,6,153,85.5,0,0.0
2017-06-03,85.5,62.8,75.4,0.0,0.0,0.0,8.9,18.6,3,82.9,69.9,56.1,48.8,0.0,0.0,7.6,10.2,75.75714285714285,0.059000000000000885,6,154,86.9,0,0.0
2017-06-04,86.9,66.4,76.4,0.0,0.0,0.0,7.5,14.5,3,85.5,76.8,62.8,50.8,0.0,0.0,8.9,7.3,77.45714285714284,0.04700000000000089,6,155,81.8,0,0.0
2017-06-05,81.8,60.4,71.3,0.0,0.0,0.0,14.6,26.6,2,86.9,82.9,66.4,56.1,0.0,0.0,7.5,7.6,79.12857142857142,0.01600000000000089,6,156,75.4,0,0.0
2017-06-06,75.4,56.2,66.4,0.0,0.0,0.0,9.8,21.3,0,81.8,85.5,60.4,62.8,0.0,0.0,14.6,8.9,79.88571428571429,0.0,6,157,77.4,0,0.0
2017-06-07,77.4,54.8,67.6,0.0,0.0,0.0,7.8,17.0,2,75.4,86.9,56.2,66.4,0.0,0.0,9.8,7.5,80.95714285714287,0.0,6,158,82.8,0,0.0
2017-06-08,82.8,57.7,71.6,0.0,0.0,0.0,9.2,18.6,3,77.4,81.8,54.8,60.4,0.0,0.0,7.8,14.6,81.81428571428572,0.0,6,159,88.3,0,0.0
2017-06-09,88.3,64.5,77.7,0.0,0.0,0.0,12.5,22.6,2,82.8,75.4,57.7,56.2,0.0,0.0,9.2,9.8,82.58571428571429,0.0,6,160,92.1,0,0.0
2017-06-10,92.1,68.7,80.6,0.0,0.0,0.0,22.0,40.3,1,88.3,77.4,64.5,54.8,0.0,0.0,12.5,7.8,83.52857142857144,0.0,6,161,96.0,0,0.0
2017-06-11,96.0,74.5,84.5,0.0,0.0,0.0,19.5,35.1,2,92.1,82.8,68.7,57.7,0.0,0.0,22.0,9.2,84.82857142857142,0.0,6,162,97.0,0,0.0
2017-06-12,97.0,76.6,85.0,0.0,0.0,0.0,14.3,26.6,3,96.0,88.3,74.5,64.5,0.0,0.0,19.5,12.5,87.0,0.0,6,163,95.5,0,0.0
2017-06-13,95.5,76.6,85.7,0.016,0.016,0.0,14.1,28.0,51,97.0,92.1,76.6,68.7,0.0,0.0,14.3,22.0,89.87142857142855,0.01600000000000089,6,164,92.2,0,0.0
2017-06-14,92.2,75.1,82.6,0.063,0.063,0.0,14.9,31.3,55,95.5,96.0,76.6,74.5,0.016,0.0,14.1,19.5,91.98571428571428,0.07900000000000089,6,165,90.9,0,0.0
2017-06-15,90.9,69.3,80.3,0.016,0.016,0.0,9.7,18.8,51,92.2,97.0,75.1,76.6,0.063,0.0,14.9,14.3,93.14285714285714,0.09500000000000089,6,166,86.4,0,0.0
2017-06-16,86.4,66.9,77.4,0.043,0.043,0.0,13.7,25.7,53,90.9,95.5,69.3,76.6,0.016,0.016,9.7,14.1,92.87142857142858,0.1380000000000009,6,167,83.8,0,0.0
2017-06-17,83.8,69.9,76.4,0.476,0.476,0.0,12.1,22.8,63,86.4,92.2,66.9,75.1,0.043,0.063,13.7,14.9,91.6857142857143,0.6140000000000009,6,168,75.1,0,0.0
2017-06-18,75.1,64.2,69.8,0.0,0.0,0.0,17.9,32.4,3,83.8,90.9,69.9,69.3,0.476,0.016,12.1,9.7,88.70000000000002,0.6140000000000009,6,169,76.7,0,0.0
2017-06-19,76.7,59.1,67.8,0.083,0.083,0.0,15.1,33.8,61,75.1,86.4,64.2,66.9,0.0,0.043,17.9,13.7,85.8,0.6970000000000008,6,170,83.4,0,0.0
2017-06-20,83.4,56.7,70.6,0.024,0.024,0.0,18.4,33.1,53,76.7,83.8,59.1,69.9,0.083,0.476,15.1,12.1,84.07142857142857,0.7050000000000008,6,171,85.3,0,0.0
2017-06-21,85.3,61.2,71.6,0.197,0.197,0.0,12.4,28.9,61,83.4,75.1,56.7,64.2,0.024,0.0,18.4,17.9,83.08571428571429,0.839000000000001,6,172,89.2,0,0.0
2017-06-22,89.2,72.7,80.5,0.0,0.0,0.0,15.7,29.1,3,85.3,76.7,61.2,59.1,0.197,0.083,12.4,15.1,82.84285714285714,0.823000000000001,6,173,79.7,0,0.0
2017-06-23,79.7,65.0,71.3,0.248,0.248,0.0,19.5,35.8,63,89.2,83.4,72.7,56.7,0.0,0.024,15.7,18.4,81.88571428571429,1.028000000000001,6,174,71.1,0,0.0
2017-06-24,71.1,58.4,65.3,0.0,0.0,0.0,17.5,31.3,3,79.7,85.3,65.0,61.2,0.248,0.197,19.5,12.4,80.07142857142857,0.5520000000000009,6,175,67.7,0,0.0
2017-06-25,67.7,53.3,61.1,0.0,0.0,0.0,17.4,32.2,3,71.1,89.2,58.4,72.7,0.0,0.0,17.5,15.7,79.01428571428572,0.5520000000000009,6,176,69.7,0,0.0
2017-06-26,69.7,53.0,61.6,0.126,0.126,0.0,12.7,25.9,63,67.7,79.7,53.3,65.0,0.0,0.248,17.4,19.5,78.01428571428572,0.5950000000000009,6,177,75.5,0,0.0
2017-06-27,75.5,49.1,64.1,0.0,0.0,0.0,10.1,18.1,3,69.7,71.1,53.0,58.4,0.126,0.0,12.7,17.5,76.88571428571429,0.5710000000000008,6,178,82.3,0,0.0
2017-06-28,82.3,63.4,72.6,0.646,0.646,0.0,21.8,45.2,65,75.5,67.7,49.1,53.3,0.0,0.0,10.1,17.4,76.45714285714287,1.020000000000001,6,179,80.4,0,0.0
2017-06-29,80.4,68.0,74.2,0.11,0.11,0.0,16.8,37.8,53,82.3,69.7,63.4,53.0,0.646,0.126,21.8,12.7,75.2,1.130000000000001,6,180,80.8,0,0.0
2017-06-30,80.8,67.0,72.8,0.024,0.024,0.0,10.6,19.7,51,80.4,75.5,68.0,49.1,0.11,0.0,16.8,10.1,75.35714285714286,0.9060000000000009,6,181,78.6,0,0.0
2017-07-01,78.6,63.3,71.2,0.012,0.012,0.0,14.5,27.7,51,80.8,82.3,67.0,63.4,0.024,0.646,10.6,21.8,76.42857142857143,0.9180000000000009,7,182,86.4,0,0.0
2017-07-02,86.4,60.9,74.0,0.004,0.004,0.0,14.3,26.8,51,78.6,80.4,63.3,68.0,0.012,0.11,14.5,16.8,79.10000000000001,0.9220000000000009,7,183,86.8,0,0.0
2017-07-03,86.8,67.4,77.1,0.11,0.11,0.0,10.6,18.6,61,86.4,80.8,60.9,67.0,0.004,0.024,14.3,10.6,81.54285714285713,0.9060000000000009,7,184,86.9,0,0.0
2017-07-04,86.9,66.8,76.5,0.02,0.02,0.0,10.3,19.0,51,86.8,78.6,67.4,63.3,0.11,0.012,10.6,14.5,83.17142857142858,0.9260000000000009,7,185,86.6,0,0.0
2017-07-05,86.6,69.0,77.1,0.134,0.134,0.0,9.1,18.8,63,86.9,86.4,66.8,60.9,0.02,0.004,10.3,14.3,83.78571428571429,0.4140000000000009,7,186,91.9,0,0.0
2017-07-06,91.9,68.3,81.0,0.0,0.0,0.0,11.8,22.8,3,86.6,86.8,69.0,67.4,0.134,0.11,9.1,10.6,85.42857142857143,0.30400000000000094,7,187,85.6,0,0.0
2017-07-07,85.6,70.5,79.0,0.028,0.028,0.0,15.0,28.9,51,91.9,86.9,68.3,66.8,0.0,0.02,11.8,10.3,86.11428571428573,0.3080000000000009,7,188,83.7,0,0.0
2017-07-08,83.7,65.8,74.8,0.0,0.0,0.0,9.3,20.4,3,85.6,86.6,70.5,69.0,0.028,0.134,15.0,9.1,86.84285714285716,0.2960000000000009,7,189,90.9,0,0.0
2017-07-09,90.9,66.7,79.4,0.039,0.039,0.0,10.5,16.8,51,83.7,91.9,65.8,68.3,0.0,0.0,9.3,11.8,87.48571428571428,0.33100000000000085,7,190,96.2,0,0.0
2017-07-10,96.2,72.6,84.2,0.13,0.13,0.0,18.3,32.9,61,90.9,85.6,66.7,70.5,0.039,0.028,10.5,15.0,88.82857142857142,0.35100000000000087,7,191,92.8,0,0.0
2017-07-11,92.8,69.9,78.9,0.433,0.433,0.0,11.2,20.1,65,96.2,83.7,72.6,65.8,0.13,0.0,18.3,9.3,89.67142857142858,0.7640000000000009,7,192,90.9,0,0.0
2017-07-12,90.9,73.8,82.6,0.165,0.165,0.0,17.6,31.3,63,92.8,90.9,69.9,66.7,0.433,0.039,11.2,10.5,90.28571428571429,0.7950000000000009,7,193,81.7,0,0.0
2017-07-13,81.7,69.0,75.6,0.0,0.0,0.0,11.1,22.6,3,90.9,96.2,73.8,72.6,0.165,0.13,17.6,18.3,88.82857142857144,0.7950000000000009,7,194,76.7,0,0.0
2017-07-14,76.7,61.6,69.6,0.0,0.0,0.0,10.0,21.0,3,81.7,92.8,69.0,69.9,0.0,0.433,11.1,11.2,87.55714285714285,0.7670000000000009,7,195,86.4,0,0.0
2017-07-15,86.4,60.7,74.2,0.0,0.0,0.0,8.3,13.9,3,76.7,90.9,61.6,73.8,0.0,0.165,10.0,17.6,87.94285714285716,0.7670000000000009,7,196,84.5,0,0.0
2017-07-16,84.5,71.8,78.6,0.122,0.122,0.0,11.5,22.1,55,86.4,81.7,60.7,69.0,0.0,0.0,8.3,11.1,87.02857142857144,0.850000000000001,7,197,84.1,0,0.0
2017-07-17,84.1,63.0,73.7,0.0,0.0,0.0,9.1,17.9,1,84.5,76.7,71.8,61.6,0.122,0.0,11.5,10.0,85.3,0.720000000000001,7,198,89.7,0,0.0
2017-07-18,89.7,68.6,79.1,0.031,0.031,0.0,9.0,18.8,51,84.1,86.4,63.0,60.7,0.0,0.0,9.1,8.3,84.85714285714286,0.3180000000000009,7,199,93.7,0,0.0
2017-07-19,93.7,73.4,83.6,0.051,0.051,0.0,11.3,19.2,53,89.7,84.5,68.6,71.8,0.031,0.122,9.0,11.5,85.25714285714285,0.20400000000000088,7,200,95.6,0,0.0
2017-07-20,95.6,76.8,84.6,0.5,0.5,0.0,13.0,22.1,63,93.7,84.1,73.4,63.0,0.051,0.0,11.3,9.1,87.24285714285713,0.7040000000000008,7,201,94.2,0,0.0
2017-07-21,94.2,75.0,83.6,0.0,0.0,0.0,15.2,30.9,3,95.6,89.7,76.8,68.6,0.5,0.031,13.0,9.0,89.74285714285715,0.7040000000000008,7,202,88.8,0,0.0
2017-07-22,88.8,71.1,80.7,0.126,0.126,0.0,13.4,33.8,63,94.2,93.7,75.0,73.4,0.0,0.051,15.2,11.3,90.08571428571427,0.8300000000000008,7,203,85.2,0,0.0
2017-07-23,85.2,70.1,77.9,0.051,0.051,0.0,16.7,30.4,55,88.8,95.6,71.1,76.8,0.126,0.5,13.4,13.0,90.18571428571428,0.7590000000000009,7,204,77.4,0,0.0
2017-07-24,77.4,64.0,71.2,0.035,0.035,0.0,9.1,17.9,51,85.2,94.2,70.1,75.0,0.051,0.0,16.7,15.2,89.22857142857143,0.7940000000000008,7,205,87.7,0,0.0
2017-07-25,87.7,64.2,75.3,0.0,0.0,0.0,11.0,22.1,3,77.4,88.8,64.0,71.1,0.035,0.126,9.1,13.4,88.94285714285715,0.7630000000000008,7,206,85.7,0,0.0
2017-07-26,85.7,72.1,77.3,0.354,0.354,0.0,9.7,20.1,63,87.7,85.2,64.2,70.1,0.0,0.051,11.0,16.7,87.8,1.066000000000001,7,207,83.6,0,0.0
2017-07-27,83.6,69.9,76.3,0.0,0.0,0.0,11.5,21.7,3,85.7,77.4,72.1,64.0,0.354,0.035,9.7,9.1,86.08571428571429,0.566000000000001,7,208,81.1,0,0.0
2017-07-28,81.1,64.6,72.9,0.0,0.0,0.0,9.7,20.1,3,83.6,87.7,69.9,64.2,0.0,0.0,11.5,11.0,84.21428571428571,0.566000000000001,7,209,79.0,0,0.0
2017-07-29,79.0,60.9,70.5,0.0,0.0,0.0,11.3,23.0,3,81.1,85.7,64.6,72.1,0.0,0.354,9.7,9.7,82.81428571428572,0.4400000000000009,7,210,80.6,0,0.0
2017-07-30,80.6,57.2,69.9,0.0,0.0,0.0,6.6,14.1,2,79.0,83.6,60.9,69.9,0.0,0.0,11.3,11.5,82.15714285714286,0.3890000000000009,7,211,82.5,0,0.0
2017-07-31,82.5,61.2,72.6,0.004,0.004,0.0,5.8,13.4,51,80.6,81.1,57.2,64.6,0.0,0.0,6.6,9.7,82.88571428571429,0.3580000000000009,7,212,83.8,0,0.0
2017-08-01,83.8,67.6,75.5,0.012,0.012,0.0,4.9,13.6,51,82.5,79.0,61.2,60.9,0.004,0.0,5.8,11.3,82.32857142857142,0.3700000000000009,8,213,85.7,0,0.0
2017-08-02,85.7,66.7,76.3,0.02,0.02,0.0,9.4,18.8,51,83.8,80.6,67.6,57.2,0.012,0.0,4.9,6.6,82.32857142857142,0.03600000000000089,8,214,79.2,0,0.0
2017-08-03,79.2,62.2,72.2,0.126,0.126,0.0,18.4,34.2,61,85.7,82.5,66.7,61.2,0.02,0.004,9.4,5.8,81.7,0.1620000000000009,8,215,75.3,0,0.0
2017-08-04,75.3,55.6,65.6,0.0,0.0,0.0,19.8,36.0,3,79.2,83.8,62.2,67.6,0.126,0.012,18.4,4.9,80.87142857142858,0.1620000000000009,8,216,84.0,0,0.0
2017-08-05,84.0,57.1,70.7,0.0,0.0,0.0,14.4,26.2,3,75.3,85.7,55.6,66.7,0.0,0.02,19.8,9.4,81.58571428571429,0.1620000000000009,8,217,79.2,0,0.0
2017-08-06,79.2,65.1,71.3,0.0,0.0,0.0,10.4,20.4,3,84.0,79.2,57.1,62.2,0.0,0.126,14.4,18.4,81.38571428571429,0.1620000000000009,8,218,78.3,0,0.0
2017-08-07,78.3,60.2,69.6,0.0,0.0,0.0,10.3,23.0,1,79.2,75.3,65.1,55.6,0.0,0.0,10.4,19.8,80.78571428571429,0.1580000000000009,8,219,83.2,0,0.0
2017-08-08,83.2,60.0,71.5,0.0,0.0,0.0,7.8,20.6,3,78.3,84.0,60.2,57.1,0.0,0.0,10.3,14.4,80.7,0.1460000000000009,8,220,86.2,0,0.0
2017-08-09,86.2,61.2,74.6,0.0,0.0,0.0,10.8,22.8,3,83.2,79.2,60.0,65.1,0.0,0.0,7.8,10.4,80.77142857142857,0.1260000000000009,8,221,86.8,0,0.0
2017-08-10,86.8,68.6,76.8,0.106,0.106,0.0,12.9,28.2,63,86.2,78.3,61.2,60.2,0.0,0.0,10.8,10.3,81.85714285714286,0.10600000000000089,8,222,78.5,0,0.0
2017-08-11,78.5,63.0,70.4,0.0,0.0,0.0,13.7,27.5,3,86.8,83.2,68.6,60.0,0.106,0.0,12.9,7.8,82.31428571428572,0.10600000000000089,8,223,79.5,0,0.0
2017-08-12,79.5,57.7,69.1,0.0,0.0,0.0,8.8,19.9,2,78.5,86.2,63.0,61.2,0.0,0.0,13.7,10.8,81.67142857142858,0.10600000000000089,8,224,79.8,0,0.0
2017-08-13,79.8,58.9,69.1,0.031,0.031,0.0,9.4,18.8,53,79.5,86.8,57.7,68.6,0.0,0.106,8.8,12.9,81.75714285714285,0.1370000000000009,8,225,86.4,0,0.0
2017-08-14,86.4,63.6,73.8,0.079,0.079,0.0,14.4,27.3,53,79.8,78.5,58.9,63.0,0.031,0.0,9.4,13.7,82.91428571428571,0.21600000000000089,8,226,88.6,0,0.0
2017-08-15,88.6,62.6,74.8,0.0,0.0,0.0,12.0,24.6,3,86.4,79.5,63.6,57.7,0.079,0.0,14.4,8.8,83.68571428571428,0.21600000000000089,8,227,86.1,0,0.0
2017-08-16,86.1,69.2,77.1,0.409,0.409,0.0,17.3,33.6,63,88.6,79.8,62.6,58.9,0.0,0.031,12.0,9.4,83.67142857142856,0.6250000000000009,8,228,81.0,0,0.0
2017-08-17,81.0,69.1,74.8,0.016,0.016,0.0,17.9,32.2,51,86.1,86.4,69.2,63.6,0.409,0.079,17.3,14.4,82.84285714285714,0.5350000000000008,8,229,79.6,0,0.0
2017-08-18,79.6,63.6,71.6,0.016,0.016,0.0,9.8,19.0,51,81.0,88.6,69.1,62.6,0.016,0.0,17.9,12.0,83.0,0.5510000000000008,8,230,83.1,0,0.0
2017-08-19,83.1,62.2,72.2,0.047,0.047,0.0,6.6,16.6,53,79.6,86.1,63.6,69.2,0.016,0.409,9.8,17.3,83.51428571428572,0.5980000000000009,8,231,86.9,0,0.0
2017-08-20,86.9,67.7,75.0,0.02,0.02,0.0,7.6,19.7,51,83.1,81.0,62.2,69.1,0.047,0.016,6.6,17.9,84.52857142857144,0.5870000000000009,8,232,87.4,0,0.0
2017-08-21,87.4,69.5,75.2,0.283,0.283,0.0,17.8,30.9,63,86.9,79.6,67.7,63.6,0.02,0.016,7.6,9.8,84.67142857142856,0.7910000000000008,8,233,74.8,0,0.0
2017-08-22,74.8,63.2,70.9,0.366,0.366,0.0,15.0,28.6,63,87.4,83.1,69.5,62.2,0.283,0.047,17.8,6.6,82.7,1.157000000000001,8,234,76.3,0,0.0
2017-08-23,76.3,56.8,66.7,0.0,0.0,0.0,9.7,19.9,0,74.8,86.9,63.2,67.7,0.366,0.02,15.0,7.6,81.3,0.7480000000000008,8,235,77.8,0,0.0
2017-08-24,77.8,59.4,68.3,0.035,0.035,0.0,10.6,18.8,53,76.3,87.4,56.8,69.5,0.0,0.283,9.7,17.8,80.84285714285714,0.7670000000000008,8,236,74.3,0,0.0
2017-08-25,74.3,60.2,66.4,0.051,0.051,0.0,11.1,22.1,53,77.8,74.8,59.4,63.2,0.035,0.366,10.6,15.0,80.08571428571429,0.8020000000000007,8,237,80.8,0,0.0
2017-08-26,80.8,59.8,69.5,0.0,0.0,0.0,12.1,22.1,3,74.3,76.3,60.2,56.8,0.051,0.0,11.1,9.7,79.75714285714285,0.7550000000000008,8,238,76.7,0,0.0
2017-08-27,76.7,64.0,69.5,0.543,0.543,0.0,11.3,21.9,63,80.8,77.8,59.8,59.4,0.0,0.035,12.1,10.6,78.3,1.278000000000001,8,239,72.8,0,0.0
2017-08-28,72.8,60.5,66.9,0.028,0.028,0.0,9.6,19.9,53,76.7,74.3,64.0,60.2,0.543,0.051,11.3,11.1,76.21428571428571,1.0230000000000008,8,240,76.2,0,0.0
2017-08-29,76.2,58.9,67.4,0.0,0.0,0.0,7.2,15.4,3,72.8,80.8,60.5,59.8,0.028,0.0,9.6,12.1,76.41428571428571,0.6570000000000008,8,241,77.4,0,0.0
2017-08-30,77.4,58.4,68.6,0.008,0.008,0.0,5.7,13.2,51,76.2,76.7,58.9,64.0,0.0,0.543,7.2,11.3,76.57142857142857,0.6650000000000009,8,242,72.6,0,0.0
2017-08-31,72.6,60.2,66.4,0.028,0.028,0.0,10.7,21.0,51,77.4,72.8,58.4,60.5,0.008,0.028,5.7,9.6,75.82857142857142,0.6580000000000008,8,243,73.0,0,0.0
2017-09-01,73.0,55.1,63.0,0.0,0.0,0.0,10.4,21.0,3,72.6,76.2,60.2,58.9,0.028,0.0,10.7,7.2,75.64285714285714,0.6070000000000009,9,244,78.3,0,0.0
2017-09-02,78.3,54.4,65.6,0.0,0.0,0.0,9.7,19.5,3,73.0,77.4,55.1,58.4,0.0,0.008,10.4,5.7,75.28571428571429,0.6070000000000009,9,245,84.1,0,0.0
2017-09-03,84.1,58.7,72.0,0.0,0.0,0.0,14.3,24.2,3,78.3,72.6,54.4,60.2,0.0,0.028,9.7,10.7,76.34285714285714,0.06400000000000078,9,246,83.8,0,0.0
2017-09-04,83.8,67.2,75.7,0.031,0.031,0.0,16.5,31.1,53,84.1,73.0,58.7,55.1,0.0,0.0,14.3,10.4,77.91428571428571,0.06700000000000078,9,247,68.1,0,0.0
2017-09-05,68.1,55.6,62.4,0.0,0.0,0.0,19.7,36.2,3,83.8,78.3,67.2,54.4,0.031,0.0,16.5,9.7,76.75714285714285,0.06700000000000078,9,248,64.7,0,0.0
2017-09-06,64.7,50.2,58.9,0.0,0.0,0.0,11.4,23.5,3,68.1,84.1,55.6,58.7,0.0,0.0,19.7,14.3,74.94285714285715,0.059000000000000774,9,249,71.9,0,0.0
2017-09-07,71.9,52.7,61.5,0.0,0.0,0.0,10.9,22.4,3,64.7,83.8,50.2,67.2,0.0,0.031,11.4,16.5,74.84285714285714,0.031000000000000777,9,250,80.7,0,0.0
2017-09-08,80.7,55.8,67.7,0.0,0.0,0.0,13.7,23.3,3,71.9,68.1,52.7,55.6,0.0,0.0,10.9,19.7,75.94285714285715,0.031000000000000777,9,251,80.6,0,0.0
2017-09-09,80.6,56.7,68.0,0.0,0.0,0.0,13.0,23.0,1,80.7,64.7,55.8,50.2,0.0,0.0,13.7,11.4,76.27142857142857,0.031000000000000777,9,252,78.2,0,0.0
2017-09-10,78.2,59.9,67.9,0.0,0.0,0.0,11.4,21.3,2,80.6,71.9,56.7,52.7,0.0,0.0,13.0,10.9,75.42857142857143,0.031000000000000777,9,253,78.7,0,0.0
2017-09-11,78.7,52.4,65.2,0.0,0.0,0.0,6.9,13.9,0,78.2,80.7,59.9,55.8,0.0,0.0,11.4,13.7,74.7,0.0,9,254,81.9,0,0.0
2017-09-12,81.9,56.4,68.6,0.0,0.0,0.0,7.8,17.7,3,78.7,80.6,52.4,56.7,0.0,0.0,6.9,13.0,76.67142857142858,0.0,9,255,81.8,0,0.0
2017-09-13,81.8,58.1,70.0,0.0,0.0,0.0,5.0,14.1,0,81.9,78.2,56.4,59.9,0.0,0.0,7.8,11.4,79.11428571428571,0.0,9,256,89.8,0,0.0
2017-09-14,89.8,61.8,75.6,0.0,0.0,0.0,11.0,18.8,3,81.8,78.7,58.1,52.4,0.0,0.0,5.0,6.9,81.67142857142858,0.0,9,257,92.2,0,0.0
2017-09-15,92.2,67.9,79.9,0.0,0.0,0.0,14.7,28.9,3,89.8,81.9,61.8,56.4,0.0,0.0,11.0,7.8,83.31428571428572,0.0,9,258,91.0,0,0.0
2017-09-16,91.0,71.9,80.2,0.004,0.004,0.0,14.1,27.5,51,92.2,81.8,67.9,58.1,0.0,0.0,14.7,5.0,84.8,0.004000000000000777,9,259,75.5,0,0.0
2017-09-17,75.5,60.2,68.0,0.02,0.02,0.0,10.7,21.0,51,91.0,89.8,71.9,61.8,0.004,0.0,14.1,11.0,84.41428571428573,0.024000000000000778,9,260,79.4,0,0.0
2017-09-18,79.4,55.5,67.0,0.169,0.169,0.0,10.8,21.7,61,75.5,92.2,60.2,67.9,0.02,0.0,10.7,14.7,84.51428571428572,0.19300000000000078,9,261,81.1,0,0.0
2017-09-19,81.1,61.3,70.9,0.0,0.0,0.0,14.1,24.2,3,79.4,91.0,55.5,71.9,0.169,0.004,10.8,14.1,84.39999999999999,0.19300000000000078,9,262,88.8,0,0.0
2017-09-20,88.8,70.4,76.9,0.173,0.173,0.0,15.3,28.2,61,81.1,75.5,61.3,60.2,0.0,0.02,14.1,10.7,85.4,0.36600000000000077,9,263,85.0,0,0.0
2017-09-21,85.0,67.4,75.6,0.102,0.102,0.0,13.7,33.6,63,88.8,79.4,70.4,55.5,0.173,0.169,15.3,10.8,84.71428571428571,0.46800000000000075,9,264,89.2,0,0.0
2017-09-22,89.2,74.1,80.9,0.0,0.0,0.0,13.0,23.9,3,85.0,81.1,67.4,61.3,0.102,0.0,13.7,14.1,84.28571428571429,0.46800000000000075,9,265,89.5,0,0.0
2017-09-23,89.5,69.4,79.4,0.0,0.0,0.0,9.4,17.2,3,89.2,88.8,74.1,70.4,0.0,0.173,13.0,15.3,84.07142857142857,0.46400000000000075,9,266,86.4,0,0.0
2017-09-24,86.4,69.2,77.4,0.0,0.0,0.0,11.1,22.1,1,89.5,85.0,69.4,67.4,0.0,0.102,9.4,13.7,85.62857142857142,0.4440000000000007,9,267,87.0,0,0.0
2017-09-25,87.0,68.1,75.7,0.063,0.063,0.0,13.0,27.1,61,86.4,89.2,69.2,74.1,0.0,0.0,11.1,13.0,86.71428571428571,0.33800000000000074,9,268,73.8,0,0.0
2017-09-26,73.8,63.4,68.8,0.063,0.063,0.0,12.5,22.4,51,87.0,89.5,68.1,69.4,0.063,0.0,13.0,9.4,85.67142857142856,0.40100000000000074,9,269,66.7,0,0.0
2017-09-27,66.7,54.1,60.9,0.0,0.0,0.0,14.0,25.9,3,73.8,86.4,63.4,69.2,0.063,0.0,12.5,11.1,82.51428571428572,0.22800000000000076,9,270,72.8,0,0.0
2017-09-28,72.8,49.1,60.8,0.0,0.0,0.0,6.9,15.7,1,66.7,87.0,54.1,68.1,0.0,0.063,14.0,13.0,80.77142857142857,0.12600000000000078,9,271,70.2,0,0.0
2017-09-29,70.2,56.1,62.7,0.0,0.0,0.0,11.4,21.9,1,72.8,73.8,49.1,63.4,0.0,0.063,6.9,12.5,78.05714285714285,0.12600000000000078,9,272,70.4,0,0.0
2017-09-30,70.4,49.7,59.6,0.0,0.0,0.0,11.6,22.8,3,70.2,66.7,56.1,54.1,0.0,0.0,11.4,14.0,75.32857142857142,0.12600000000000078,9,273,73.4,0,0.0
2017-10-01,73.4,55.2,63.6,0.004,0.004,0.0,15.9,29.8,51,70.4,72.8,49.7,49.1,0.0,0.0,11.6,6.9,73.47142857142856,0.13000000000000078,10,274,84.7,0,0.0
2017-10-02,84.7,64.5,74.3,0.012,0.012,0.0,18.5,32.7,51,73.4,70.2,55.2,56.1,0.004,0.0,15.9,11.4,73.14285714285714,0.07900000000000078,10,275,80.7,0,0.0
2017-10-03,80.7,68.6,74.1,0.055,0.055,0.0,20.7,36.9,51,84.7,70.4,64.5,49.7,0.012,0.0,18.5,11.6,74.12857142857142,0.07100000000000078,10,276,70.4,0,0.0
2017-10-04,70.4,59.3,64.9,0.13,0.13,0.0,11.1,30.0,61,80.7,73.4,68.6,55.2,0.055,0.004,20.7,15.9,74.65714285714286,0.2010000000000008,10,277,67.7,0,0.0
2017-10-05,67.7,55.6,62.5,0.189,0.189,0.0,7.4,14.1,61,70.4,84.7,59.3,64.5,0.13,0.012,11.1,18.5,73.92857142857143,0.3900000000000008,10,278,71.8,0,0.0
2017-10-06,71.8,65.2,67.9,0.551,0.551,0.0,17.7,31.5,63,67.7,80.7,55.6,68.6,0.189,0.055,7.4,20.7,74.15714285714286,0.9410000000000008,10,279,69.6,0,0.0
2017-10-07,69.6,58.5,65.1,0.472,0.472,0.0,23.6,43.8,61,71.8,70.4,65.2,59.3,0.551,0.13,17.7,11.1,74.04285714285716,1.4130000000000007,10,280,76.0,0,0.0
2017-10-08,76.0,53.5,64.0,0.0,0.0,0.0,13.2,24.4,0,69.6,67.7,58.5,55.6,0.472,0.189,23.6,7.4,74.41428571428571,1.4090000000000007,10,281,69.8,0,0.0
2017-10-09,69.8,53.7,61.2,0.0,0.0,0.0,14.4,25.7,3,76.0,71.8,53.5,65.2,0.0,0.551,13.2,17.7,72.28571428571429,1.3970000000000007,10,282,59.5,0,0.0
2017-10-10,59.5,51.7,55.2,1.028,1.028,0.0,17.1,32.4,63,69.8,69.6,53.7,58.5,0.0,0.472,14.4,23.6,69.25714285714285,2.370000000000001,10,283,60.9,0,0.0
2017-10-11,60.9,49.8,54.9,0.028,0.028,0.0,13.0,23.0,51,59.5,76.0,51.7,53.5,1.028,0.0,17.1,13.2,67.9,2.2680000000000007,10,284,62.7,0,0.0
2017-10-12,62.7,54.1,58.1,0.012,0.012,0.0,9.0,17.2,51,60.9,69.8,49.8,53.7,0.028,0.0,13.0,14.4,67.18571428571428,2.0910000000000006,10,285,70.2,0,0.0
2017-10-13,70.2,53.4,60.2,0.071,0.071,0.0,15.2,26.6,53,62.7,59.5,54.1,51.7,0.012,1.028,9.0,17.1,66.95714285714286,1.6110000000000007,10,286,70.9,0,0.0
2017-10-14,70.9,59.6,64.9,1.61,1.61,0.0,15.1,34.7,63,70.2,60.9,53.4,49.8,0.071,0.028,15.2,13.0,67.14285714285714,2.7490000000000006,10,287,63.9,0,0.0
2017-10-15,63.9,43.6,51.7,0.0,0.0,0.0,21.5,38.7,3,70.9,62.7,59.6,54.1,1.61,0.012,15.1,9.0,65.41428571428573,2.7490000000000006,10,288,62.4,0,0.0
2017-10-16,62.4,40.1,51.0,0.0,0.0,0.0,11.0,18.3,3,63.9,70.2,43.6,53.4,0.0,0.071,21.5,15.2,64.35714285714286,2.7490000000000006,10,289,68.1,0,0.0
2017-10-17,68.1,50.9,58.2,0.0,0.0,0.0,13.7,25.3,3,62.4,70.9,40.1,59.6,0.0,1.61,11.0,15.1,65.58571428571429,1.7210000000000008,10,290,69.6,0,0.0
2017-10-18,69.6,51.8,59.5,0.0,0.0,0.0,15.2,27.7,2,68.1,63.9,50.9,43.6,0.0,0.0,13.7,21.5,66.82857142857142,1.6930000000000007,10,291,70.0,0,0.0
2017-10-19,70.0,48.7,59.8,0.0,0.0,0.0,9.6,18.1,3,69.6,62.4,51.8,40.1,0.0,0.0,15.2,11.0,67.87142857142857,1.6810000000000007,10,292,71.8,0,0.0
2017-10-20,71.8,54.7,64.0,0.0,0.0,0.0,15.2,26.6,3,70.0,68.1,48.7,50.9,0.0,0.0,9.6,13.7,68.1,1.6100000000000008,10,293,75.1,0,0.0
2017-10-21,75.1,61.8,68.0,0.457,0.457,0.0,20.2,36.9,63,71.8,69.6,54.7,51.8,0.0,0.0,15.2,15.2,68.7,0.4570000000000007,10,294,65.6,0,0.0
2017-10-22,65.6,49.3,55.1,0.634,0.634,0.0,16.1,29.8,63,75.1,70.0,61.8,48.7,0.457,0.0,20.2,9.6,68.94285714285714,1.0910000000000006,10,295,59.4,0,0.0
2017-10-23,59.4,44.1,51.3,0.031,0.031,0.0,20.0,35.1,51,65.6,71.8,49.3,54.7,0.634,0.0,16.1,15.2,68.5142857142857,1.1220000000000008,10,296,50.3,0,0.0
2017-10-24,50.3,42.3,46.3,0.02,0.02,0.0,24.0,45.2,51,59.4,75.1,44.1,61.8,0.031,0.457,20.0,20.2,65.97142857142856,1.1420000000000008,10,297,57.5,0,0.0
2017-10-25,57.5,37.8,46.4,0.0,0.0,0.0,12.5,23.9,3,50.3,65.6,42.3,49.3,0.02,0.634,24.0,16.1,64.24285714285715,1.1420000000000008,10,298,65.1,0,0.0
2017-10-26,65.1,41.5,52.3,0.0,0.0,0.0,21.1,36.7,3,57.5,59.4,37.8,44.1,0.0,0.031,12.5,20.0,63.54285714285714,1.1420000000000008,10,299,40.1,0,0.0
2017-10-27,40.1,35.0,37.5,0.0,0.0,0.0,20.6,37.8,3,65.1,50.3,41.5,42.3,0.0,0.02,21.1,24.0,59.01428571428571,1.1420000000000008,10,300,39.9,0,0.0
2017-10-28,39.9,28.3,36.0,0.0,0.0,0.0,16.7,33.6,3,40.1,57.5,35.0,37.8,0.0,0.0,20.6,12.5,53.98571428571428,0.6850000000000007,10,301,47.0,0,0.0
2017-10-29,47.0,28.0,37.2,0.087,0.087,0.0,12.6,23.5,53,39.9,65.1,28.3,41.5,0.0,0.0,16.7,21.1,51.32857142857142,0.1380000000000008,10,302,45.2,0,0.0
2017-10-30,45.2,34.5,41.7,0.0,0.0,0.0,23.7,42.5,3,47.0,40.1,28.0,35.0,0.087,0.0,12.6,20.6,49.300000000000004,0.10700000000000078,10,303,37.9,0,0.0
2017-10-31,37.9,28.0,33.3,0.0,0.0,0.0,14.4,25.1,3,45.2,39.9,34.5,28.3,0.0,0.0,23.7,16.7,47.528571428571425,0.08700000000000077,10,304,44.5,0,0.0
2017-11-01,44.5,30.5,38.6,0.047,0.047,0.0,17.0,30.4,51,37.9,47.0,28.0,28.0,0.0,0.087,14.4,12.6,45.67142857142857,0.13400000000000079,11,305,52.2,0,0.0
2017-11-02,52.2,39.9,44.8,0.0,0.0,0.0,12.4,21.3,3,44.5,45.2,30.5,34.5,0.047,0.0,17.0,23.7,43.82857142857143,0.13400000000000079,11,306,47.8,0,0.0
2017-11-03,47.8,33.8,40.7,0.0,0.0,0.0,13.2,22.8,3,52.2,37.9,39.9,28.0,0.0,0.0,12.4,14.4,44.92857142857143,0.13400000000000079,11,307,49.5,0,0.0
2017-11-04,49.5,42.1,45.6,0.106,0.106,0.0,12.5,21.7,53,47.8,44.5,33.8,30.5,0.0,0.047,13.2,17.0,46.300000000000004,0.24000000000000077,11,308,53.2,0,0.0
2017-11-05,53.2,32.1,45.5,0.012,0.012,0.0,15.5,27.5,51,49.5,52.2,42.1,39.9,0.106,0.0,12.5,12.4,47.18571428571429,0.16500000000000078,11,309,41.2,0,0.0
2017-11-06,41.2,28.0,33.9,0.0,0.0,0.0,11.0,21.0,3,53.2,47.8,32.1,33.8,0.012,0.0,15.5,13.2,46.614285714285714,0.16500000000000078,11,310,42.7,0,0.0
2017-11-07,42.7,30.1,35.3,0.0,0.0,0.0,10.7,20.4,3,41.2,49.5,28.0,42.1,0.0,0.106,11.0,12.5,47.3,0.16500000000000078,11,311,44.4,0,0.0
2017-11-08,44.4,22.7,33.8,0.0,0.0,0.0,8.5,17.9,3,42.7,53.2,30.1,32.1,0.0,0.012,10.7,15.5,47.285714285714285,0.11800000000000077,11,312,39.7,0,0.0
2017-11-09,39.7,23.2,32.9,0.0,0.0,0.0,16.4,30.4,3,44.4,41.2,22.7,28.0,0.0,0.0,8.5,11.0,45.5,0.11800000000000077,11,313,30.4,0,0.0
2017-11-10,30.4,18.4,24.6,0.0,0.0,0.0,12.8,22.4,3,39.7,42.7,23.2,30.1,0.0,0.0,16.4,10.7,43.01428571428571,0.11800000000000077,11,314,42.9,0,0.0
2017-11-11,42.9,30.0,36.9,0.0,0.0,0.0,12.7,22.8,3,30.4,44.4,18.4,22.7,0.0,0.0,12.8,8.5,42.07142857142857,0.012000000000000777,11,315,43.8,0,0.0
2017-11-12,43.8,31.1,38.1,0.299,0.283,0.11,5.5,11.9,73,42.9,39.7,30.0,23.2,0.0,0.0,12.7,16.4,40.728571428571435,0.29900000000000077,11,316,44.6,0,0.0
2017-11-13,44.6,26.7,35.1,0.0,0.0,0.0,9.2,16.8,3,43.8,30.4,31.1,18.4,0.299,0.0,5.5,12.8,41.214285714285715,0.29900000000000077,11,317,48.1,0,0.0
2017-11-14,48.1,36.3,43.6,0.016,0.016,0.0,12.9,22.1,51,44.6,42.9,26.7,30.0,0.0,0.0,9.2,12.7,41.98571428571428,0.3150000000000008,11,318,51.6,0,0.0
2017-11-15,51.6,30.4,44.9,0.079,0.079,0.0,18.7,32.9,53,48.1,43.8,36.3,31.1,0.016,0.299,12.9,5.5,43.01428571428572,0.3940000000000008,11,319,40.3,0,0.0
2017-11-16,40.3,24.7,32.5,0.0,0.0,0.0,13.3,23.5,3,51.6,44.6,30.4,26.7,0.079,0.0,18.7,9.2,43.1,0.3940000000000008,11,320,50.2,0,0.0
2017-11-17,50.2,32.5,41.1,0.181,0.181,0.0,15.6,27.1,55,40.3,48.1,24.7,36.3,0.0,0.016,13.3,12.9,45.92857142857143,0.5750000000000007,11,321,48.1,0,0.0
2017-11-18,48.1,29.8,40.3,0.154,0.154,0.0,20.1,35.6,61,50.2,51.6,32.5,30.4,0.181,0.079,15.6,18.7,46.67142857142858,0.7290000000000008,11,322,38.1,0,0.0
2017-11-19,38.1,21.7,29.8,0.0,0.0,0.0,15.8,30.4,3,48.1,40.3,29.8,24.7,0.154,0.0,20.1,13.3,45.857142857142854,0.43000000000000077,11,323,55.6,0,0.0
2017-11-20,55.6,35.4,45.4,0.0,0.0,0.0,18.3,32.4,3,38.1,50.2,21.7,32.5,0.0,0.181,15.8,15.6,47.42857142857143,0.43000000000000077,11,324,49.6,0,0.0
2017-11-21,49.6,25.5,36.9,0.004,0.004,0.0,21.5,38.7,51,55.6,48.1,35.4,29.8,0.0,0.154,18.3,20.1,47.642857142857146,0.41800000000000076,11,325,33.8,0,0.0
2017-11-22,33.8,18.4,27.1,0.02,0.0,0.138,10.7,19.0,73,49.6,38.1,25.5,21.7,0.004,0.0,21.5,15.8,45.1,0.35900000000000076,11,326,46.0,0,0.0
2017-11-23,46.0,29.8,36.4,0.0,0.0,0.0,10.7,18.3,3,33.8,55.6,18.4,35.4,0.02,0.0,10.7,18.3,45.91428571428571,0.35900000000000076,11,327,63.0,0,0.0
2017-11-24,63.0,38.4,51.2,0.0,0.0,0.0,17.6,31.1,3,46.0,49.6,29.8,25.5,0.0,0.004,10.7,21.5,47.74285714285714,0.17800000000000077,11,328,51.1,0,0.0
2017-11-25,51.1,36.4,44.1,0.0,0.0,0.0,16.5,28.6,2,63.0,33.8,38.4,18.4,0.0,0.02,17.6,10.7,48.17142857142858,0.024000000000000778,11,329,53.7,0,0.0
2017-11-26,53.7,26.8,39.9,0.0,0.0,0.0,10.5,19.2,3,51.1,46.0,36.4,29.8,0.0,0.0,16.5,10.7,50.4,0.024000000000000778,11,330,57.2,0,0.0
2017-11-27,57.2,33.9,46.4,0.0,0.0,0.0,16.9,29.1,3,53.7,63.0,26.8,38.4,0.0,0.0,10.5,17.6,50.628571428571426,0.024000000000000778,11,331,56.9,0,0.0
2017-11-28,56.9,43.7,52.5,0.0,0.0,0.0,15.4,27.7,3,57.2,51.1,33.9,36.4,0.0,0.0,16.9,16.5,51.67142857142858,0.020000000000000778,11,332,46.7,0,0.0
2017-11-29,46.7,29.0,39.7,0.0,0.0,0.0,13.2,22.8,3,56.9,53.7,43.7,26.8,0.0,0.0,15.4,10.5,53.51428571428572,0.0,11,333,49.8,0,0.0
2017-11-30,49.8,35.7,42.6,0.0,0.0,0.0,14.7,27.5,3,46.7,57.2,29.0,33.9,0.0,0.0,13.2,16.9,54.057142857142864,0.0,11,334,51.4,0,0.0
2017-12-01,51.4,25.3,37.6,0.0,0.0,0.0,11.5,21.7,3,49.8,56.9,35.7,43.7,0.0,0.0,14.7,15.4,52.4,0.0,12,335,51.7,0,0.0
2017-12-02,51.7,29.8,40.5,0.0,0.0,0.0,6.6,11.0,3,51.4,46.7,25.3,29.0,0.0,0.0,11.5,13.2,52.48571428571428,0.0,12,336,56.1,0,0.0
2017-12-03,56.1,29.5,43.8,0.0,0.0,0.0,16.5,28.2,3,51.7,49.8,29.8,35.7,0.0,0.0,6.6,14.7,52.82857142857143,0.0,12,337,63.9,0,0.0
2017-12-04,63.9,39.7,56.6,0.323,0.323,0.0,24.6,45.4,63,56.1,51.4,29.5,25.3,0.0,0.0,16.5,11.5,53.785714285714285,0.3230000000000008,12,338,38.7,0,0.0
2017-12-05,38.7,26.5,31.5,0.0,0.0,0.0,27.2,48.1,3,63.9,51.7,39.7,29.8,0.323,0.0,24.6,6.6,51.185714285714276,0.3230000000000008,12,339,36.4,0,0.0
2017-12-06,36.4,23.4,30.2,0.0,0.0,0.0,19.5,34.7,3,38.7,56.1,26.5,29.5,0.0,0.0,27.2,16.5,49.714285714285715,0.3230000000000008,12,340,25.2,0,0.0
2017-12-07,25.2,17.8,21.3,0.0,0.0,0.0,15.7,28.4,3,36.4,63.9,23.4,39.7,0.0,0.323,19.5,24.6,46.199999999999996,0.3230000000000008,12,341,35.8,0,0.0
2017-12-08,35.8,18.0,26.1,0.0,0.0,0.0,12.5,21.0,3,25.2,38.7,17.8,26.5,0.0,0.0,15.7,27.2,43.971428571428575,0.3230000000000008,12,342,32.3,0,0.0
2017-12-09,32.3,22.4,27.8,0.0,0.0,0.0,18.0,32.4,3,35.8,36.4,18.0,23.4,0.0,0.0,12.5,19.5,41.199999999999996,0.3230000000000008,12,343,39.7,0,0.0
2017-12-10,39.7,23.7,30.0,0.0,0.0,0.0,15.2,28.0,3,32.3,25.2,22.4,17.8,0.0,0.0,18.0,15.7,38.857142857142854,0.3230000000000008,12,344,42.4,0,0.0
2017-12-11,42.4,26.4,33.4,0.02,0.016,0.028,21.4,37.4,71,39.7,35.8,23.7,18.0,0.0,0.0,15.2,12.5,35.785714285714285,0.020000000000000778,12,345,28.8,0,0.0
2017-12-12,28.8,17.2,24.2,0.0,0.0,0.0,19.8,37.1,3,42.4,32.3,26.4,22.4,0.02,0.0,21.4,18.0,34.371428571428574,0.020000000000000778,12,346,45.5,0,0.0
2017-12-13,45.5,26.6,33.2,0.039,0.039,0.0,27.7,49.4,53,28.8,39.7,17.2,23.7,0.0,0.0,19.8,15.2,35.67142857142857,0.059000000000000774,12,347,29.6,0,0.0
2017-12-14,29.6,19.6,24.5,0.0,0.0,0.0,11.7,22.1,3,45.5,42.4,26.6,26.4,0.039,0.02,27.7,21.4,36.3,0.05900000000000078,12,348,40.8,0,0.0
2017-12-15,40.8,24.0,31.9,0.0,0.0,0.0,15.6,27.5,3,29.6,28.8,19.6,17.2,0.0,0.0,11.7,19.8,37.01428571428572,0.05900000000000078,12,349,49.0,0,0.0
2017-12-16,49.0,30.9,39.1,0.0,0.0,0.0,12.4,21.0,3,40.8,45.5,24.0,26.6,0.0,0.039,15.6,27.7,39.4,0.05900000000000078,12,350,43.8,0,0.0
2017-12-17,43.8,29.7,35.7,0.004,0.004,0.0,7.3,12.5,51,49.0,29.6,30.9,19.6,0.0,0.0,12.4,11.7,39.98571428571429,0.06300000000000078,12,351,48.1,0,0.0
2017-12-18,48.1,30.2,39.7,0.0,0.0,0.0,15.4,28.0,3,43.8,40.8,29.7,24.0,0.004,0.0,7.3,15.6,40.800000000000004,0.043000000000000774,12,352,47.4,0,0.0
2017-12-19,47.4,34.4,40.5,0.0,0.0,0.0,13.6,23.3,3,48.1,49.0,30.2,30.9,0.0,0.0,15.4,12.4,43.457142857142856,0.043000000000000774,12,353,37.2,0,0.0
2017-12-20,37.2,26.5,31.7,0.0,0.0,0.0,11.6,19.7,3,47.4,43.8,34.4,29.7,0.0,0.004,13.6,7.3,42.271428571428565,0.004000000000000784,12,354,35.6,0,0.0
2017-12-21,35.6,29.2,33.2,0.043,0.028,0.11,10.1,17.2,73,37.2,48.1,26.5,30.2,0.0,0.0,11.6,15.4,43.128571428571426,0.04700000000000078,12,355,34.0,0,0.0
2017-12-22,34.0,26.1,31.4,0.004,0.0,0.028,10.6,18.6,71,35.6,47.4,29.2,34.4,0.043,0.0,10.1,13.6,42.15714285714286,0.05100000000000078,12,356,26.3,0,0.0
2017-12-23,26.3,18.7,22.1,0.0,0.0,0.0,11.7,20.8,3,34.0,37.2,26.1,26.5,0.004,0.0,10.6,11.6,38.91428571428571,0.05100000000000078,12,357,24.4,0,0.0
2017-12-24,24.4,16.1,20.3,0.118,0.0,0.827,14.6,27.5,73,26.3,35.6,18.7,29.2,0.0,0.043,11.7,10.1,36.142857142857146,0.16500000000000076,12,358,17.3,0,0.0
2017-12-25,17.3,5.3,12.8,0.0,0.0,0.0,17.4,32.0,3,24.4,34.0,16.1,26.1,0.118,0.004,14.6,10.6,31.74285714285714,0.16500000000000076,12,359,10.9,0,0.0
2017-12-26,10.9,2.7,5.8,0.0,0.0,0.0,8.9,17.7,3,17.3,26.3,5.3,18.7,0.0,0.0,17.4,11.7,26.528571428571432,0.16500000000000076,12,360,9.3,0,0.0
2017-12-27,9.3,-2.7,3.8,0.0,0.0,0.0,7.3,15.0,3,10.9,24.4,2.7,16.1,0.0,0.118,8.9,14.6,22.54285714285714,0.16500000000000076,12,361,14.4,0,0.0
2017-12-28,14.4,5.5,9.3,0.126,0.0,0.882,11.2,20.4,73,9.3,17.3,-2.7,5.3,0.0,0.0,7.3,17.4,19.514285714285712,0.24800000000000078,12,362,16.2,0,0.0
2017-12-29,16.2,9.0,13.9,0.209,0.0,1.461,10.3,17.0,73,14.4,10.9,5.5,2.7,0.126,0.0,11.2,8.9,16.97142857142857,0.45300000000000074,12,363,6.1,0,0.0
2017-12-30,6.1,-7.6,-2.4,0.0,0.0,0.0,14.8,25.3,3,16.2,9.3,9.0,-2.7,0.209,0.0,10.3,7.3,14.085714285714287,0.45300000000000074,12,364,-2.7,0,0.0
2017-12-31,-2.7,-13.7,-6.6,0.02,0.0,0.138,11.6,20.1,71,6.1,14.4,-7.6,5.5,0.0,0.126,14.8,11.2,10.214285714285714,0.35500000000000076,12,365,-5.3,0,0.0
2018-01-01,-5.3,-16.6,-12.0,0.0,0.0,0.0,9.1,16.6,0,-2.7,16.2,-13.7,9.0,0.02,0.209,11.6,10.3,6.985714285714286,0.35500000000000076,1,1,11.9,0,0.0
2018-01-02,11.9,-18.0,-4.4,0.004,0.0,0.028,13.4,22.8,71,-5.3,6.1,-16.6,-7.6,0.0,0.0,9.1,14.8,7.128571428571429,0.35900000000000076,1,2,17.1,0,0.0
2018-01-03,17.1,-0.6,9.0,0.035,0.0,0.276,16.1,28.6,73,11.9,-2.7,-18.0,-13.7,0.004,0.02,13.4,11.6,8.242857142857144,0.3940000000000008,1,3,6.4,0,0.0
2018-01-04,6.4,-8.5,-0.3,0.02,0.004,0.11,7.9,14.1,71,17.1,-5.3,-0.6,-16.6,0.035,0.0,16.1,9.1,7.1000000000000005,0.28800000000000076,1,4,6.5,0,0.0
2018-01-05,6.5,-7.2,0.7,0.004,0.0,0.028,8.6,11.0,71,6.4,11.9,-8.5,-18.0,0.02,0.004,7.9,13.4,5.714285714285714,0.08300000000000078,1,5,9.0,0,0.0
2018-01-06,9.0,-13.9,-2.1,0.0,0.0,0.0,13.0,21.9,3,6.5,17.1,-7.2,-0.6,0.004,0.035,8.6,16.1,6.128571428571429,0.08300000000000078,1,6,33.4,0,0.0
2018-01-07,33.4,10.6,24.5,0.055,0.051,0.028,12.8,22.4,71,9.0,6.4,-13.9,-8.5,0.0,0.02,13.0,7.9,11.285714285714286,0.11800000000000077,1,7,35.2,0,0.0
2018-01-08,35.2,18.9,27.7,0.0,0.0,0.0,8.6,15.0,3,33.4,6.5,10.6,-7.2,0.055,0.004,12.8,8.6,17.071428571428573,0.11800000000000077,1,8,35.8,0,0.0
2018-01-09,35.8,24.0,29.9,0.0,0.0,0.0,13.1,22.1,3,35.2,9.0,18.9,-13.9,0.0,0.0,8.6,13.0,20.485714285714288,0.11400000000000077,1,9,44.1,0,0.0
2018-01-10,44.1,30.5,38.4,0.0,0.0,0.0,14.6,28.9,3,35.8,33.4,24.0,10.6,0.0,0.055,13.1,12.8,24.342857142857145,0.07900000000000076,1,10,46.8,0,0.0
2018-01-11,46.8,9.8,29.0,0.169,0.122,0.358,19.5,34.7,73,44.1,35.2,30.5,18.9,0.0,0.0,14.6,8.6,30.11428571428571,0.22800000000000079,1,11,16.4,0,0.0
2018-01-12,16.4,5.2,10.3,0.0,0.0,0.0,17.2,31.1,3,46.8,35.8,9.8,24.0,0.169,0.0,19.5,13.1,31.52857142857143,0.22400000000000078,1,12,14.3,0,0.0
2018-01-13,14.3,2.1,6.6,0.0,0.0,0.0,11.8,22.6,3,16.4,44.1,5.2,30.5,0.0,0.0,17.2,14.6,32.285714285714285,0.22400000000000078,1,13,24.5,0,0.0
2018-01-14,24.5,1.9,14.3,0.043,0.0,0.303,14.6,26.8,73,14.3,46.8,2.1,9.8,0.0,0.169,11.8,19.5,31.014285714285716,0.2120000000000008,1,14,23.9,0,0.0
2018-01-15,23.9,1.3,10.2,0.079,0.0,0.551,20.4,35.8,73,24.5,16.4,1.9,5.2,0.043,0.0,14.6,17.2,29.4,0.2910000000000008,1,15,18.7,0,0.0
2018-01-16,18.7,0.4,7.7,0.0,0.0,0.0,12.6,21.9,3,23.9,14.3,1.3,2.1,0.079,0.0,20.4,11.8,26.95714285714286,0.2910000000000008,1,16,24.3,0,0.0
2018-01-17,24.3,2.8,13.3,0.0,0.0,0.0,15.1,26.4,3,18.7,24.5,0.4,1.9,0.0,0.043,12.6,14.6,24.128571428571426,0.2910000000000008,1,17,37.2,0,0.0
2018-01-18,37.2,17.3,25.6,0.0,0.0,0.0,13.9,25.7,3,24.3,23.9,2.8,1.3,0.0,0.079,15.1,20.4,22.75714285714286,0.12200000000000077,1,18,48.4,0,0.0
2018-01-19,48.4,28.1,36.1,0.0,0.0,0.0,15.7,28.0,3,37.2,18.7,17.3,0.4,0.0,0.0,13.9,12.6,27.32857142857143,0.12200000000000077,1,19,48.9,0,0.0
2018-01-20,48.9,29.6,38.0,0.0,0.0,0.0,10.7,19.0,3,48.4,24.3,28.1,2.8,0.0,0.0,15.7,15.1,32.271428571428565,0.12200000000000077,1,20,42.7,0,0.0
2018-01-21,42.7,38.2,40.3,0.118,0.118,0.0,10.4,17.0,53,48.9,37.2,29.6,17.3,0.0,0.0,10.7,13.9,34.871428571428574,0.19700000000000079,1,21,51.6,0,0.0
2018-01-22,51.6,31.4,43.7,0.681,0.681,0.0,15.4,27.5,63,42.7,48.4,38.2,28.1,0.118,0.0,10.4,15.7,38.82857142857143,0.7990000000000008,1,22,33.4,0,0.0
2018-01-23,33.4,25.0,29.5,0.012,0.004,0.055,18.1,32.0,71,51.6,48.9,31.4,29.6,0.681,0.0,15.4,10.7,40.92857142857143,0.8110000000000008,1,23,36.1,0,0.0
2018-01-24,36.1,23.3,27.8,0.004,0.0,0.028,8.1,15.9,71,33.4,42.7,25.0,38.2,0.012,0.118,18.1,10.4,42.614285714285714,0.8150000000000008,1,24,49.5,0,0.0
2018-01-25,49.5,27.2,35.3,0.0,0.0,0.0,8.8,15.9,3,36.1,51.6,23.3,31.4,0.004,0.681,8.1,15.4,44.371428571428574,0.8150000000000008,1,25,54.2,0,0.0
2018-01-26,54.2,38.0,45.6,0.012,0.012,0.0,19.9,35.3,51,49.5,33.4,27.2,25.0,0.0,0.012,8.8,18.1,45.2,0.8270000000000008,1,26,47.8,0,0.0
2018-01-27,47.8,29.8,37.7,0.004,0.004,0.0,10.9,25.1,51,54.2,36.1,38.0,23.3,0.012,0.004,19.9,8.1,45.042857142857144,0.8310000000000008,1,27,33.4,0,0.0
2018-01-28,33.4,22.8,28.1,0.0,0.0,0.0,11.5,21.5,3,47.8,49.5,29.8,27.2,0.004,0.0,10.9,8.8,43.714285714285715,0.7130000000000009,1,28,28.5,0,0.0
2018-01-29,28.5,18.2,22.4,0.0,0.0,0.0,11.8,22.1,3,33.4,54.2,22.8,38.0,0.0,0.012,11.5,19.9,40.41428571428571,0.03200000000000078,1,29,34.8,0,0.0
2018-01-30,34.8,10.8,24.0,0.0,0.0,0.0,17.6,30.9,3,28.5,47.8,18.2,29.8,0.0,0.004,11.8,10.9,40.614285714285714,0.020000000000000778,1,30,41.4,0,0.0
2018-01-31,41.4,32.4,36.4,0.0,0.0,0.0,15.3,25.9,3,34.8,33.4,10.8,22.8,0.0,0.0,17.6,11.5,41.371428571428574,0.016000000000000777,1,31,32.0,0,0.0
2018-02-01,32.0,9.5,16.6,0.0,0.0,0.0,20.0,35.8,3,41.4,28.5,32.4,18.2,0.0,0.0,15.3,11.8,38.871428571428574,0.016000000000000777,2,32,23.2,0,0.0
2018-02-02,23.2,4.0,13.6,0.012,0.0,0.083,12.3,22.8,71,32.0,34.8,9.5,10.8,0.0,0.0,20.0,17.6,34.44285714285714,0.016000000000000777,2,33,44.1,0,0.0
2018-02-03,44.1,20.3,31.7,0.047,0.012,0.248,15.2,26.6,73,23.2,41.4,4.0,32.4,0.012,0.0,12.3,15.3,33.91428571428572,0.059000000000000774,2,34,34.5,0,0.0
2018-02-04,34.5,6.1,17.8,0.035,0.0,0.248,20.0,36.0,71,44.1,32.0,20.3,9.5,0.047,0.0,15.2,20.0,34.07142857142857,0.09400000000000078,2,35,13.6,0,0.0
2018-02-05,13.6,3.8,8.5,0.283,0.0,1.984,10.1,19.9,75,34.5,23.2,6.1,4.0,0.035,0.012,20.0,12.3,31.942857142857143,0.3770000000000008,2,36,11.3,0,0.0
2018-02-06,11.3,-1.8,5.6,0.035,0.0,0.248,8.7,14.3,73,13.6,44.1,3.8,20.3,0.283,0.047,10.1,15.2,28.58571428571429,0.4120000000000007,2,37,11.5,0,0.0
2018-02-07,11.5,-0.4,7.5,0.028,0.0,0.193,9.1,16.6,73,11.3,34.5,-1.8,6.1,0.035,0.035,8.7,20.0,24.314285714285717,0.4400000000000007,2,38,19.5,0,0.0
2018-02-08,19.5,0.6,11.9,0.094,0.0,0.661,11.6,19.0,73,11.5,13.6,-0.4,3.8,0.028,0.283,9.1,10.1,22.528571428571432,0.5340000000000007,2,39,19.7,0,0.0
2018-02-09,19.7,13.2,17.0,0.083,0.0,0.579,13.9,22.8,73,19.5,11.3,0.6,-1.8,0.094,0.035,11.6,8.7,22.02857142857143,0.6050000000000008,2,40,13.0,0,0.0
2018-02-10,13.0,8.0,9.8,0.343,0.0,2.398,12.4,20.4,75,19.7,11.5,13.2,-0.4,0.083,0.028,13.9,9.1,17.585714285714285,0.9010000000000007,2,41,10.9,0,0.0
2018-02-11,10.9,1.6,8.3,0.157,0.0,1.102,10.4,17.7,73,13.0,19.5,8.0,0.6,0.343,0.094,12.4,11.6,14.214285714285714,1.0230000000000008,2,42,11.0,0,0.0
2018-02-12,11.0,-1.3,4.2,0.0,0.0,0.0,8.9,13.6,3,10.9,19.7,1.6,13.2,0.157,0.083,10.4,13.9,13.842857142857143,0.7400000000000008,2,43,26.7,0,0.0
2018-02-13,26.7,8.3,18.7,0.0,0.0,0.0,10.9,17.0,3,11.0,13.0,-1.3,8.0,0.0,0.343,8.9,12.4,16.04285714285714,0.7050000000000007,2,44,38.2,0,0.0
2018-02-14,38.2,26.3,32.3,0.0,0.0,0.0,10.8,17.2,3,26.7,10.9,8.3,1.6,0.0,0.157,10.9,10.4,19.857142857142858,0.6770000000000007,2,45,37.8,0,0.0
2018-02-15,37.8,33.3,35.8,0.0,0.0,0.0,16.5,28.2,3,38.2,11.0,26.3,-1.3,0.0,0.0,10.8,8.9,22.471428571428568,0.5830000000000007,2,46,33.6,0,0.0
2018-02-16,33.6,10.0,19.3,0.008,0.0,0.055,18.0,30.9,71,37.8,26.7,33.3,8.3,0.0,0.0,16.5,10.9,24.457142857142856,0.5080000000000008,2,47,33.2,0,0.0
2018-02-17,33.2,6.5,23.4,0.075,0.0,0.524,12.7,22.8,73,33.6,38.2,10.0,26.3,0.008,0.0,18.0,10.8,27.342857142857145,0.2400000000000007,2,48,47.7,0,0.0
2018-02-18,47.7,12.2,31.5,0.0,0.0,0.0,18.9,32.0,3,33.2,37.8,6.5,33.3,0.075,0.0,12.7,16.5,32.6,0.08300000000000071,2,49,61.1,0,0.0
2018-02-19,61.1,36.8,45.3,0.665,0.665,0.0,17.2,38.9,63,47.7,33.6,12.2,10.0,0.0,0.008,18.9,18.0,39.75714285714286,0.7480000000000008,2,50,35.8,0,0.0
2018-02-20,35.8,20.6,31.6,0.437,0.437,0.0,15.3,31.3,61,61.1,33.2,36.8,6.5,0.665,0.075,17.2,12.7,41.057142857142864,1.1850000000000007,2,51,29.8,0,0.0
2018-02-21,29.8,15.5,21.9,0.0,0.0,0.0,15.3,26.8,3,35.8,47.7,20.6,12.2,0.437,0.0,15.3,18.9,39.857142857142854,1.1850000000000007,2,52,36.0,0,0.0
2018-02-22,36.0,24.1,30.0,0.134,0.028,0.744,12.3,21.0,75,29.8,61.1,15.5,36.8,0.0,0.665,15.3,17.2,39.60000000000001,1.3190000000000008,2,53,41.8,0,0.0
2018-02-23,41.8,23.4,34.4,0.165,0.165,0.0,12.0,23.5,61,36.0,35.8,24.1,20.6,0.134,0.437,12.3,15.3,40.771428571428565,1.4760000000000009,2,54,38.4,0,0.0
2018-02-24,38.4,23.5,31.7,0.307,0.232,0.524,17.9,30.6,73,41.8,29.8,23.4,15.5,0.165,0.0,12.0,15.3,41.51428571428572,1.7080000000000009,2,55,46.3,0,0.0
2018-02-25,46.3,26.2,34.0,0.0,0.0,0.0,20.4,36.5,3,38.4,36.0,23.5,24.1,0.307,0.134,17.9,12.3,41.31428571428571,1.7080000000000009,2,56,54.6,0,0.0
2018-02-26,54.6,24.3,38.6,0.0,0.0,0.0,13.3,24.2,0,46.3,41.8,26.2,23.4,0.0,0.165,20.4,12.0,40.385714285714286,1.0430000000000008,2,57,61.8,0,0.0
2018-02-27,61.8,34.9,47.1,0.0,0.0,0.0,16.7,30.4,3,54.6,38.4,24.3,23.5,0.0,0.307,13.3,17.9,44.1,0.6060000000000008,2,58,58.0,0,0.0
2018-02-28,58.0,36.6,47.9,0.047,0.047,0.0,10.8,18.3,51,61.8,46.3,34.9,26.2,0.0,0.0,16.7,20.4,48.128571428571426,0.6530000000000008,2,59,49.1,0,0.0
2018-03-01,49.1,31.2,40.9,0.236,0.236,0.0,18.1,33.1,55,58.0,54.6,36.6,24.3,0.047,0.0,10.8,13.3,50.0,0.7550000000000008,3,60,46.9,0,0.0
2018-03-02,46.9,22.5,34.5,0.0,0.0,0.0,10.3,19.2,3,49.1,61.8,31.2,34.9,0.236,0.0,18.1,16.7,50.72857142857142,0.5900000000000007,3,61,50.2,0,0.0
2018-03-03,50.2,31.2,39.7,0.0,0.0,0.0,16.4,30.4,0,46.9,58.0,22.5,36.6,0.0,0.047,10.3,10.8,52.41428571428571,0.28300000000000075,3,62,52.2,0,0.0
2018-03-04,52.2,33.0,42.0,0.0,0.0,0.0,18.1,32.9,3,50.2,49.1,31.2,31.2,0.0,0.236,16.4,18.1,53.25714285714286,0.28300000000000075,3,63,44.3,0,0.0
2018-03-05,44.3,30.6,37.0,1.028,1.028,0.0,22.3,44.1,63,52.2,46.9,33.0,22.5,0.0,0.0,18.1,10.3,51.785714285714285,1.3110000000000008,3,64,36.9,0,0.0
2018-03-06,36.9,28.7,32.6,0.079,0.008,0.496,14.8,28.4,73,44.3,50.2,30.6,31.2,1.028,0.0,22.3,16.4,48.228571428571435,1.3900000000000008,3,65,35.1,0,0.0
2018-03-07,35.1,24.6,29.0,0.0,0.0,0.0,15.3,28.0,3,36.9,52.2,28.7,33.0,0.079,0.0,14.8,18.1,44.95714285714286,1.3430000000000009,3,66,36.7,0,0.0
2018-03-08,36.7,18.4,25.8,0.0,0.0,0.0,12.4,24.2,1,35.1,44.3,24.6,30.6,0.0,1.028,15.3,22.3,43.18571428571429,1.1070000000000009,3,67,40.9,0,0.0
2018-03-09,40.9,19.4,28.7,0.0,0.0,0.0,7.2,15.0,3,36.7,36.9,18.4,28.7,0.0,0.079,12.4,14.8,42.32857142857143,1.1070000000000009,3,68,44.2,0,0.0
2018-03-10,44.2,25.2,33.7,0.0,0.0,0.0,10.4,21.3,3,40.9,35.1,19.4,24.6,0.0,0.0,7.2,15.3,41.471428571428575,1.1070000000000009,3,69,45.3,0,0.0
2018-03-11,45.3,31.3,36.5,0.004,0.0,0.028,9.1,15.4,71,44.2,36.7,25.2,18.4,0.0,0.0,10.4,12.4,40.48571428571429,1.1110000000000009,3,70,43.8,0,0.0
2018-03-12,43.8,29.7,35.5,0.0,0.0,0.0,16.9,31.1,3,45.3,40.9,31.3,19.4,0.004,0.0,9.1,7.2,40.41428571428571,0.08300000000000089,3,71,40.1,0,0.0
2018-03-13,40.1,25.3,31.1,0.0,0.0,0.0,19.2,36.2,3,43.8,44.2,29.7,25.2,0.0,0.0,16.9,10.4,40.871428571428574,0.004000000000000888,3,72,55.7,0,0.0
2018-03-14,55.7,21.8,37.1,0.0,0.0,0.0,15.9,30.4,3,40.1,45.3,25.3,31.3,0.0,0.004,19.2,9.1,43.81428571428571,0.004000000000000888,3,73,52.0,0,0.0
2018-03-15,52.0,26.0,38.9,0.0,0.0,0.0,11.2,18.6,3,55.7,43.8,21.8,29.7,0.0,0.0,15.9,16.9,46.0,0.004000000000000888,3,74,41.8,0,0.0
2018-03-16,41.8,26.8,34.3,0.154,0.094,0.413,18.4,33.6,73,52.0,40.1,26.0,25.3,0.0,0.0,11.2,19.2,46.128571428571426,0.1580000000000009,3,75,44.7,0,0.0
2018-03-17,44.7,29.2,35.2,0.22,0.138,0.579,16.6,28.9,75,41.8,55.7,26.8,21.8,0.154,0.0,18.4,15.9,46.199999999999996,0.3780000000000009,3,76,49.9,0,0.0
2018-03-18,49.9,24.0,37.0,0.0,0.0,0.0,5.7,12.5,3,44.7,52.0,29.2,26.0,0.22,0.0,16.6,11.2,46.857142857142854,0.3740000000000009,3,77,52.8,0,0.0
2018-03-19,52.8,33.7,42.4,0.0,0.0,0.0,18.7,34.4,3,49.9,41.8,24.0,26.8,0.0,0.154,5.7,18.4,48.142857142857146,0.3740000000000009,3,78,38.7,0,0.0
2018-03-20,38.7,27.9,33.5,0.0,0.0,0.0,10.9,19.5,3,52.8,44.7,33.7,29.2,0.0,0.22,18.7,16.6,47.94285714285714,0.3740000000000009,3,79,44.4,0,0.0
2018-03-21,44.4,25.1,34.6,0.0,0.0,0.0,9.1,19.2,3,38.7,49.9,27.9,24.0,0.0,0.0,10.9,5.7,46.32857142857143,0.3740000000000009,3,80,47.9,0,0.0
2018-03-22,47.9,28.0,38.2,0.0,0.0,0.0,5.3,9.6,3,44.4,52.8,25.1,33.7,0.0,0.0,9.1,18.7,45.74285714285714,0.3740000000000009,3,81,48.3,0,0.0
2018-03-23,48.3,32.8,40.3,0.075,0.047,0.193,18.6,32.2,73,47.9,38.7,28.0,27.9,0.0,0.0,5.3,10.9,46.67142857142857,0.2950000000000009,3,82,34.2,0,0.0
2018-03-24,34.2,29.9,31.8,1.087,0.016,7.496,21.5,39.4,75,48.3,44.4,32.8,25.1,0.075,0.0,18.6,9.1,45.17142857142857,1.1620000000000008,3,83,34.5,0,0.0
2018-03-25,34.5,26.2,30.6,0.0,0.0,0.0,14.8,24.4,3,34.2,47.9,29.9,28.0,1.087,0.0,21.5,5.3,42.97142857142857,1.1620000000000008,3,84,42.1,0,0.0
2018-03-26,42.1,28.3,34.9,0.189,0.189,0.0,13.4,25.3,55,34.5,48.3,26.2,32.8,0.0,0.075,14.8,18.6,41.44285714285714,1.3510000000000009,3,85,46.1,0,0.0
2018-03-27,46.1,31.7,39.2,0.059,0.059,0.0,11.7,23.0,53,42.1,34.2,28.3,29.9,0.189,1.087,13.4,21.5,42.5,1.4100000000000008,3,86,50.5,0,0.0
2018-03-28,50.5,26.6,38.4,0.059,0.059,0.0,7.1,16.6,53,46.1,34.5,31.7,26.2,0.059,0.0,11.7,14.8,43.371428571428574,1.4690000000000007,3,87,49.2,0,0.0
2018-03-29,49.2,33.8,40.8,0.0,0.0,0.0,15.0,29.1,3,50.5,42.1,26.6,28.3,0.059,0.189,7.1,13.4,43.55714285714286,1.4690000000000007,3,88,48.4,0,0.0
2018-03-30,48.4,31.4,39.8,0.0,0.0,0.0,12.1,22.4,3,49.2,46.1,33.8,31.7,0.0,0.059,15.0,11.7,43.57142857142857,1.3940000000000008,3,89,54.7,0,0.0
2018-03-31,54.7,25.5,41.1,0.165,0.146,0.138,21.4,46.5,73,48.4,50.5,31.4,26.6,0.0,0.059,12.1,7.1,46.5,0.47200000000000086,3,90,32.4,0,0.0
2018-04-01,32.4,18.5,24.5,0.0,0.0,0.0,13.0,22.8,3,54.7,49.2,25.5,33.8,0.165,0.0,21.4,15.0,46.199999999999996,0.47200000000000086,4,91,45.4,0,0.0
2018-04-02,45.4,19.2,31.3,0.004,0.004,0.0,13.9,27.7,51,32.4,48.4,18.5,31.4,0.0,0.0,13.0,12.1,46.67142857142857,0.28700000000000087,4,92,36.7,0,0.0
2018-04-03,36.7,28.0,34.7,0.138,0.118,0.138,22.3,40.5,73,45.4,54.7,19.2,25.5,0.004,0.165,13.9,21.4,45.32857142857143,0.3660000000000009,4,93,34.9,0,0.0
2018-04-04,34.9,16.5,26.1,0.0,0.0,0.0,22.6,39.1,3,36.7,32.4,28.0,18.5,0.138,0.0,22.3,13.0,43.1,0.30700000000000094,4,94,45.6,0,0.0
2018-04-05,45.6,24.7,35.8,0.016,0.0,0.11,11.4,22.4,71,34.9,45.4,16.5,19.2,0.0,0.004,22.6,13.9,42.58571428571429,0.3230000000000009,4,95,37.8,0,0.0
2018-04-06,37.8,20.3,28.2,0.0,0.0,0.0,20.9,38.9,3,45.6,36.7,24.7,28.0,0.016,0.138,11.4,22.3,41.07142857142857,0.3230000000000009,4,96,38.5,0,0.0
2018-04-07,38.5,15.7,26.1,0.0,0.0,0.0,13.4,24.2,2,37.8,34.9,20.3,16.5,0.0,0.0,20.9,22.6,38.75714285714286,0.15800000000000092,4,97,36.0,0,0.0
2018-04-08,36.0,20.9,28.4,0.146,0.0,1.02,9.5,19.0,73,38.5,45.6,15.7,24.7,0.0,0.016,13.4,11.4,39.271428571428565,0.3040000000000009,4,98,40.0,0,0.0
2018-04-09,40.0,24.7,33.1,0.035,0.0,0.248,8.4,15.9,71,36.0,37.8,20.9,20.3,0.146,0.0,9.5,20.9,38.5,0.33500000000000085,4,99,49.8,0,0.0
2018-04-10,49.8,24.7,37.2,0.004,0.004,0.0,11.7,21.3,51,40.0,38.5,24.7,15.7,0.035,0.0,8.4,13.4,40.371428571428574,0.20100000000000087,4,100,61.8,0,0.0
2018-04-11,61.8,36.0,49.9,0.008,0.008,0.0,12.4,20.8,51,49.8,36.0,24.7,20.9,0.004,0.146,11.7,9.5,44.214285714285715,0.20900000000000088,4,101,66.7,0,0.0
2018-04-12,66.7,51.8,59.1,0.0,0.0,0.0,15.5,27.1,3,61.8,40.0,36.0,24.7,0.008,0.035,12.4,8.4,47.22857142857142,0.1930000000000009,4,102,61.7,0,0.0
2018-04-13,61.7,45.0,52.7,0.303,0.303,0.0,18.1,39.8,63,66.7,49.8,51.8,24.7,0.0,0.004,15.5,11.7,50.642857142857146,0.4960000000000009,4,103,43.2,0,0.0
2018-04-14,43.2,34.2,37.7,0.76,0.76,0.0,22.4,40.9,63,61.7,61.8,45.0,36.0,0.303,0.008,18.1,12.4,51.314285714285724,1.256000000000001,4,104,34.7,0,0.0
2018-04-15,34.7,25.8,31.4,0.22,0.0,1.571,15.4,27.7,73,43.2,66.7,34.2,51.8,0.76,0.0,22.4,15.5,51.12857142857143,1.3300000000000007,4,105,36.7,0,0.0
2018-04-16,36.7,24.6,30.0,0.004,0.0,0.028,19.8,35.8,71,34.7,61.7,25.8,45.0,0.22,0.303,15.4,18.1,50.65714285714286,1.2990000000000008,4,106,48.5,0,0.0
2018-04-17,48.5,24.4,35.9,0.0,0.0,0.0,11.5,18.8,3,36.7,43.2,24.6,34.2,0.004,0.76,19.8,22.4,50.471428571428575,1.2950000000000008,4,107,36.8,0,0.0
2018-04-18,36.8,31.0,33.8,0.165,0.043,0.854,17.9,30.9,73,48.5,34.7,24.4,25.8,0.0,0.22,11.5,15.4,46.9,1.4520000000000008,4,108,50.5,0,0.0
2018-04-19,50.5,29.0,38.8,0.0,0.0,0.0,12.0,20.8,3,36.8,36.7,31.0,24.6,0.165,0.004,17.9,19.8,44.58571428571429,1.4520000000000008,4,109,56.8,0,0.0
2018-04-20,56.8,26.1,42.6,0.0,0.0,0.0,7.4,14.5,3,50.5,48.5,29.0,24.4,0.0,0.0,12.0,11.5,43.88571428571429,1.149000000000001,4,110,56.4,0,0.0
2018-04-21,56.4,41.7,48.3,0.0,0.0,0.0,12.1,21.3,3,56.8,36.8,26.1,31.0,0.0,0.165,7.4,17.9,45.771428571428565,0.3890000000000009,4,111,63.0,0,0.0
2018-04-22,63.0,39.0,51.4,0.0,0.0,0.0,13.6,25.7,3,56.4,50.5,41.7,29.0,0.0,0.0,12.1,12.0,49.81428571428571,0.1690000000000009,4,112,65.9,0,0.0
2018-04-23,65.9,45.0,54.2,0.0,0.0,0.0,11.0,21.7,3,63.0,56.8,39.0,26.1,0.0,0.0,13.6,7.4,53.98571428571428,0.1650000000000009,4,113,69.1,0,0.0
2018-04-24,69.1,39.4,56.2,0.0,0.0,0.0,13.7,23.0,3,65.9,56.4,45.0,41.7,0.0,0.0,11.0,12.1,56.92857142857143,0.1650000000000009,4,114,60.0,0,0.0
2018-04-25,60.0,44.1,52.6,0.0,0.0,0.0,15.0,25.7,3,69.1,63.0,39.4,39.0,0.0,0.0,13.7,13.6,60.24285714285714,0.0,4,115,65.7,0,0.0
2018-04-26,65.7,36.3,52.5,0.0,0.0,0.0,14.4,25.3,3,60.0,65.9,44.1,45.0,0.0,0.0,15.0,11.0,62.41428571428571,0.0,4,116,68.5,0,0.0
2018-04-27,68.5,40.4,54.5,0.035,0.035,0.0,23.5,45.9,53,65.7,69.1,36.3,39.4,0.0,0.0,14.4,13.7,64.08571428571429,0.03500000000000089,4,117,55.0,0,0.0
2018-04-28,55.0,39.1,46.4,0.0,0.0,0.0,11.2,23.0,1,68.5,60.0,40.4,44.1,0.035,0.0,23.5,15.0,63.885714285714286,0.03500000000000089,4,118,61.5,0,0.0
2018-04-29,61.5,35.3,49.5,0.0,0.0,0.0,13.5,25.5,0,55.0,65.7,39.1,36.3,0.0,0.0,11.2,14.4,63.67142857142857,0.03500000000000089,4,119,78.2,0,0.0
2018-04-30,78.2,48.3,63.1,0.0,0.0,0.0,18.9,33.3,3,61.5,68.5,35.3,40.4,0.0,0.035,13.5,23.5,65.42857142857143,0.03500000000000089,4,120,75.4,0,0.0
2018-05-01,75.4,61.1,67.8,0.087,0.087,0.0,22.1,39.8,55,78.2,55.0,48.3,39.1,0.0,0.0,18.9,11.2,66.32857142857144,0.12200000000000089,5,121,76.8,0,0.0
2018-05-02,76.8,64.0,70.0,0.173,0.173,0.0,17.8,30.9,61,75.4,61.5,61.1,35.3,0.087,0.0,22.1,13.5,68.72857142857143,0.2950000000000009,5,122,73.8,0,0.0
2018-05-03,73.8,60.1,67.0,0.547,0.547,0.0,17.5,30.6,63,76.8,78.2,64.0,48.3,0.173,0.0,17.8,18.9,69.88571428571429,0.842000000000001,5,123,73.8,0,0.0
2018-05-04,73.8,56.0,64.4,0.043,0.043,0.0,14.8,31.3,55,73.8,75.4,60.1,61.1,0.547,0.087,17.5,22.1,70.64285714285714,0.8500000000000009,5,124,77.6,0,0.0
2018-05-05,77.6,47.8,64.2,0.0,0.0,0.0,9.4,18.6,3,73.8,76.8,56.0,64.0,0.043,0.173,14.8,17.8,73.87142857142858,0.8500000000000009,5,125,75.6,0,0.0
2018-05-06,75.6,55.2,64.6,0.004,0.004,0.0,10.1,22.4,51,77.6,73.8,47.8,60.1,0.0,0.547,9.4,17.5,75.88571428571429,0.8540000000000009,5,126,75.2,0,0.0
2018-05-07,75.2,49.3,63.5,0.0,0.0,0.0,6.7,15.0,2,75.6,73.8,55.2,56.0,0.004,0.043,10.1,14.8,75.45714285714284,0.8540000000000009,5,127,77.4,0,0.0
2018-05-08,77.4,53.9,67.0,0.031,0.031,0.0,16.9,30.2,53,75.2,77.6,49.3,47.8,0.0,0.0,6.7,9.4,75.74285714285715,0.7980000000000008,5,128,77.0,0,0.0
2018-05-09,77.0,60.3,67.5,0.24,0.24,0.0,17.7,32.2,63,77.4,75.6,53.9,55.2,0.031,0.004,16.9,10.1,75.77142857142857,0.8650000000000009,5,129,74.9,0,0.0
2018-05-10,74.9,55.2,64.9,0.0,0.0,0.0,12.1,19.9,3,77.0,75.2,60.3,49.3,0.24,0.0,17.7,6.7,75.92857142857143,0.3180000000000007,5,130,64.4,0,0.0
2018-05-11,64.4,51.1,57.8,0.177,0.177,0.0,17.6,33.6,61,74.9,77.4,55.2,53.9,0.0,0.031,12.1,16.9,74.58571428571429,0.45200000000000073,5,131,61.8,0,0.0
2018-05-12,61.8,47.1,52.6,0.35,0.35,0.0,16.2,30.2,61,64.4,77.0,51.1,60.3,0.177,0.24,17.6,17.7,72.32857142857144,0.8020000000000007,5,132,66.9,0,0.0
2018-05-13,66.9,51.7,57.1,0.386,0.386,0.0,12.7,27.5,63,61.8,74.9,47.1,55.2,0.35,0.0,16.2,12.1,71.08571428571429,1.1840000000000006,5,133,77.0,0,0.0
2018-05-14,77.0,56.0,66.6,0.256,0.256,0.0,9.2,21.3,63,66.9,64.4,51.7,51.1,0.386,0.177,12.7,17.6,71.34285714285714,1.4400000000000008,5,134,76.2,0,0.0
2018-05-15,76.2,61.2,67.9,0.13,0.13,0.0,10.1,19.9,61,77.0,61.8,56.0,47.1,0.256,0.35,9.2,16.2,71.17142857142858,1.5390000000000008,5,135,77.3,0,0.0
2018-05-16,77.3,54.3,66.6,0.0,0.0,0.0,5.2,11.4,3,76.2,66.9,61.2,51.7,0.13,0.386,10.1,12.7,71.21428571428571,1.2990000000000008,5,136,78.7,0,0.0
2018-05-17,78.7,55.5,68.8,0.0,0.0,0.0,13.9,24.8,3,77.3,77.0,54.3,56.0,0.0,0.256,5.2,9.2,71.75714285714287,1.2990000000000008,5,137,73.7,0,0.0
2018-05-18,73.7,57.3,66.3,0.0,0.0,0.0,13.1,24.2,3,78.7,76.2,55.5,61.2,0.0,0.13,13.9,10.1,73.08571428571429,1.1220000000000008,5,138,79.1,0,0.0
2018-05-19,79.1,55.8,68.0,0.035,0.035,0.0,8.5,14.8,53,73.7,77.3,57.3,54.3,0.0,0.0,13.1,5.2,75.55714285714285,0.8070000000000008,5,139,66.9,0,0.0
2018-05-20,66.9,58.7,62.9,0.075,0.075,0.0,14.1,27.7,61,79.1,78.7,55.8,55.5,0.035,0.0,8.5,13.9,75.55714285714285,0.4960000000000008,5,140,71.3,0,0.0
2018-05-21,71.3,55.4,61.5,0.224,0.224,0.0,11.4,20.8,61,66.9,73.7,58.7,57.3,0.075,0.0,14.1,13.1,74.74285714285715,0.4640000000000008,5,141,77.5,0,0.0
2018-05-22,77.5,55.2,66.5,0.0,0.0,0.0,8.5,17.7,3,71.3,79.1,55.4,55.8,0.224,0.035,11.4,8.5,74.92857142857143,0.3340000000000008,5,142,80.5,0,0.0
2018-05-23,80.5,60.2,70.0,0.083,0.083,0.0,9.0,18.1,53,77.5,66.9,55.2,58.7,0.0,0.075,8.5,14.1,75.38571428571429,0.4170000000000008,5,143,84.3,0,0.0
2018-05-24,84.3,62.9,74.1,0.0,0.0,0.0,11.0,21.0,3,80.5,71.3,60.2,55.4,0.083,0.224,9.0,11.4,76.18571428571428,0.4170000000000008,5,144,81.8,0,0.0
2018-05-25,81.8,67.4,74.3,0.028,0.028,0.0,9.1,21.3,51,84.3,77.5,62.9,55.2,0.0,0.0,11.0,8.5,77.34285714285714,0.4450000000000008,5,145,88.2,0,0.0
2018-05-26,88.2,65.5,75.8,0.075,0.075,0.0,8.6,14.8,61,81.8,80.5,67.4,60.2,0.028,0.083,9.1,9.0,78.64285714285714,0.4850000000000008,5,146,92.8,0,0.0
2018-05-27,92.8,64.7,78.6,0.0,0.0,0.0,6.3,12.5,3,88.2,84.3,65.5,62.9,0.075,0.0,8.6,11.0,82.34285714285714,0.4100000000000008,5,147,89.8,0,0.0
2018-05-28,89.8,67.7,79.1,0.0,0.0,0.0,11.1,23.3,3,92.8,81.8,64.7,67.4,0.0,0.028,6.3,9.1,84.98571428571428,0.18600000000000078,5,148,87.1,0,0.0
2018-05-29,87.1,66.8,77.8,0.106,0.106,0.0,12.0,22.6,61,89.8,88.2,67.7,65.5,0.0,0.075,11.1,8.6,86.35714285714286,0.29200000000000076,5,149,81.9,0,0.0
2018-05-30,81.9,68.2,74.5,0.201,0.201,0.0,11.9,22.4,61,87.1,92.8,66.8,64.7,0.106,0.0,12.0,6.3,86.55714285714285,0.41000000000000075,5,150,84.3,0,0.0
2018-05-31,84.3,66.7,75.8,0.031,0.031,0.0,10.0,22.1,53,81.9,89.8,68.2,67.7,0.201,0.0,11.9,11.1,86.55714285714285,0.4410000000000007,5,151,88.1,0,0.0
2018-06-01,88.1,64.6,77.7,0.0,0.0,0.0,14.2,23.9,1,84.3,87.1,66.7,66.8,0.031,0.106,10.0,12.0,87.45714285714287,0.4130000000000008,6,152,79.1,0,0.0
2018-06-02,79.1,59.2,68.6,0.205,0.205,0.0,15.5,27.3,63,88.1,81.9,64.6,68.2,0.0,0.201,14.2,11.9,86.15714285714284,0.5430000000000008,6,153,74.8,0,0.0
2018-06-03,74.8,57.5,67.5,0.0,0.0,0.0,18.3,33.8,0,79.1,84.3,59.2,66.7,0.205,0.031,15.5,10.0,83.58571428571429,0.5430000000000008,6,154,79.1,0,0.0
2018-06-04,79.1,53.6,67.8,0.0,0.0,0.0,10.4,20.4,3,74.8,88.1,57.5,64.6,0.0,0.0,18.3,14.2,82.05714285714285,0.5430000000000008,6,155,85.6,0,0.0
2018-06-05,85.6,61.5,74.1,0.0,0.0,0.0,11.7,22.1,3,79.1,79.1,53.6,59.2,0.0,0.205,10.4,15.5,81.84285714285714,0.4370000000000008,6,156,89.4,0,0.0
2018-06-06,89.4,58.6,71.7,0.008,0.008,0.0,17.6,30.2,51,85.6,74.8,61.5,57.5,0.0,0.0,11.7,18.3,82.91428571428571,0.24400000000000077,6,157,88.0,0,0.0
2018-06-07,88.0,65.4,77.1,0.0,0.0,0.0,9.8,17.9,3,89.4,79.1,58.6,53.6,0.008,0.0,17.6,10.4,83.44285714285715,0.21300000000000077,6,158,85.8,0,0.0
2018-06-08,85.8,66.6,75.7,0.0,0.0,0.0,13.0,25.9,3,88.0,85.6,65.4,61.5,0.0,0.0,9.8,11.7,83.11428571428571,0.21300000000000077,6,159,87.8,0,0.0
2018-06-09,87.8,69.8,76.8,0.209,0.209,0.0,13.0,25.5,63,85.8,89.4,66.6,58.6,0.0,0.008,13.0,17.6,84.35714285714286,0.21700000000000078,6,160,80.2,0,0.0
2018-06-10,80.2,67.6,74.9,0.165,0.165,0.0,14.9,25.5,61,87.8,88.0,69.8,65.4,0.209,0.0,13.0,9.8,85.12857142857142,0.3820000000000008,6,161,83.6,0,0.0
2018-06-11,83.6,63.1,71.9,0.016,0.016,0.0,14.5,26.8,51,80.2,85.8,67.6,66.6,0.165,0.0,14.9,13.0,85.77142857142857,0.3980000000000008,6,162,83.8,0,0.0
2018-06-12,83.8,65.5,74.4,0.028,0.028,0.0,12.1,20.8,53,83.6,87.8,63.1,69.8,0.016,0.209,14.5,13.0,85.5142857142857,0.42600000000000077,6,163,78.1,0,0.0
2018-06-13,78.1,66.3,72.3,0.0,0.0,0.0,14.3,30.0,3,83.8,80.2,65.5,67.6,0.028,0.165,12.1,14.9,83.89999999999999,0.41800000000000076,6,164,74.6,0,0.0
2018-06-14,74.6,61.4,66.0,0.697,0.697,0.0,10.6,20.8,63,78.1,83.6,66.3,63.1,0.0,0.016,14.3,14.5,81.98571428571428,1.1150000000000007,6,165,93.3,0,0.0
2018-06-15,93.3,68.4,80.8,0.0,0.0,0.0,12.8,24.8,2,74.6,83.8,61.4,65.5,0.697,0.028,10.6,12.1,83.05714285714285,1.1150000000000007,6,166,92.3,0,0.0
2018-06-16,92.3,74.4,84.2,0.0,0.0,0.0,14.0,26.4,3,93.3,78.1,68.4,66.3,0.0,0.0,12.8,14.3,83.7,0.9060000000000008,6,167,93.4,0,0.0
2018-06-17,93.4,77.2,85.5,0.0,0.0,0.0,14.6,27.3,3,92.3,74.6,74.4,61.4,0.0,0.697,14.0,10.6,85.58571428571427,0.7410000000000008,6,168,91.1,0,0.0
2018-06-18,91.1,76.7,84.7,0.161,0.161,0.0,12.5,24.4,61,93.4,93.3,77.2,68.4,0.0,0.0,14.6,12.8,86.65714285714286,0.8860000000000008,6,169,82.8,0,0.0
2018-06-19,82.8,70.3,76.7,0.331,0.331,0.0,9.9,20.6,63,91.1,92.3,76.7,74.4,0.161,0.0,12.5,14.0,86.5142857142857,1.1890000000000007,6,170,83.8,0,0.0
2018-06-20,83.8,70.3,74.3,0.906,0.906,0.0,14.7,25.1,65,82.8,93.4,70.3,77.2,0.331,0.0,9.9,14.6,87.32857142857142,2.0950000000000006,6,171,74.3,0,0.0
2018-06-21,74.3,63.7,69.2,1.217,1.217,0.0,14.1,25.3,63,83.8,91.1,70.3,76.7,0.906,0.161,14.7,12.5,87.28571428571429,2.6150000000000007,6,172,74.8,0,0.0
2018-06-22,74.8,62.1,67.1,0.283,0.283,0.0,13.1,23.5,61,74.3,82.8,63.7,70.3,1.217,0.331,14.1,9.9,84.64285714285714,2.8980000000000006,6,173,74.7,0,0.0
2018-06-23,74.7,61.5,68.4,0.024,0.024,0.0,6.0,13.6,51,74.8,83.8,62.1,70.3,0.283,0.906,13.1,14.7,82.12857142857142,2.9220000000000006,6,174,81.5,0,0.0
2018-06-24,81.5,59.2,71.3,0.0,0.0,0.0,8.0,17.0,3,74.7,74.3,61.5,63.7,0.024,1.217,6.0,14.1,80.42857142857143,2.9220000000000006,6,175,78.4,0,0.0
2018-06-25,78.4,64.1,71.7,0.051,0.051,0.0,16.5,30.2,53,81.5,74.8,59.2,62.1,0.0,0.283,8.0,13.1,78.61428571428571,2.8120000000000007,6,176,77.6,0,0.0
2018-06-26,77.6,67.2,72.6,0.409,0.409,0.0,16.1,29.8,61,78.4,74.7,64.1,61.5,0.051,0.024,16.5,6.0,77.87142857142858,2.8900000000000006,6,177,82.7,0,0.0
2018-06-27,82.7,65.3,73.4,0.0,0.0,0.0,9.7,19.5,3,77.6,81.5,67.2,59.2,0.409,0.0,16.1,8.0,77.71428571428571,1.9840000000000007,6,178,87.7,0,0.0
2018-06-28,87.7,64.6,76.9,0.0,0.0,0.0,10.9,21.0,3,82.7,78.4,65.3,64.1,0.0,0.051,9.7,16.5,79.62857142857145,0.7670000000000006,6,179,92.0,0,0.0
2018-06-29,92.0,72.2,82.2,0.0,0.0,0.0,14.6,25.9,0,87.7,77.6,64.6,67.2,0.0,0.409,10.9,16.1,82.08571428571429,0.48400000000000065,6,180,91.2,0,0.0
2018-06-30,91.2,76.2,84.0,0.055,0.055,0.0,13.0,33.6,53,92.0,82.7,72.2,65.3,0.0,0.0,14.6,9.7,84.44285714285715,0.5150000000000007,6,181,82.4,0,0.0
2018-07-01,82.4,68.1,77.0,0.016,0.016,0.0,19.3,35.8,51,91.2,87.7,76.2,64.6,0.055,0.0,13.0,10.9,84.57142857142857,0.5310000000000006,7,182,82.8,0,0.0
2018-07-02,82.8,61.4,72.6,0.0,0.0,0.0,6.8,12.5,3,82.4,92.0,68.1,72.2,0.016,0.0,19.3,14.6,85.2,0.48000000000000065,7,183,88.7,0,0.0
2018-07-03,88.7,65.7,77.6,0.0,0.0,0.0,10.7,20.6,3,82.8,91.2,61.4,76.2,0.0,0.055,6.8,13.0,86.78571428571429,0.07100000000000067,7,184,89.0,0,0.0
2018-07-04,89.0,73.8,81.4,0.012,0.012,0.0,10.5,20.4,51,88.7,82.4,65.7,68.1,0.0,0.016,10.7,19.3,87.6857142857143,0.08300000000000067,7,185,86.5,0,0.0
2018-07-05,86.5,74.7,80.3,0.004,0.004,0.0,11.4,21.9,51,89.0,82.8,73.8,61.4,0.012,0.0,10.5,6.8,87.51428571428572,0.08700000000000066,7,186,79.2,0,0.0
2018-07-06,79.2,66.1,72.7,0.0,0.0,0.0,12.1,22.8,2,86.5,88.7,74.7,65.7,0.004,0.0,11.4,10.7,85.68571428571428,0.08700000000000066,7,187,80.1,0,0.0
2018-07-07,80.1,57.7,69.2,0.0,0.0,0.0,6.5,14.8,0,79.2,89.0,66.1,73.8,0.0,0.012,12.1,10.5,84.10000000000001,0.03200000000000067,7,188,82.9,0,0.0
2018-07-08,82.9,58.9,71.4,0.0,0.0,0.0,8.0,16.3,0,80.1,86.5,57.7,74.7,0.0,0.004,6.5,11.4,84.17142857142858,0.016000000000000666,7,189,89.8,0,0.0
2018-07-09,89.8,64.7,77.5,0.0,0.0,0.0,9.3,17.9,3,82.9,79.2,58.9,66.1,0.0,0.0,8.0,12.1,85.17142857142858,0.016000000000000666,7,190,87.4,0,0.0
2018-07-10,87.4,74.0,80.5,0.0,0.0,0.0,7.8,16.6,3,89.8,80.1,64.7,57.7,0.0,0.0,9.3,6.5,84.98571428571428,0.016000000000000666,7,191,88.2,0,0.0
2018-07-11,88.2,67.0,77.7,0.0,0.0,0.0,9.5,19.5,3,87.4,82.9,74.0,58.9,0.0,0.0,7.8,8.0,84.87142857142858,0.004000000000000666,7,192,93.5,0,0.0
2018-07-12,93.5,69.6,81.5,0.0,0.0,0.0,9.2,18.3,3,88.2,89.8,67.0,64.7,0.0,0.0,9.5,9.3,85.87142857142858,0.0,7,193,93.0,0,0.0
2018-07-13,93.0,73.8,82.0,0.024,0.024,0.0,9.9,25.7,51,93.5,87.4,69.6,74.0,0.0,0.0,9.2,7.8,87.84285714285716,0.024000000000000667,7,194,82.7,0,0.0
2018-07-14,82.7,72.2,77.0,0.453,0.453,0.0,6.2,23.3,63,93.0,88.2,73.8,67.0,0.024,0.0,9.9,9.5,88.21428571428571,0.4770000000000007,7,195,84.8,0,0.0
2018-07-15,84.8,72.9,77.9,0.071,0.071,0.0,6.2,15.9,53,82.7,93.5,72.2,69.6,0.453,0.0,6.2,9.2,88.48571428571428,0.5480000000000007,7,196,83.8,0,0.0
2018-07-16,83.8,70.7,77.0,0.11,0.11,0.0,10.8,22.1,61,84.8,93.0,72.9,73.8,0.071,0.024,6.2,9.9,87.62857142857142,0.6580000000000007,7,197,84.9,0,0.0
2018-07-17,84.9,64.7,75.3,0.0,0.0,0.0,7.4,14.5,3,83.8,82.7,70.7,72.2,0.11,0.453,10.8,6.2,87.27142857142857,0.6580000000000007,7,198,81.9,0,0.0
2018-07-18,81.9,64.8,74.4,0.004,0.004,0.0,8.2,15.9,51,84.9,84.8,64.7,72.9,0.0,0.071,7.4,6.2,86.37142857142858,0.6620000000000007,7,199,83.0,0,0.0
2018-07-19,83.0,65.0,71.6,1.28,1.28,0.0,16.6,34.2,65,81.9,83.8,64.8,70.7,0.004,0.11,8.2,10.8,84.87142857142858,1.9420000000000006,7,200,77.4,0,0.0
2018-07-20,77.4,66.4,72.9,0.039,0.039,0.0,20.6,36.5,51,83.0,84.9,65.0,64.7,1.28,0.0,16.6,7.4,82.64285714285714,1.9570000000000007,7,201,79.7,0,0.0
2018-07-21,79.7,65.8,72.7,0.008,0.008,0.0,16.4,30.0,51,77.4,81.9,66.4,64.8,0.039,0.004,20.6,8.2,82.21428571428571,1.5120000000000007,7,202,79.0,0,0.0
2018-07-22,79.0,64.7,71.4,0.012,0.012,0.0,15.0,28.2,51,79.7,83.0,65.8,65.0,0.008,1.28,16.4,16.6,81.38571428571429,1.4530000000000007,7,203,81.4,0,0.0
2018-07-23,81.4,64.8,73.5,0.0,0.0,0.0,12.0,23.0,3,79.0,77.4,64.7,66.4,0.012,0.039,15.0,20.6,81.04285714285716,1.3430000000000009,7,204,82.2,0,0.0
2018-07-24,82.2,67.6,74.6,0.004,0.004,0.0,12.9,24.2,51,81.4,79.7,64.8,65.8,0.0,0.008,12.0,16.4,80.65714285714286,1.3470000000000009,7,205,85.2,0,0.0
2018-07-25,85.2,62.4,74.6,0.0,0.0,0.0,9.6,18.6,3,82.2,79.0,67.6,64.7,0.004,0.012,12.9,15.0,81.12857142857145,1.3430000000000009,7,206,76.8,0,0.0
2018-07-26,76.8,64.6,71.0,0.0,0.0,0.0,16.5,30.6,3,85.2,81.4,62.4,64.8,0.0,0.0,9.6,12.0,80.24285714285715,0.06300000000000089,7,207,75.6,0,0.0
2018-07-27,75.6,58.0,67.4,0.008,0.008,0.0,11.9,23.9,51,76.8,82.2,64.6,67.6,0.0,0.004,16.5,12.9,79.98571428571428,0.03200000000000089,7,208,77.0,0,0.0
2018-07-28,77.0,57.5,68.5,0.028,0.028,0.0,5.9,13.9,51,75.6,85.2,58.0,62.4,0.008,0.0,11.9,9.6,79.60000000000001,0.05200000000000089,7,209,77.5,0,0.0
2018-07-29,77.5,61.5,70.1,0.024,0.024,0.0,5.5,13.2,51,77.0,76.8,57.5,64.6,0.028,0.0,5.9,16.5,79.38571428571429,0.06400000000000089,7,210,79.1,0,0.0
2018-07-30,79.1,60.8,70.7,0.008,0.008,0.0,8.9,18.6,51,77.5,75.6,61.5,58.0,0.024,0.008,5.5,11.9,79.05714285714285,0.0720000000000009,7,211,81.1,0,0.0
2018-07-31,81.1,60.7,70.8,0.0,0.0,0.0,8.6,17.2,3,79.1,77.0,60.8,57.5,0.008,0.028,8.9,5.9,78.89999999999999,0.0680000000000009,7,212,85.1,0,0.0
2018-08-01,85.1,63.0,74.3,0.0,0.0,0.0,10.7,21.9,3,81.1,77.5,60.7,61.5,0.0,0.024,8.6,5.5,78.88571428571427,0.0680000000000009,8,213,79.3,0,0.0
2018-08-02,79.3,64.6,71.4,0.031,0.031,0.0,10.7,22.8,53,85.1,79.1,63.0,60.8,0.0,0.008,10.7,8.9,79.24285714285713,0.09900000000000089,8,214,93.0,0,0.0
2018-08-03,93.0,65.1,78.2,0.0,0.0,0.0,9.6,16.1,3,79.3,81.1,64.6,60.7,0.031,0.0,10.7,8.6,81.72857142857143,0.09100000000000089,8,215,93.5,0,0.0
2018-08-04,93.5,72.8,82.4,0.0,0.0,0.0,19.0,34.4,3,93.0,85.1,65.1,63.0,0.0,0.0,9.6,10.7,84.08571428571429,0.06300000000000089,8,216,95.0,0,0.0
2018-08-05,95.0,74.3,81.4,0.126,0.126,0.0,20.9,37.8,61,93.5,79.3,72.8,64.6,0.0,0.031,19.0,10.7,86.58571428571429,0.1650000000000009,8,217,84.8,0,0.0
2018-08-06,84.8,69.4,76.7,0.134,0.134,0.0,11.0,24.4,61,95.0,93.0,74.3,65.1,0.126,0.0,20.9,9.6,87.39999999999999,0.2910000000000009,8,218,78.9,0,0.0
2018-08-07,78.9,68.1,73.2,1.012,1.012,0.0,15.4,29.5,65,84.8,93.5,69.4,72.8,0.134,0.0,11.0,19.0,87.08571428571427,1.3030000000000008,8,219,82.8,0,0.0
2018-08-08,82.8,64.1,73.0,0.0,0.0,0.0,7.1,15.0,2,78.9,95.0,68.1,74.3,1.012,0.126,15.4,20.9,86.75714285714287,1.3030000000000008,8,220,89.6,0,0.0
2018-08-09,89.6,67.9,78.4,0.0,0.0,0.0,13.3,26.4,2,82.8,84.8,64.1,69.4,0.0,0.134,7.1,11.0,88.22857142857141,1.272000000000001,8,221,83.5,0,0.0
2018-08-10,83.5,68.4,76.0,0.035,0.035,0.0,8.9,19.5,53,89.6,78.9,67.9,68.1,0.0,1.012,13.3,15.4,86.87142857142855,1.3070000000000008,8,222,86.1,0,0.0
2018-08-11,86.1,65.9,76.2,0.0,0.0,0.0,5.4,11.0,1,83.5,82.8,68.4,64.1,0.035,0.0,8.9,7.1,85.8142857142857,1.3070000000000008,8,223,87.4,0,0.0
2018-08-12,87.4,66.6,77.0,0.0,0.0,0.0,6.3,12.3,0,86.1,89.6,65.9,67.9,0.0,0.0,5.4,13.3,84.72857142857141,1.1810000000000007,8,224,89.0,0,0.0
2018-08-13,89.0,66.2,77.8,0.0,0.0,0.0,11.0,19.9,0,87.4,83.5,66.6,68.4,0.0,0.035,6.3,8.9,85.32857142857142,1.0470000000000008,8,225,89.8,0,0.0
2018-08-14,89.8,68.8,77.9,0.138,0.138,0.0,6.9,14.5,61,89.0,86.1,66.2,65.9,0.0,0.0,11.0,5.4,86.88571428571429,0.1730000000000009,8,226,82.2,0,0.0
2018-08-15,82.2,70.2,75.3,0.295,0.295,0.0,7.4,16.1,61,89.8,87.4,68.8,66.6,0.138,0.0,6.9,6.3,86.79999999999998,0.46800000000000086,8,227,81.2,0,0.0
2018-08-16,81.2,68.4,74.3,0.244,0.244,0.0,9.3,17.0,63,82.2,89.0,70.2,66.2,0.295,0.0,7.4,11.0,85.60000000000001,0.7120000000000009,8,228,82.0,0,0.0
2018-08-17,82.0,66.0,74.3,0.126,0.126,0.0,13.5,25.9,53,81.2,89.8,68.4,68.8,0.244,0.138,9.3,6.9,85.38571428571429,0.8030000000000008,8,229,84.7,0,0.0
2018-08-18,84.7,67.9,76.1,0.0,0.0,0.0,5.2,13.6,3,82.0,82.2,66.0,70.2,0.126,0.295,13.5,7.4,85.1857142857143,0.8030000000000008,8,230,86.4,0,0.0
2018-08-19,86.4,66.8,76.5,0.008,0.008,0.0,12.6,21.5,51,84.7,81.2,67.9,68.4,0.0,0.244,5.2,9.3,85.04285714285713,0.8110000000000008,8,231,76.6,0,0.0
2018-08-20,76.6,67.6,73.1,0.921,0.921,0.0,17.6,30.9,63,86.4,82.0,66.8,66.0,0.008,0.126,12.6,13.5,83.27142857142857,1.7320000000000009,8,232,77.4,0,0.0
2018-08-21,77.4,65.4,70.5,0.004,0.004,0.0,18.0,33.6,51,76.6,84.7,67.6,67.9,0.921,0.0,17.6,5.2,81.5,1.598000000000001,8,233,75.7,0,0.0
2018-08-22,75.7,57.6,66.6,0.0,0.0,0.0,9.2,17.9,3,77.4,86.4,65.4,66.8,0.004,0.008,18.0,12.6,80.57142857142857,1.3030000000000008,8,234,81.4,0,0.0
2018-08-23,81.4,55.4,69.1,0.0,0.0,0.0,13.0,24.8,3,75.7,76.6,57.6,67.6,0.0,0.921,9.2,17.6,80.60000000000001,1.059000000000001,8,235,79.2,0,0.0
2018-08-24,79.2,63.1,71.1,0.72,0.72,0.0,18.5,33.6,63,81.4,77.4,55.4,65.4,0.0,0.004,13.0,18.0,80.20000000000002,1.653000000000001,8,236,88.2,0,0.0
2018-08-25,88.2,67.5,77.2,0.043,0.043,0.0,11.6,20.1,55,79.2,75.7,63.1,57.6,0.72,0.0,18.5,9.2,80.7,1.6960000000000008,8,237,87.3,0,0.0
2018-08-26,87.3,69.6,78.8,0.209,0.209,0.0,14.9,25.3,61,88.2,81.4,67.5,55.4,0.043,0.0,11.6,13.0,80.82857142857142,1.897000000000001,8,238,90.4,0,0.0
2018-08-27,90.4,77.8,83.2,0.083,0.083,0.0,21.3,37.8,61,87.3,79.2,69.6,63.1,0.209,0.72,14.9,18.5,82.8,1.0590000000000008,8,239,86.1,0,0.0
2018-08-28,86.1,70.9,80.1,1.472,1.472,0.0,19.5,36.2,65,90.4,88.2,77.8,67.5,0.083,0.043,21.3,11.6,84.04285714285713,2.527000000000001,8,240,72.4,0,0.0
2018-08-29,72.4,61.1,67.7,0.15,0.15,0.0,16.2,28.4,61,86.1,87.3,70.9,69.6,1.472,0.209,19.5,14.9,83.57142857142857,2.677000000000001,8,241,78.4,0,0.0
2018-08-30,78.4,58.2,67.9,0.004,0.004,0.0,11.0,21.7,51,72.4,90.4,61.1,77.8,0.15,0.083,16.2,21.3,83.14285714285714,2.681000000000001,8,242,82.3,0,0.0
2018-08-31,82.3,66.7,73.5,0.0,0.0,0.0,17.2,31.8,3,78.4,86.1,58.2,70.9,0.004,1.472,11.0,19.5,83.58571428571429,1.9610000000000007,8,243,85.1,0,0.0
2018-09-01,85.1,71.9,78.1,0.685,0.685,0.0,15.2,28.6,65,82.3,72.4,66.7,61.1,0.0,0.15,17.2,16.2,83.14285714285714,2.603000000000001,9,244,85.5,0,0.0
2018-09-02,85.5,70.6,77.0,0.398,0.398,0.0,13.2,30.9,63,85.1,78.4,71.9,58.2,0.685,0.004,15.2,11.0,82.88571428571429,2.7920000000000007,9,245,81.1,0,0.0
2018-09-03,81.1,70.2,75.3,0.539,0.539,0.0,9.6,24.4,63,85.5,82.3,70.6,66.7,0.398,0.0,13.2,17.2,81.55714285714285,3.2480000000000007,9,246,85.5,0,0.0
2018-09-04,85.5,72.4,79.2,0.035,0.035,0.0,14.3,28.4,51,81.1,85.1,70.2,71.9,0.539,0.685,9.6,15.2,81.47142857142856,1.811000000000001,9,247,80.0,0,0.0
2018-09-05,80.0,68.8,73.4,0.906,0.906,0.0,14.3,24.8,63,85.5,85.5,72.4,70.6,0.035,0.398,14.3,13.2,82.55714285714285,2.567000000000001,9,248,72.7,0,0.0
2018-09-06,72.7,65.3,68.3,0.063,0.063,0.0,15.6,27.5,53,80.0,81.1,68.8,70.2,0.906,0.539,14.3,9.6,81.74285714285715,2.6260000000000012,9,249,70.1,0,0.0
2018-09-07,70.1,58.4,65.0,0.102,0.102,0.0,13.3,24.2,53,72.7,85.5,65.3,72.4,0.063,0.035,15.6,14.3,80.0,2.728000000000001,9,250,70.0,0,0.0
2018-09-08,70.0,60.6,64.2,0.0,0.0,0.0,15.1,27.5,3,70.1,80.0,58.4,68.8,0.102,0.906,13.3,14.3,77.84285714285714,2.043000000000001,9,251,70.1,0,0.0
2018-09-09,70.1,55.3,62.2,0.0,0.0,0.0,10.2,19.5,3,70.0,72.7,60.6,65.3,0.0,0.063,15.1,15.6,75.64285714285714,1.645000000000001,9,252,71.9,0,0.0
2018-09-10,71.9,49.4,61.2,0.0,0.0,0.0,7.2,12.5,0,70.1,70.1,55.3,58.4,0.0,0.102,10.2,13.3,74.32857142857142,1.1060000000000008,9,253,77.3,0,0.0
2018-09-11,77.3,54.8,66.2,0.0,0.0,0.0,10.4,19.9,0,71.9,70.0,49.4,60.6,0.0,0.0,7.2,15.1,73.15714285714286,1.0710000000000008,9,254,79.1,0,0.0
2018-09-12,79.1,59.4,69.0,0.0,0.0,0.0,10.2,19.5,2,77.3,70.1,54.8,55.3,0.0,0.0,10.4,10.2,73.02857142857142,0.16500000000000087,9,255,79.9,0,0.0
2018-09-13,79.9,60.9,70.1,0.0,0.0,0.0,10.0,19.9,3,79.1,71.9,59.4,49.4,0.0,0.0,10.2,7.2,74.05714285714285,0.10200000000000088,9,256,83.9,0,0.0
2018-09-14,83.9,64.7,73.9,0.012,0.012,0.0,7.6,15.4,51,79.9,77.3,60.9,54.8,0.0,0.0,10.0,10.4,76.02857142857142,0.012000000000000888,9,257,85.6,0,0.0
2018-09-15,85.6,64.7,75.3,0.0,0.0,0.0,6.4,12.1,3,83.9,79.1,64.7,59.4,0.012,0.0,7.6,10.2,78.25714285714285,0.012000000000000888,9,258,83.8,0,0.0
2018-09-16,83.8,65.3,74.7,0.0,0.0,0.0,7.2,12.8,0,85.6,79.9,64.7,60.9,0.0,0.0,6.4,10.0,80.21428571428571,0.012000000000000888,9,259,85.5,0,0.0
2018-09-17,85.5,65.5,75.5,0.016,0.016,0.0,8.2,16.6,51,83.8,83.9,65.3,64.7,0.0,0.012,7.2,7.6,82.15714285714286,0.02800000000000089,9,260,81.9,0,0.0
2018-09-18,81.9,68.2,73.7,0.236,0.236,0.0,10.7,19.5,63,85.5,85.6,65.5,64.7,0.016,0.0,8.2,6.4,82.81428571428572,0.2640000000000009,9,261,85.9,0,0.0
2018-09-19,85.9,65.7,73.5,0.043,0.043,0.0,10.4,19.0,51,81.9,83.8,68.2,65.3,0.236,0.0,10.7,7.2,83.78571428571429,0.3070000000000009,9,262,89.7,0,0.0
2018-09-20,89.7,68.4,79.9,0.205,0.205,0.0,19.3,36.0,63,85.9,85.5,65.7,65.5,0.043,0.016,10.4,8.2,85.1857142857143,0.5120000000000009,9,263,79.7,0,0.0
2018-09-21,79.7,54.0,64.2,0.425,0.425,0.0,19.8,42.1,63,89.7,81.9,68.4,68.2,0.205,0.236,19.3,10.7,84.58571428571429,0.9250000000000008,9,264,66.4,0,0.0
2018-09-22,66.4,47.0,56.8,0.0,0.0,0.0,7.9,16.8,3,79.7,85.9,54.0,65.7,0.425,0.043,19.8,10.4,81.84285714285716,0.9250000000000008,9,265,72.0,0,0.0
2018-09-23,72.0,49.1,60.2,0.0,0.0,0.0,8.6,18.3,0,66.4,89.7,47.0,68.4,0.0,0.205,7.9,19.3,80.15714285714286,0.9250000000000008,9,266,76.6,0,0.0
2018-09-24,76.6,55.3,66.3,0.0,0.0,0.0,9.7,19.2,3,72.0,79.7,49.1,54.0,0.0,0.425,8.6,19.8,78.88571428571429,0.9090000000000008,9,267,74.5,0,0.0
2018-09-25,74.5,53.6,64.9,0.339,0.339,0.0,14.8,32.4,61,76.6,66.4,55.3,47.0,0.0,0.0,9.7,7.9,77.82857142857144,1.012000000000001,9,268,63.8,0,0.0
2018-09-26,63.8,47.9,55.1,0.0,0.0,0.0,12.8,25.1,3,74.5,72.0,53.6,49.1,0.339,0.0,14.8,8.6,74.67142857142858,0.969000000000001,9,269,69.6,0,0.0
2018-09-27,69.6,47.2,58.4,0.0,0.0,0.0,14.2,26.8,3,63.8,76.6,47.9,55.3,0.0,0.0,12.8,9.7,71.8,0.7640000000000009,9,270,58.5,0,0.0
2018-09-28,58.5,43.9,51.9,0.106,0.106,0.0,11.6,20.8,53,69.6,74.5,47.2,53.6,0.0,0.339,14.2,14.8,68.77142857142857,0.4450000000000009,9,271,56.2,0,0.0
2018-09-29,56.2,41.5,48.7,0.169,0.169,0.0,12.3,23.0,61,58.5,63.8,43.9,47.9,0.106,0.0,11.6,12.8,67.31428571428572,0.614000000000001,9,272,62.9,0,0.0
2018-09-30,62.9,48.7,55.1,0.177,0.177,0.0,9.6,17.4,53,56.2,69.6,41.5,47.2,0.169,0.0,12.3,14.2,66.0142857142857,0.7910000000000009,9,273,76.8,0,0.0
2018-10-01,76.8,53.4,62.5,0.559,0.559,0.0,13.9,32.4,63,62.9,58.5,48.7,43.9,0.177,0.106,9.6,11.6,66.04285714285714,1.350000000000001,10,274,64.7,0,0.0
2018-10-02,64.7,49.7,57.5,0.004,0.004,0.0,9.7,16.1,51,76.8,56.2,53.4,41.5,0.559,0.169,13.9,12.3,64.64285714285714,1.015000000000001,10,275,85.5,0,0.0
2018-10-03,85.5,62.2,74.4,0.055,0.055,0.0,24.1,42.5,53,64.7,62.9,49.7,48.7,0.004,0.177,9.7,9.6,67.74285714285715,1.070000000000001,10,276,62.0,0,0.0
2018-10-04,62.0,44.1,52.4,0.0,0.0,0.0,20.0,35.6,3,85.5,76.8,62.2,53.4,0.055,0.559,24.1,13.9,66.65714285714286,1.070000000000001,10,277,68.1,0,0.0
2018-10-05,68.1,51.4,59.3,0.677,0.677,0.0,12.5,30.9,63,62.0,64.7,44.1,49.7,0.0,0.004,20.0,9.7,68.02857142857142,1.641000000000001,10,278,63.0,0,0.0
2018-10-06,63.0,53.5,57.0,1.343,1.343,0.0,10.8,31.5,65,68.1,85.5,51.4,62.2,0.677,0.055,12.5,24.1,69.0,2.815000000000001,10,279,61.2,0,0.0
2018-10-07,61.2,53.5,56.2,0.874,0.874,0.0,12.6,23.9,61,63.0,62.0,53.5,44.1,1.343,0.0,10.8,20.0,68.75714285714285,3.512000000000001,10,280,79.4,0,0.0
2018-10-08,79.4,60.3,70.7,0.642,0.642,0.0,15.5,34.9,63,61.2,68.1,53.5,51.4,0.874,0.677,12.6,12.5,69.12857142857142,3.595000000000001,10,281,77.5,0,0.0
2018-10-09,77.5,65.7,71.6,1.264,1.264,0.0,14.0,31.5,63,79.4,63.0,60.3,53.5,0.642,1.343,15.5,10.8,70.95714285714287,4.855000000000001,10,282,70.1,0,0.0
2018-10-10,70.1,47.1,61.5,1.874,1.874,0.0,19.8,35.3,65,77.5,61.2,65.7,53.5,1.264,0.874,14.0,12.6,68.75714285714285,6.674,10,283,48.7,0,0.0
2018-10-11,48.7,37.9,43.1,0.0,0.0,0.0,18.6,33.3,3,70.1,79.4,47.1,60.3,1.874,0.642,19.8,15.5,66.85714285714286,6.674,10,284,43.6,0,0.0
2018-10-12,43.6,34.0,38.5,0.083,0.067,0.11,9.4,17.4,73,48.7,77.5,37.9,65.7,0.0,1.264,18.6,14.0,63.357142857142854,6.080000000000001,10,285,51.6,0,0.0
2018-10-13,51.6,37.9,43.7,0.0,0.0,0.0,13.3,25.3,3,43.6,70.1,34.0,47.1,0.083,1.874,9.4,19.8,61.728571428571435,4.737000000000001,10,286,52.6,0,0.0
2018-10-14,52.6,36.8,43.0,0.075,0.075,0.0,14.7,25.7,53,51.6,48.7,37.9,37.9,0.0,0.0,13.3,18.6,60.5,3.938000000000001,10,287,45.6,0,0.0
2018-10-15,45.6,32.5,38.7,0.035,0.028,0.055,12.5,24.6,71,52.6,43.6,36.8,34.0,0.075,0.083,14.7,9.4,55.67142857142858,3.331000000000001,10,288,57.4,0,0.0
2018-10-16,57.4,33.9,44.9,0.0,0.0,0.0,15.4,28.4,0,45.6,51.6,32.5,37.9,0.035,0.0,12.5,13.3,52.800000000000004,2.067000000000001,10,289,50.1,0,0.0
2018-10-17,50.1,36.8,43.8,0.0,0.0,0.0,11.9,22.4,0,57.4,52.6,33.9,36.8,0.0,0.075,15.4,14.7,49.94285714285714,0.1930000000000009,10,290,59.1,0,0.0
2018-10-18,59.1,31.9,45.6,0.0,0.0,0.0,11.5,21.5,3,50.1,45.6,36.8,32.5,0.0,0.035,11.9,12.5,51.42857142857143,0.1930000000000009,10,291,62.7,0,0.0
2018-10-19,62.7,47.7,53.9,0.02,0.02,0.0,21.0,36.0,51,59.1,57.4,31.9,33.9,0.0,0.0,11.5,15.4,54.15714285714286,0.1300000000000009,10,292,52.6,0,0.0
2018-10-20,52.6,34.0,44.3,0.0,0.0,0.0,27.1,49.0,3,62.7,50.1,47.7,36.8,0.02,0.0,21.0,11.9,54.3,0.1300000000000009,10,293,51.6,0,0.0
2018-10-21,51.6,27.9,39.7,0.0,0.0,0.0,14.1,26.6,0,52.6,59.1,34.0,31.9,0.0,0.0,27.1,11.5,54.15714285714286,0.055000000000000895,10,294,61.8,0,0.0
2018-10-22,61.8,39.8,50.0,0.0,0.0,0.0,9.6,16.1,2,51.6,62.7,27.9,47.7,0.0,0.02,14.1,21.0,56.471428571428575,0.02000000000000089,10,295,52.2,0,0.0
2018-10-23,52.2,36.0,44.3,0.0,0.0,0.0,8.9,15.4,0,61.8,52.6,39.8,34.0,0.0,0.0,9.6,27.1,55.728571428571435,0.02000000000000089,10,296,53.4,0,0.0
2018-10-24,53.4,33.2,43.0,0.0,0.0,0.0,8.5,17.9,3,52.2,51.6,36.0,27.9,0.0,0.0,8.9,14.1,56.199999999999996,0.02000000000000089,10,297,50.2,0,0.0
2018-10-25,50.2,40.9,45.6,0.0,0.0,0.0,7.6,15.4,3,53.4,61.8,33.2,39.8,0.0,0.0,8.5,9.6,54.92857142857143,0.02000000000000089,10,298,51.0,0,0.0
2018-10-26,51.0,43.9,46.5,0.024,0.024,0.0,6.0,12.5,51,50.2,52.2,40.9,36.0,0.0,0.0,7.6,8.9,53.25714285714285,0.02400000000000089,10,299,60.8,0,0.0
2018-10-27,60.8,43.2,50.7,0.0,0.0,0.0,9.0,19.9,3,51.0,53.4,43.9,33.2,0.024,0.0,6.0,8.5,54.42857142857143,0.02400000000000089,10,300,57.4,0,0.0
2018-10-28,57.4,43.4,51.6,0.122,0.122,0.0,26.2,46.8,61,60.8,50.2,43.2,40.9,0.0,0.0,9.0,7.6,55.25714285714286,0.14600000000000088,10,301,56.4,0,0.0
2018-10-29,56.4,35.2,47.0,0.0,0.0,0.0,10.4,17.4,3,57.4,51.0,43.4,43.9,0.122,0.024,26.2,6.0,54.48571428571428,0.14600000000000088,10,302,62.1,0,0.0
2018-10-30,62.1,47.8,54.1,0.76,0.76,0.0,12.6,21.7,63,56.4,60.8,35.2,43.2,0.0,0.0,10.4,9.0,55.9,0.9060000000000009,10,303,55.1,0,0.0
2018-10-31,55.1,43.7,49.1,0.0,0.0,0.0,11.4,21.0,3,62.1,57.4,47.8,43.4,0.76,0.122,12.6,26.2,56.142857142857146,0.9060000000000009,10,304,54.4,0,0.0
2018-11-01,54.4,39.4,46.8,0.0,0.0,0.0,6.7,12.1,3,55.1,56.4,43.7,35.2,0.0,0.0,11.4,10.4,56.74285714285714,0.9060000000000009,11,305,52.8,0,0.0
2018-11-02,52.8,37.0,43.8,0.122,0.122,0.0,7.8,14.5,61,54.4,62.1,39.4,47.8,0.0,0.76,6.7,12.6,57.0,1.004000000000001,11,306,48.4,0,0.0
2018-11-03,48.4,38.4,43.7,0.201,0.201,0.0,15.4,27.1,55,52.8,55.1,37.0,43.7,0.122,0.0,7.8,11.4,55.228571428571435,1.205000000000001,11,307,52.4,0,0.0
2018-11-04,52.4,42.6,47.6,1.244,1.244,0.0,16.4,29.8,63,48.4,54.4,38.4,39.4,0.201,0.0,15.4,6.7,54.51428571428571,2.327000000000001,11,308,49.4,0,0.0
2018-11-05,49.4,40.9,44.4,0.256,0.256,0.0,14.1,25.9,61,52.4,52.8,42.6,37.0,1.244,0.122,16.4,7.8,53.51428571428572,2.583000000000001,11,309,46.4,0,0.0
2018-11-06,46.4,36.0,42.8,0.016,0.016,0.0,20.2,35.3,51,49.4,48.4,40.9,38.4,0.256,0.201,14.1,15.4,51.271428571428565,1.8390000000000009,11,310,39.0,0,0.0
2018-11-07,39.0,27.3,33.2,0.0,0.0,0.0,14.2,27.3,3,46.4,52.4,36.0,42.6,0.016,1.244,20.2,16.4,48.971428571428575,1.8390000000000009,11,311,36.4,0,0.0
2018-11-08,36.4,24.4,30.7,0.059,0.0,0.413,5.4,9.6,73,39.0,49.4,27.3,40.9,0.0,0.256,14.2,14.1,46.39999999999999,1.8980000000000008,11,312,30.7,0,0.0
2018-11-09,30.7,19.9,26.8,0.094,0.0,0.661,18.8,32.7,73,36.4,46.4,24.4,36.0,0.059,0.016,5.4,20.2,43.24285714285714,1.870000000000001,11,313,28.5,0,0.0
2018-11-10,28.5,14.2,21.7,0.0,0.0,0.0,15.6,28.0,3,30.7,39.0,19.9,27.3,0.094,0.0,18.8,14.2,40.39999999999999,1.669000000000001,11,314,41.5,0,0.0
2018-11-11,41.5,24.4,32.4,0.0,0.0,0.0,10.0,17.2,3,28.5,36.4,14.2,24.4,0.0,0.059,15.6,5.4,38.84285714285714,0.4250000000000009,11,315,30.8,0,0.0
2018-11-12,30.8,19.0,25.7,0.0,0.0,0.0,14.1,25.9,3,41.5,30.7,24.4,19.9,0.0,0.094,10.0,18.8,36.18571428571429,0.16900000000000087,11,316,28.2,0,0.0
2018-11-13,28.2,15.5,20.4,0.0,0.0,0.0,10.4,19.5,0,30.8,28.5,19.0,14.2,0.0,0.0,14.1,15.6,33.58571428571428,0.15300000000000086,11,317,37.7,0,0.0
2018-11-14,37.7,17.7,26.2,0.0,0.0,0.0,8.3,18.3,0,28.2,41.5,15.5,24.4,0.0,0.0,10.4,10.0,33.4,0.15300000000000086,11,318,42.1,0,0.0
2018-11-15,42.1,19.0,29.9,0.0,0.0,0.0,11.6,19.0,2,37.7,30.8,17.7,19.0,0.0,0.0,8.3,14.1,34.214285714285715,0.09400000000000089,11,319,39.6,0,0.0
2018-11-16,39.6,29.8,35.4,0.0,0.0,0.0,17.9,31.3,3,42.1,28.2,19.0,15.5,0.0,0.0,11.6,10.4,35.48571428571429,0.0,11,320,33.3,0,0.0
2018-11-17,33.3,27.0,31.5,0.315,0.004,2.177,12.2,22.8,75,39.6,37.7,29.8,17.7,0.0,0.0,17.9,8.3,36.17142857142857,0.3150000000000009,11,321,31.4,0,0.0
2018-11-18,31.4,17.5,24.1,0.012,0.0,0.083,8.4,15.2,71,33.3,42.1,27.0,19.0,0.315,0.0,12.2,11.6,34.72857142857143,0.3270000000000009,11,322,36.4,0,0.0
2018-11-19,36.4,19.6,27.2,0.0,0.0,0.0,11.7,20.4,3,31.4,39.6,17.5,29.8,0.012,0.0,8.4,17.9,35.528571428571425,0.3270000000000009,11,323,33.0,0,0.0
2018-11-20,33.0,19.6,26.3,0.0,0.0,0.0,11.4,21.7,2,36.4,33.3,19.6,27.0,0.0,0.315,11.7,12.2,36.214285714285715,0.3270000000000009,11,324,40.3,0,0.0
2018-11-21,40.3,25.7,31.6,0.0,0.0,0.0,10.2,17.0,0,33.0,31.4,19.6,17.5,0.0,0.012,11.4,8.4,36.58571428571429,0.3270000000000009,11,325,47.5,0,0.0
2018-11-22,47.5,26.2,35.5,0.0,0.0,0.0,10.9,21.0,0,40.3,36.4,25.7,19.6,0.0,0.0,10.2,11.7,37.357142857142854,0.3270000000000009,11,326,50.3,0,0.0
2018-11-23,50.3,39.2,43.5,0.185,0.185,0.0,15.2,26.4,55,47.5,33.0,26.2,19.6,0.0,0.0,10.9,11.4,38.885714285714286,0.5120000000000009,11,327,49.5,0,0.0
2018-11-24,49.5,35.7,41.7,0.035,0.035,0.0,13.0,23.9,53,50.3,40.3,39.2,25.7,0.185,0.0,15.2,10.2,41.199999999999996,0.2320000000000009,11,328,35.2,0,0.0
2018-11-25,35.2,27.3,31.8,0.693,0.134,3.913,20.8,36.2,75,49.5,47.5,35.7,26.2,0.035,0.0,13.0,10.9,41.74285714285714,0.9130000000000008,11,329,26.6,0,0.0
2018-11-26,26.6,13.9,20.1,0.0,0.0,0.0,20.0,33.8,3,35.2,50.3,27.3,39.2,0.693,0.185,20.8,15.2,40.34285714285714,0.9130000000000008,11,330,22.3,0,0.0
2018-11-27,22.3,12.0,15.8,0.0,0.0,0.0,9.5,16.3,2,26.6,49.5,13.9,35.7,0.0,0.035,20.0,13.0,38.81428571428571,0.9130000000000008,11,331,23.5,0,0.0
2018-11-28,23.5,3.0,15.5,0.008,0.0,0.055,11.5,19.2,71,22.3,35.2,12.0,27.3,0.0,0.693,9.5,20.8,36.41428571428571,0.9210000000000008,11,332,29.8,0,0.0
2018-11-29,29.8,18.2,25.3,0.043,0.043,0.0,9.5,16.8,53,23.5,26.6,3.0,13.9,0.008,0.0,11.5,20.0,33.885714285714286,0.9640000000000009,11,333,33.6,0,0.0
2018-11-30,33.6,17.2,27.1,0.0,0.0,0.0,12.4,20.6,3,29.8,22.3,18.2,12.0,0.043,0.0,9.5,9.5,31.5,0.7790000000000008,11,334,39.7,0,0.0
2018-12-01,39.7,30.4,36.5,0.787,0.787,0.0,27.1,46.5,63,33.6,23.5,17.2,3.0,0.0,0.008,12.4,11.5,30.1,1.531000000000001,12,335,37.2,0,0.0
2018-12-02,37.2,32.5,35.2,0.173,0.15,0.165,14.4,26.2,71,39.7,29.8,30.4,18.2,0.787,0.043,27.1,9.5,30.385714285714283,1.011000000000001,12,336,33.8,0,0.0
2018-12-03,33.8,29.1,31.3,0.031,0.0,0.22,13.3,23.3,71,37.2,33.6,32.5,17.2,0.173,0.0,14.4,12.4,31.414285714285715,1.042000000000001,12,337,28.8,0,0.0
2018-12-04,28.8,25.2,27.3,0.0,0.0,0.0,9.8,17.4,3,33.8,39.7,29.1,30.4,0.031,0.787,13.3,27.1,32.34285714285714,1.042000000000001,12,338,37.4,0,0.0
2018-12-05,37.4,23.4,29.1,0.0,0.0,0.0,11.7,21.7,3,28.8,37.2,25.2,32.5,0.0,0.173,9.8,14.4,34.32857142857143,1.034000000000001,12,339,30.1,0,0.0
2018-12-06,30.1,20.1,25.3,0.0,0.0,0.0,12.8,23.9,3,37.4,33.8,23.4,29.1,0.0,0.031,11.7,13.3,34.371428571428574,0.9910000000000009,12,340,27.4,0,0.0
2018-12-07,27.4,13.4,20.2,0.0,0.0,0.0,6.0,12.8,3,30.1,28.8,20.1,25.2,0.0,0.0,12.8,9.8,33.48571428571429,0.9910000000000009,12,341,30.9,0,0.0
2018-12-08,30.9,20.6,24.4,0.0,0.0,0.0,7.6,16.8,3,27.4,37.4,13.4,23.4,0.0,0.0,6.0,11.7,32.22857142857143,0.20400000000000088,12,342,32.2,0,0.0
2018-12-09,32.2,14.8,23.2,0.0,0.0,0.0,4.5,8.5,3,30.9,30.1,20.6,20.1,0.0,0.0,7.6,12.8,31.514285714285712,0.031000000000000888,12,343,36.6,0,0.0
2018-12-10,36.6,18.6,25.9,0.0,0.0,0.0,11.1,21.0,3,32.2,27.4,14.8,13.4,0.0,0.0,4.5,6.0,31.91428571428571,0.0,12,344,44.2,0,0.0
2018-12-11,44.2,24.4,32.3,0.0,0.0,0.0,9.8,16.3,3,36.6,30.9,18.6,20.6,0.0,0.0,11.1,7.6,34.114285714285714,0.0,12,345,39.0,0,0.0
2018-12-12,39.0,25.6,33.0,0.0,0.0,0.0,16.2,29.5,3,44.2,32.2,24.4,14.8,0.0,0.0,9.8,4.5,34.34285714285714,0.0,12,346,39.7,0,0.0
2018-12-13,39.7,27.7,33.9,0.031,0.031,0.0,9.2,17.2,51,39.0,36.6,25.6,18.6,0.0,0.0,16.2,11.1,35.714285714285715,0.031000000000000888,12,347,42.5,0,0.0
2018-12-14,42.5,25.3,32.6,0.0,0.0,0.0,9.1,15.7,3,39.7,44.2,27.7,24.4,0.031,0.0,9.2,9.8,37.871428571428574,0.031000000000000888,12,348,46.4,0,0.0
2018-12-15,46.4,23.1,31.6,0.0,0.0,0.0,7.0,11.0,2,42.5,39.0,25.3,25.6,0.0,0.0,9.1,16.2,40.08571428571429,0.031000000000000888,12,349,47.4,0,0.0
2018-12-16,47.4,28.2,34.7,0.0,0.0,0.0,8.9,17.4,3,46.4,39.7,23.1,27.7,0.0,0.031,7.0,9.2,42.25714285714286,0.031000000000000888,12,350,41.5,0,0.0
2018-12-17,41.5,28.3,32.9,0.0,0.0,0.0,9.2,15.4,2,47.4,42.5,28.2,25.3,0.0,0.0,8.9,9.1,42.957142857142856,0.031000000000000888,12,351,49.5,0,0.0
2018-12-18,49.5,28.2,36.1,0.0,0.0,0.0,11.9,21.9,2,41.5,46.4,28.3,23.1,0.0,0.0,9.2,7.0,43.714285714285715,0.031000000000000888,12,352,50.6,0,0.0
2018-12-19,50.6,35.1,42.2,0.02,0.02,0.0,14.1,24.4,51,49.5,47.4,28.2,28.2,0.0,0.0,11.9,8.9,45.371428571428574,0.05100000000000089,12,353,43.3,0,0.0
2018-12-20,43.3,33.7,37.7,0.098,0.098,0.0,15.9,27.7,51,50.6,41.5,35.1,28.3,0.02,0.0,14.1,9.2,45.885714285714286,0.1180000000000009,12,354,33.3,0,0.0
2018-12-21,33.3,22.8,29.8,0.0,0.0,0.0,15.9,28.0,3,43.3,49.5,33.7,28.2,0.098,0.0,15.9,11.9,44.57142857142857,0.1180000000000009,12,355,37.6,0,0.0
2018-12-22,37.6,21.8,28.5,0.0,0.0,0.0,8.7,15.7,3,33.3,50.6,22.8,35.1,0.0,0.02,15.9,14.1,43.31428571428571,0.1180000000000009,12,356,39.4,0,0.0
2018-12-23,39.4,22.6,29.9,0.0,0.0,0.0,15.4,28.6,3,37.6,43.3,21.8,33.7,0.0,0.098,8.7,15.9,42.17142857142857,0.1180000000000009,12,357,36.5,0,0.0
2018-12-24,36.5,21.5,28.3,0.0,0.0,0.0,8.4,14.1,3,39.4,33.3,22.6,22.8,0.0,0.0,15.4,15.9,41.457142857142856,0.1180000000000009,12,358,44.2,0,0.0
2018-12-25,44.2,28.5,35.1,0.0,0.0,0.0,7.2,10.1,3,36.5,37.6,21.5,21.8,0.0,0.0,8.4,8.7,40.699999999999996,0.1180000000000009,12,359,39.4,0,0.0
2018-12-26,39.4,27.7,33.7,0.382,0.303,0.551,16.8,28.9,75,44.2,39.4,28.5,22.6,0.0,0.0,7.2,15.4,39.1,0.48000000000000087,12,360,51.3,0,0.0
2018-12-27,51.3,38.3,45.5,0.724,0.724,0.0,22.4,42.7,61,39.4,36.5,27.7,21.5,0.382,0.0,16.8,8.4,40.24285714285714,1.1060000000000008,12,361,46.2,0,0.0
2018-12-28,46.2,21.5,28.6,0.059,0.02,0.276,17.6,30.6,71,51.3,44.2,38.3,28.5,0.724,0.0,22.4,7.2,42.08571428571429,1.165000000000001,12,362,25.4,0,0.0
2018-12-29,25.4,16.8,20.7,0.0,0.0,0.0,11.8,21.5,3,46.2,39.4,21.5,27.7,0.059,0.382,17.6,16.8,40.34285714285714,1.165000000000001,12,363,40.6,0,0.0
2018-12-30,40.6,16.5,26.8,0.0,0.0,0.0,15.0,27.7,3,25.4,51.3,16.8,38.3,0.0,0.724,11.8,22.4,40.51428571428572,1.165000000000001,12,364,36.0,0,0.0
2018-12-31,36.0,30.1,33.5,0.945,0.768,1.24,12.7,21.7,75,40.6,46.2,16.5,21.5,0.0,0.059,15.0,17.6,40.44285714285714,2.1100000000000008,12,365,30.3,0,0.0
2019-01-01,30.3,17.7,25.7,0.0,0.0,0.0,12.2,21.7,3,36.0,25.4,30.1,16.8,0.945,0.0,12.7,11.8,38.457142857142856,2.1100000000000008,1,1,29.8,0,0.0
2019-01-02,29.8,17.5,23.2,0.0,0.0,0.0,14.2,27.3,3,30.3,40.6,17.7,16.5,0.0,0.0,12.2,15.0,37.08571428571429,1.7280000000000006,1,2,46.0,0,0.0
2019-01-03,46.0,22.7,31.5,0.0,0.0,0.0,12.2,22.6,0,29.8,36.0,17.5,30.1,0.0,0.945,14.2,12.7,36.32857142857143,1.004000000000001,1,3,46.3,0,0.0
2019-01-04,46.3,28.4,35.0,0.0,0.0,0.0,7.8,14.8,0,46.0,30.3,22.7,17.7,0.0,0.0,12.2,12.2,36.34285714285714,0.9450000000000007,1,4,51.4,0,0.0
2019-01-05,51.4,30.2,37.7,0.0,0.0,0.0,8.5,16.8,3,46.3,29.8,28.4,17.5,0.0,0.0,7.8,14.2,40.05714285714286,0.9450000000000007,1,5,42.6,0,0.0
2019-01-06,42.6,31.5,37.0,0.039,0.039,0.0,20.9,37.4,53,51.4,46.0,30.2,22.7,0.0,0.0,8.5,12.2,40.34285714285714,0.9840000000000008,1,6,52.2,0,0.0
2019-01-07,52.2,37.9,46.5,0.528,0.528,0.0,17.8,33.8,61,42.6,46.3,31.5,28.4,0.039,0.0,20.9,7.8,42.65714285714285,0.567000000000001,1,7,44.5,0,0.0
2019-01-08,44.5,27.0,37.7,0.012,0.012,0.0,24.7,44.5,51,52.2,51.4,37.9,30.2,0.528,0.0,17.8,8.5,44.685714285714276,0.579000000000001,1,8,25.9,0,0.0
2019-01-09,25.9,14.0,19.7,0.0,0.0,0.0,20.3,35.1,3,44.5,42.6,27.0,31.5,0.012,0.039,24.7,20.9,44.12857142857143,0.579000000000001,1,9,28.8,0,0.0
2019-01-10,28.8,16.2,21.0,0.0,0.0,0.0,9.8,17.9,3,25.9,52.2,14.0,37.9,0.0,0.528,20.3,17.8,41.67142857142858,0.579000000000001,1,10,32.3,0,0.0
2019-01-11,32.3,21.0,26.4,0.004,0.0,0.028,10.3,19.7,71,28.8,44.5,16.2,27.0,0.0,0.012,9.8,24.7,39.67142857142857,0.583000000000001,1,11,30.3,0,0.0
2019-01-12,30.3,26.9,28.7,0.575,0.0,4.024,14.7,25.5,73,32.3,25.9,21.0,14.0,0.004,0.0,10.3,20.3,36.65714285714286,1.1580000000000008,1,12,29.1,0,0.0
2019-01-13,29.1,21.6,26.2,0.0,0.0,0.0,12.1,21.9,3,30.3,28.8,26.9,16.2,0.575,0.0,14.7,9.8,34.72857142857143,1.119000000000001,1,13,26.5,0,0.0
2019-01-14,26.5,18.0,23.0,0.0,0.0,0.0,11.1,19.9,3,29.1,32.3,21.6,21.0,0.0,0.004,12.1,10.3,31.057142857142853,0.5910000000000009,1,14,31.4,0,0.0
2019-01-15,31.4,26.1,28.5,0.0,0.0,0.0,11.0,18.8,3,26.5,30.3,18.0,26.9,0.0,0.575,11.1,14.7,29.185714285714283,0.5790000000000008,1,15,30.5,0,0.0
2019-01-16,30.5,25.0,27.9,0.0,0.0,0.0,9.3,15.7,3,31.4,29.1,26.1,21.6,0.0,0.0,11.0,12.1,29.842857142857138,0.5790000000000008,1,16,32.2,0,0.0
2019-01-17,32.2,21.1,28.6,0.024,0.0,0.165,8.6,14.3,71,30.5,26.5,25.0,18.0,0.0,0.0,9.3,11.1,30.32857142857143,0.6030000000000009,1,17,26.3,0,0.0
2019-01-18,26.3,10.1,19.6,0.181,0.0,1.268,17.1,28.2,75,32.2,31.4,21.1,26.1,0.024,0.0,8.6,11.0,29.471428571428568,0.7800000000000008,1,18,23.0,0,0.0
2019-01-19,23.0,2.8,14.2,0.224,0.0,1.571,18.9,30.6,75,26.3,30.5,10.1,25.0,0.181,0.0,17.1,9.3,28.428571428571427,0.4290000000000009,1,19,6.4,0,0.0
2019-01-20,6.4,-3.4,1.6,0.008,0.0,0.055,11.1,17.7,71,23.0,32.2,2.8,21.1,0.224,0.024,18.9,8.6,25.185714285714287,0.4370000000000009,1,20,15.0,0,0.0
2019-01-21,15.0,-6.7,5.1,0.0,0.0,0.0,19.8,32.4,3,6.4,26.3,-3.4,10.1,0.008,0.181,11.1,17.1,23.542857142857144,0.4370000000000009,1,21,31.5,0,0.0
2019-01-22,31.5,15.2,24.4,0.228,0.0,1.598,16.8,27.5,73,15.0,23.0,-6.7,2.8,0.0,0.224,19.8,18.9,23.557142857142857,0.6650000000000009,1,22,24.5,0,0.0
2019-01-23,24.5,3.8,15.8,0.319,0.0,2.232,19.8,28.4,75,31.5,6.4,15.2,-3.4,0.228,0.008,16.8,11.1,22.7,0.9840000000000009,1,23,20.7,0,0.0
2019-01-24,20.7,-4.9,6.7,0.0,0.0,0.0,28.5,40.9,3,24.5,15.0,3.8,-6.7,0.319,0.0,19.8,19.8,21.057142857142857,0.9600000000000009,1,24,5.2,0,0.0
2019-01-25,5.2,-17.3,-6.3,0.051,0.0,0.358,19.2,29.5,73,20.7,31.5,-4.9,15.2,0.0,0.228,28.5,16.8,18.042857142857144,0.830000000000001,1,25,8.1,0,0.0
2019-01-26,8.1,-17.0,-3.1,0.063,0.0,0.441,11.0,15.7,73,5.2,24.5,-17.3,3.8,0.051,0.319,19.2,19.8,15.914285714285715,0.6690000000000009,1,26,14.6,0,0.0
2019-01-27,14.6,-6.5,3.2,0.071,0.0,0.496,20.1,28.2,73,8.1,20.7,-17.0,-4.9,0.063,0.0,11.0,28.5,17.085714285714285,0.7320000000000009,1,27,34.8,0,0.0
2019-01-28,34.8,-0.4,15.0,0.146,0.0,1.02,30.2,43.4,75,14.6,5.2,-6.5,-17.3,0.071,0.051,20.1,19.2,19.914285714285715,0.8780000000000009,1,28,0.6,0,0.0
2019-01-29,0.6,-12.4,-3.9,0.0,0.0,0.0,24.7,35.3,3,34.8,8.1,-0.4,-17.0,0.146,0.063,30.2,11.0,15.5,0.6500000000000008,1,29,-15.2,0,0.0
2019-01-30,-15.2,-28.7,-23.2,0.0,0.0,0.0,27.9,39.8,3,0.6,14.6,-12.4,-6.5,0.0,0.071,24.7,20.1,9.828571428571427,0.33100000000000085,1,30,-1.7,0,0.0
2019-01-31,-1.7,-32.0,-16.9,0.102,0.0,0.717,15.0,21.3,73,-15.2,34.8,-28.7,-0.4,0.0,0.146,27.9,30.2,6.628571428571428,0.43300000000000083,1,31,16.9,0,0.0
2019-02-01,16.9,-6.2,4.5,0.0,0.0,0.0,13.3,18.3,3,-1.7,0.6,-32.0,-12.4,0.102,0.0,15.0,24.7,8.299999999999999,0.38200000000000084,2,32,41.1,0,0.0
2019-02-02,41.1,19.1,35.5,0.02,0.02,0.0,15.5,21.7,51,16.9,-15.2,-6.2,-28.7,0.0,0.0,13.3,27.9,13.014285714285714,0.33900000000000086,2,33,47.0,0,0.0
2019-02-03,47.0,41.2,44.2,0.02,0.02,0.0,14.2,22.8,51,41.1,-1.7,19.1,-32.0,0.02,0.102,15.5,15.0,17.642857142857142,0.28800000000000087,2,34,48.5,0,0.0
2019-02-04,48.5,13.4,35.0,0.11,0.11,0.0,17.0,31.3,53,47.0,16.9,41.2,-6.2,0.02,0.0,14.2,13.3,19.599999999999998,0.2520000000000009,2,35,30.9,0,0.0
2019-02-05,30.9,9.7,20.6,0.138,0.138,0.0,12.8,32.2,53,48.5,41.1,13.4,19.1,0.11,0.02,17.0,15.5,23.928571428571427,0.3900000000000009,2,36,34.1,0,0.0
2019-02-06,34.1,22.9,28.9,0.228,0.154,0.524,9.0,19.0,73,30.9,47.0,9.7,41.2,0.138,0.02,12.8,14.2,30.971428571428568,0.6180000000000009,2,37,30.7,0,0.0
2019-02-07,30.7,5.5,20.8,0.28,0.146,0.937,23.5,41.2,75,34.1,48.5,22.9,13.4,0.228,0.11,9.0,17.0,35.6,0.7960000000000009,2,38,13.0,0,0.0
2019-02-08,13.0,0.4,5.8,0.0,0.0,0.0,20.7,36.9,3,30.7,30.9,5.5,9.7,0.28,0.138,23.5,12.8,35.042857142857144,0.7960000000000009,2,39,27.5,0,0.0
2019-02-09,27.5,4.7,15.5,0.0,0.0,0.0,12.3,21.7,3,13.0,34.1,0.4,22.9,0.0,0.228,20.7,9.0,33.1,0.7760000000000009,2,40,26.0,0,0.0
2019-02-10,26.0,22.1,24.5,0.205,0.0,1.433,10.9,20.4,75,27.5,30.7,4.7,5.5,0.0,0.28,12.3,23.5,30.1,0.9610000000000009,2,41,33.3,0,0.0
2019-02-11,33.3,22.5,27.7,0.421,0.0,2.949,15.1,27.7,75,26.0,13.0,22.1,0.4,0.205,0.0,10.9,20.7,27.928571428571427,1.272000000000001,2,42,29.8,0,0.0
2019-02-12,29.8,14.4,25.1,0.374,0.0,2.618,24.5,40.3,75,33.3,27.5,22.5,4.7,0.421,0.0,15.1,12.3,27.771428571428572,1.508000000000001,2,43,26.1,0,0.0
2019-02-13,26.1,2.4,10.9,0.0,0.0,0.0,20.6,35.8,3,29.8,26.0,14.4,22.1,0.374,0.205,24.5,10.9,26.62857142857143,1.2800000000000007,2,44,37.0,0,0.0
2019-02-14,37.0,7.5,29.3,0.0,0.0,0.0,22.9,40.3,3,26.1,33.3,2.4,22.5,0.0,0.421,20.6,15.1,27.528571428571432,1.0000000000000009,2,45,5.5,0,0.0
2019-02-15,5.5,-3.5,1.8,0.0,0.0,0.0,18.4,31.8,3,37.0,29.8,7.5,14.4,0.0,0.374,22.9,24.5,26.45714285714286,1.0000000000000009,2,46,23.5,0,0.0
2019-02-16,23.5,-3.5,9.0,0.0,0.0,0.0,12.4,21.9,3,5.5,26.1,-3.5,2.4,0.0,0.0,18.4,20.6,25.88571428571429,1.0000000000000009,2,47,25.6,0,0.0
2019-02-17,25.6,21.5,23.6,0.421,0.0,2.976,13.8,23.3,75,23.5,37.0,-3.5,7.5,0.0,0.0,12.4,22.9,25.82857142857143,1.2160000000000009,2,48,21.3,0,0.0
2019-02-18,21.3,0.6,14.4,0.008,0.0,0.055,9.9,17.9,71,25.6,5.5,21.5,-3.5,0.421,0.0,13.8,18.4,24.114285714285717,0.8030000000000008,2,49,23.5,0,0.0
2019-02-19,23.5,-8.7,6.3,0.028,0.0,0.193,14.0,21.7,71,21.3,23.5,0.6,-3.5,0.008,0.0,9.9,12.4,23.214285714285715,0.45700000000000085,2,50,32.5,0,0.0
2019-02-20,32.5,24.4,28.6,0.35,0.0,2.453,19.5,39.6,75,23.5,25.6,-8.7,21.5,0.028,0.421,14.0,13.8,24.12857142857143,0.8070000000000008,2,51,23.0,0,0.0
2019-02-21,23.0,10.5,17.0,0.0,0.0,0.0,10.9,21.3,3,32.5,21.3,24.4,0.6,0.35,0.008,19.5,9.9,22.12857142857143,0.8070000000000008,2,52,32.4,0,0.0
2019-02-22,32.4,8.8,20.1,0.0,0.0,0.0,13.4,21.0,3,23.0,23.5,10.5,-8.7,0.0,0.028,10.9,14.0,25.97142857142857,0.8070000000000008,2,53,38.1,0,0.0
2019-02-23,38.1,33.1,34.9,0.886,0.886,0.0,11.4,25.9,63,32.4,32.5,8.8,24.4,0.0,0.35,13.4,19.5,28.057142857142857,1.693000000000001,2,54,36.3,0,0.0
2019-02-24,36.3,4.4,18.3,0.059,0.024,0.248,29.0,48.8,73,38.1,23.0,33.1,10.5,0.886,0.0,11.4,10.9,29.58571428571429,1.3310000000000008,2,55,9.7,0,0.0
2019-02-25,9.7,-3.6,3.6,0.0,0.0,0.0,15.6,27.3,3,36.3,32.4,4.4,8.8,0.059,0.0,29.0,13.4,27.928571428571427,1.3230000000000008,2,56,22.5,0,0.0
2019-02-26,22.5,8.8,14.8,0.008,0.0,0.055,12.8,23.0,71,9.7,38.1,-3.6,33.1,0.0,0.886,15.6,11.4,27.785714285714285,1.3030000000000008,2,57,22.8,0,0.0
2019-02-27,22.8,3.2,14.9,0.0,0.0,0.0,16.4,29.5,3,22.5,36.3,8.8,4.4,0.008,0.059,12.8,29.0,26.400000000000002,0.9530000000000008,2,58,17.4,0,0.0
2019-02-28,17.4,2.7,9.8,0.0,0.0,0.0,6.8,13.0,3,22.8,9.7,3.2,-3.6,0.0,0.0,16.4,15.6,25.599999999999998,0.9530000000000008,2,59,32.1,0,0.0
2019-03-01,32.1,10.6,21.1,0.0,0.0,0.0,8.1,14.8,3,17.4,22.5,2.7,8.8,0.0,0.008,6.8,12.8,25.557142857142853,0.9530000000000008,3,60,24.7,0,0.0
2019-03-02,24.7,11.8,19.5,0.0,0.0,0.0,13.1,23.3,3,32.1,22.8,10.6,3.2,0.0,0.0,8.1,16.4,23.642857142857142,0.06700000000000089,3,61,14.5,0,0.0
2019-03-03,14.5,-5.7,2.6,0.008,0.0,0.055,15.5,28.2,71,24.7,17.4,11.8,2.7,0.0,0.0,13.1,6.8,20.52857142857143,0.01600000000000089,3,62,7.4,0,0.0
2019-03-04,7.4,-8.9,-0.9,0.0,0.0,0.0,15.7,27.7,3,14.5,32.1,-5.7,10.6,0.008,0.0,15.5,8.1,20.2,0.01600000000000089,3,63,15.1,0,0.0
2019-03-05,15.1,4.7,9.5,0.0,0.0,0.0,16.5,29.5,3,7.4,24.7,-8.9,11.8,0.0,0.0,15.7,13.1,19.142857142857142,0.008000000000000888,3,64,29.1,0,0.0
2019-03-06,29.1,0.9,15.9,0.0,0.0,0.0,12.7,23.3,3,15.1,14.5,4.7,-5.7,0.0,0.008,16.5,15.5,20.042857142857144,0.008000000000000888,3,65,28.7,0,0.0
2019-03-07,28.7,12.1,19.5,0.024,0.008,0.11,9.3,17.7,71,29.1,7.4,0.9,-8.9,0.0,0.0,12.7,15.7,21.657142857142855,0.03200000000000089,3,66,40.6,0,0.0
2019-03-08,40.6,20.6,29.3,0.004,0.0,0.028,7.9,13.9,71,28.7,15.1,12.1,4.7,0.024,0.0,9.3,16.5,22.87142857142857,0.03600000000000089,3,67,37.0,0,0.0
2019-03-09,37.0,28.3,33.0,0.882,0.791,0.634,19.1,32.9,75,40.6,29.1,20.6,0.9,0.004,0.0,7.9,12.7,24.62857142857143,0.9180000000000009,3,68,35.4,0,0.0
2019-03-10,35.4,23.8,31.1,0.0,0.0,0.0,21.5,37.4,3,37.0,28.7,28.3,12.1,0.882,0.024,19.1,9.3,27.614285714285717,0.9100000000000009,3,69,42.3,0,0.0
2019-03-11,42.3,20.7,28.8,0.0,0.0,0.0,7.3,12.8,3,35.4,40.6,23.8,20.6,0.0,0.004,21.5,7.9,32.6,0.9100000000000009,3,70,51.0,0,0.0
2019-03-12,51.0,24.5,37.9,0.291,0.291,0.0,17.1,35.8,63,42.3,37.0,20.7,28.3,0.0,0.882,7.3,19.1,37.728571428571435,1.201000000000001,3,71,60.4,0,0.0
2019-03-13,60.4,42.5,50.9,0.307,0.307,0.0,24.2,50.6,61,51.0,35.4,24.5,23.8,0.291,0.0,17.1,21.5,42.199999999999996,1.508000000000001,3,72,57.6,0,0.0
2019-03-14,57.6,36.7,46.6,0.028,0.028,0.0,22.5,39.8,51,60.4,42.3,42.5,20.7,0.307,0.0,24.2,7.3,46.32857142857143,1.512000000000001,3,73,45.9,0,0.0
2019-03-15,45.9,29.5,36.5,0.0,0.0,0.0,23.4,41.8,3,57.6,51.0,36.7,24.5,0.028,0.291,22.5,17.1,47.08571428571428,1.508000000000001,3,74,46.5,0,0.0
2019-03-16,46.5,24.5,34.0,0.043,0.0,0.303,8.5,17.2,73,45.9,60.4,29.5,42.5,0.0,0.307,23.4,24.2,48.442857142857136,0.6690000000000008,3,75,43.0,0,0.0
2019-03-17,43.0,26.7,33.7,0.067,0.0,0.469,12.5,24.4,73,46.5,57.6,24.5,36.7,0.043,0.028,8.5,22.5,49.528571428571425,0.7360000000000009,3,76,44.5,0,0.0
2019-03-18,44.5,25.6,34.5,0.0,0.0,0.0,7.3,15.0,3,43.0,45.9,26.7,29.5,0.067,0.0,12.5,23.4,49.84285714285714,0.7360000000000009,3,77,50.5,0,0.0
2019-03-19,50.5,25.4,38.3,0.008,0.008,0.0,9.6,19.7,51,44.5,46.5,25.6,24.5,0.0,0.043,7.3,8.5,49.771428571428565,0.4530000000000009,3,78,53.3,0,0.0
2019-03-20,53.3,37.2,44.0,0.154,0.154,0.0,15.7,28.4,55,50.5,43.0,25.4,26.7,0.008,0.067,9.6,12.5,48.75714285714286,0.3000000000000009,3,79,52.8,0,0.0
2019-03-21,52.8,33.7,41.9,0.0,0.0,0.0,12.6,23.5,3,53.3,44.5,37.2,25.6,0.154,0.0,15.7,7.3,48.07142857142857,0.27200000000000085,3,80,53.6,0,0.0
2019-03-22,53.6,31.7,41.7,0.0,0.0,0.0,10.5,18.1,0,52.8,50.5,33.7,25.4,0.0,0.008,12.6,9.6,49.17142857142857,0.27200000000000085,3,81,54.5,0,0.0
2019-03-23,54.5,26.6,41.2,0.008,0.008,0.0,11.1,22.1,51,53.6,53.3,31.7,37.2,0.0,0.154,10.5,15.7,50.31428571428571,0.23700000000000088,3,82,55.4,0,0.0
2019-03-24,55.4,42.0,47.4,0.083,0.083,0.0,12.3,22.6,53,54.5,52.8,26.6,33.7,0.008,0.0,11.1,12.6,52.08571428571429,0.2530000000000009,3,83,47.0,0,0.0
2019-03-25,47.0,31.4,39.5,0.0,0.0,0.0,12.8,22.6,3,55.4,53.6,42.0,31.7,0.083,0.0,12.3,10.5,52.44285714285714,0.2530000000000009,3,84,48.7,0,0.0
2019-03-26,48.7,25.7,37.3,0.0,0.0,0.0,8.3,18.1,3,47.0,54.5,31.4,26.6,0.0,0.008,12.8,11.1,52.18571428571429,0.24500000000000088,3,85,62.2,0,0.0
2019-03-27,62.2,36.1,49.3,0.0,0.0,0.0,18.8,33.8,3,48.7,55.4,25.7,42.0,0.0,0.083,8.3,12.3,53.457142857142856,0.09100000000000089,3,86,57.1,0,0.0
2019-03-28,57.1,45.0,52.7,0.0,0.0,0.0,10.9,19.9,3,62.2,47.0,36.1,31.4,0.0,0.0,18.8,12.8,54.07142857142857,0.09100000000000089,3,87,51.3,0,0.0
2019-03-29,51.3,38.0,43.9,0.197,0.197,0.0,10.7,18.1,61,57.1,48.7,45.0,25.7,0.0,0.0,10.9,8.3,53.74285714285715,0.2880000000000009,3,88,42.7,0,0.0
2019-03-30,42.7,30.6,38.9,0.012,0.008,0.028,18.8,34.7,71,51.3,62.2,38.0,36.1,0.197,0.0,10.7,18.8,52.057142857142864,0.29200000000000087,3,89,40.7,0,0.0
2019-03-31,40.7,23.1,32.2,0.0,0.0,0.0,9.6,20.6,3,42.7,57.1,30.6,45.0,0.012,0.0,18.8,10.9,49.957142857142856,0.2090000000000009,3,90,54.3,0,0.0
2019-04-01,54.3,32.4,42.9,0.0,0.0,0.0,18.9,34.9,3,40.7,51.3,23.1,38.0,0.0,0.197,9.6,10.7,51.0,0.2090000000000009,4,91,50.9,0,0.0
2019-04-02,50.9,38.7,42.9,0.02,0.02,0.0,12.6,22.6,51,54.3,42.7,32.4,30.6,0.0,0.012,18.9,18.8,51.31428571428571,0.2290000000000009,4,92,56.2,0,0.0
2019-04-03,56.2,31.0,45.0,0.075,0.075,0.0,10.8,21.5,53,50.9,40.7,38.7,23.1,0.02,0.0,12.6,9.6,50.457142857142856,0.3040000000000009,4,93,53.6,0,0.0
2019-04-04,53.6,42.3,46.8,0.146,0.146,0.0,20.2,37.4,53,56.2,54.3,31.0,32.4,0.075,0.0,10.8,18.9,49.957142857142856,0.4500000000000009,4,94,60.3,0,0.0
2019-04-05,60.3,39.7,49.8,0.0,0.0,0.0,8.1,13.4,3,53.6,50.9,42.3,38.7,0.146,0.02,20.2,12.6,51.24285714285714,0.2530000000000009,4,95,68.3,0,0.0
2019-04-06,68.3,42.3,54.9,0.0,0.0,0.0,13.5,25.5,3,60.3,56.2,39.7,31.0,0.0,0.075,8.1,10.8,54.89999999999999,0.24100000000000088,4,96,69.0,0,0.0
2019-04-07,69.0,52.8,59.7,0.217,0.217,0.0,14.0,26.6,63,68.3,53.6,42.3,42.3,0.0,0.146,13.5,20.2,58.94285714285714,0.45800000000000085,4,97,71.2,0,0.0
2019-04-08,71.2,41.5,59.0,0.0,0.0,0.0,15.2,26.4,3,69.0,60.3,52.8,39.7,0.217,0.0,14.0,8.1,61.357142857142854,0.45800000000000085,4,98,63.5,0,0.0
2019-04-09,63.5,45.9,54.7,0.039,0.039,0.0,12.5,21.7,55,71.2,68.3,41.5,42.3,0.0,0.0,15.2,13.5,63.15714285714286,0.47700000000000087,4,99,48.6,0,0.0
2019-04-10,48.6,39.1,43.5,0.417,0.417,0.0,23.4,41.6,61,63.5,69.0,45.9,52.8,0.039,0.217,12.5,14.0,62.07142857142857,0.8190000000000008,4,100,58.9,0,0.0
2019-04-11,58.9,39.7,46.1,0.409,0.409,0.0,24.2,43.2,61,48.6,71.2,39.1,41.5,0.417,0.0,23.4,15.2,62.82857142857143,1.0820000000000007,4,101,41.8,0,0.0
2019-04-12,41.8,34.0,38.8,0.0,0.0,0.0,24.1,43.4,3,58.9,63.5,39.7,45.9,0.409,0.039,24.2,12.5,60.185714285714276,1.0820000000000007,4,102,50.0,0,0.0
2019-04-13,50.0,29.8,40.3,0.0,0.0,0.0,12.7,25.3,3,41.8,48.6,34.0,39.1,0.0,0.417,24.1,23.4,57.57142857142857,1.0820000000000007,4,103,45.9,0,0.0
2019-04-14,45.9,34.4,39.5,0.0,0.0,0.0,13.3,26.2,3,50.0,58.9,29.8,39.7,0.0,0.409,12.7,24.2,54.27142857142858,0.8650000000000009,4,104,57.4,0,0.0
2019-04-15,57.4,27.0,43.6,0.0,0.0,0.0,15.6,29.1,3,45.9,41.8,34.4,34.0,0.0,0.0,13.3,24.1,52.3,0.8650000000000009,4,105,71.7,0,0.0
2019-04-16,71.7,49.6,60.9,0.0,0.0,0.0,11.9,20.6,3,57.4,50.0,27.0,29.8,0.0,0.0,15.6,12.7,53.47142857142857,0.8260000000000008,4,106,70.8,0,0.0
2019-04-17,70.8,53.0,61.8,0.295,0.295,0.0,17.6,31.3,63,71.7,45.9,49.6,34.4,0.0,0.0,11.9,13.3,56.642857142857146,0.7040000000000008,4,107,54.8,0,0.0
2019-04-18,54.8,45.7,49.5,0.0,0.0,0.0,19.4,34.9,3,70.8,57.4,53.0,27.0,0.295,0.0,17.6,15.6,56.05714285714286,0.2950000000000009,4,108,58.5,0,0.0
2019-04-19,58.5,40.7,49.0,0.0,0.0,0.0,17.5,32.4,3,54.8,71.7,45.7,49.6,0.0,0.0,19.4,11.9,58.44285714285714,0.2950000000000009,4,109,65.1,0,0.0
2019-04-20,65.1,36.2,51.6,0.0,0.0,0.0,7.1,12.5,0,58.5,70.8,40.7,53.0,0.0,0.295,17.5,17.6,60.60000000000001,0.2950000000000009,4,110,76.8,0,0.0
2019-04-21,76.8,47.4,63.0,0.0,0.0,0.0,15.2,27.7,3,65.1,54.8,36.2,45.7,0.0,0.0,7.1,19.4,65.0142857142857,0.2950000000000009,4,111,75.4,0,0.0
2019-04-22,75.4,52.5,65.0,0.287,0.287,0.0,16.4,33.1,63,76.8,58.5,47.4,40.7,0.0,0.0,15.2,17.5,67.58571428571429,0.5820000000000008,4,112,63.7,0,0.0
2019-04-23,63.7,48.4,54.7,0.0,0.0,0.0,13.7,23.9,3,75.4,65.1,52.5,36.2,0.287,0.0,16.4,7.1,66.44285714285714,0.5820000000000008,4,113,63.6,0,0.0
2019-04-24,63.6,42.1,52.9,0.0,0.0,0.0,10.5,19.9,3,63.7,76.8,48.4,47.4,0.0,0.0,13.7,15.2,65.41428571428573,0.28700000000000087,4,114,68.9,0,0.0
2019-04-25,68.9,44.2,53.4,0.268,0.268,0.0,20.6,36.0,63,63.6,75.4,42.1,52.5,0.0,0.287,10.5,16.4,67.42857142857143,0.5550000000000008,4,115,59.7,0,0.0
2019-04-26,59.7,46.8,53.2,0.0,0.0,0.0,17.8,32.0,3,68.9,63.7,44.2,48.4,0.268,0.0,20.6,13.7,67.6,0.5550000000000008,4,116,50.5,0,0.0
2019-04-27,50.5,35.3,42.0,0.665,0.642,0.165,21.5,38.3,73,59.7,63.6,46.8,42.1,0.0,0.0,17.8,10.5,65.51428571428572,1.2200000000000009,4,117,52.2,0,0.0
2019-04-28,52.2,28.3,42.6,0.035,0.035,0.0,15.2,27.5,53,50.5,68.9,35.3,44.2,0.665,0.268,21.5,20.6,62.0,1.2550000000000008,4,118,60.7,0,0.0
2019-04-29,60.7,46.7,51.6,0.697,0.697,0.0,12.2,22.8,63,52.2,59.7,28.3,46.8,0.035,0.0,15.2,17.8,59.9,1.665000000000001,4,119,50.6,0,0.0
2019-04-30,50.6,44.5,48.2,0.713,0.713,0.0,16.1,30.0,63,60.7,50.5,46.7,35.3,0.697,0.665,12.2,21.5,58.028571428571425,2.378000000000001,4,120,58.9,0,0.0
2019-05-01,58.9,44.0,51.0,0.087,0.087,0.0,14.2,25.1,53,50.6,52.2,44.5,28.3,0.713,0.035,16.1,15.2,57.357142857142854,2.4650000000000007,5,121,62.7,0,0.0
2019-05-02,62.7,45.6,53.4,0.283,0.283,0.0,11.6,20.4,61,58.9,60.7,44.0,46.7,0.087,0.697,14.2,12.2,56.471428571428575,2.4800000000000004,5,122,55.8,0,0.0
2019-05-03,55.8,39.5,48.7,0.008,0.008,0.0,6.5,14.8,51,62.7,50.6,45.6,44.5,0.283,0.713,11.6,16.1,55.91428571428572,2.4880000000000004,5,123,65.1,0,0.0
2019-05-04,65.1,40.1,52.4,0.0,0.0,0.0,6.3,12.1,3,55.8,58.9,39.5,44.0,0.008,0.087,6.5,14.2,58.0,1.8230000000000008,5,124,72.2,0,0.0
2019-05-05,72.2,46.8,59.5,0.0,0.0,0.0,13.4,26.4,3,65.1,62.7,40.1,45.6,0.0,0.283,6.3,11.6,60.857142857142854,1.788000000000001,5,125,70.2,0,0.0
2019-05-06,70.2,52.7,60.5,0.157,0.157,0.0,11.8,22.1,61,72.2,55.8,46.8,39.5,0.0,0.008,13.4,6.5,62.214285714285715,1.2480000000000009,5,126,62.8,0,0.0
2019-05-07,62.8,48.4,54.8,0.004,0.004,0.0,14.8,25.3,51,70.2,65.1,52.7,40.1,0.157,0.0,11.8,6.3,63.95714285714286,0.5390000000000009,5,127,69.7,0,0.0
2019-05-08,69.7,44.7,56.1,0.795,0.795,0.0,26.5,51.7,63,62.8,72.2,48.4,46.8,0.004,0.0,14.8,13.4,65.5,1.247000000000001,5,128,59.9,0,0.0
2019-05-09,59.9,43.3,50.0,0.02,0.02,0.0,16.4,31.1,51,69.7,70.2,44.7,52.7,0.795,0.157,26.5,11.8,65.1,0.984000000000001,5,129,59.9,0,0.0
2019-05-10,59.9,39.8,50.4,0.0,0.0,0.0,9.8,20.4,3,59.9,62.8,43.3,48.4,0.02,0.004,16.4,14.8,65.68571428571428,0.976000000000001,5,130,51.9,0,0.0
2019-05-11,51.9,43.7,48.6,0.205,0.205,0.0,11.0,21.0,55,59.9,69.7,39.8,44.7,0.0,0.795,9.8,26.5,63.800000000000004,1.181000000000001,5,131,51.5,0,0.0
2019-05-12,51.5,39.7,45.3,0.02,0.02,0.0,6.4,12.5,51,51.9,59.9,43.7,43.3,0.205,0.02,11.0,16.4,60.84285714285714,1.201000000000001,5,132,63.5,0,0.0
2019-05-13,63.5,38.5,51.4,0.0,0.0,0.0,8.2,17.4,3,51.5,59.9,39.7,39.8,0.02,0.0,6.4,9.8,59.885714285714286,1.044000000000001,5,133,58.7,0,0.0
2019-05-14,58.7,42.1,51.8,0.512,0.512,0.0,10.1,19.9,63,63.5,51.9,38.5,43.7,0.0,0.205,8.2,11.0,59.3,1.552000000000001,5,134,73.1,0,0.0
2019-05-15,73.1,47.9,61.7,0.0,0.0,0.0,6.7,13.2,3,58.7,51.5,42.1,39.7,0.512,0.02,10.1,6.4,59.785714285714285,0.7570000000000009,5,135,84.2,0,0.0
2019-05-16,84.2,57.9,70.1,0.0,0.0,0.0,14.9,26.2,3,73.1,63.5,47.9,38.5,0.0,0.0,6.7,8.2,63.25714285714286,0.7370000000000009,5,136,72.7,0,0.0
2019-05-17,72.7,57.4,65.3,0.567,0.567,0.0,14.7,27.5,63,84.2,58.7,57.9,42.1,0.0,0.512,14.9,10.1,65.08571428571427,1.3040000000000007,5,137,80.8,0,0.0
2019-05-18,80.8,55.8,67.0,1.524,1.524,0.0,17.7,37.1,65,72.7,73.1,57.4,47.9,0.567,0.0,14.7,6.7,69.21428571428571,2.6230000000000007,5,138,66.7,0,0.0
2019-05-19,66.7,53.4,61.9,0.094,0.094,0.0,20.0,34.4,55,80.8,84.2,55.8,57.9,1.524,0.0,17.7,14.9,71.38571428571429,2.6970000000000005,5,139,59.1,0,0.0
2019-05-20,59.1,41.6,50.1,0.075,0.075,0.0,14.0,25.1,55,66.7,72.7,53.4,57.4,0.094,0.567,20.0,14.7,70.75714285714285,2.7720000000000007,5,140,56.8,0,0.0
2019-05-21,56.8,46.1,51.3,0.626,0.626,0.0,22.8,47.2,63,59.1,80.8,41.6,55.8,0.075,1.524,14.0,17.7,70.48571428571428,2.8860000000000006,5,141,76.5,0,0.0
2019-05-22,76.5,56.3,65.9,0.0,0.0,0.0,21.4,38.3,3,56.8,66.7,46.1,53.4,0.626,0.094,22.8,20.0,70.97142857142856,2.8860000000000006,5,142,71.3,0,0.0
2019-05-23,71.3,51.3,62.3,0.0,0.0,0.0,10.6,21.0,3,76.5,59.1,56.3,41.6,0.0,0.075,21.4,14.0,69.12857142857142,2.8860000000000006,5,143,80.3,0,0.0
2019-05-24,80.3,56.9,67.8,0.811,0.811,0.0,17.7,31.5,65,71.3,56.8,51.3,46.1,0.0,0.626,10.6,22.8,70.21428571428571,3.130000000000001,5,144,80.2,0,0.0
2019-05-25,80.2,64.8,71.6,0.138,0.138,0.0,16.4,30.0,55,80.3,76.5,56.9,56.3,0.811,0.0,17.7,21.4,70.12857142857142,1.744000000000001,5,145,76.0,0,0.0
2019-05-26,76.0,59.0,67.4,0.315,0.315,0.0,7.3,19.7,63,80.2,71.3,64.8,51.3,0.138,0.0,16.4,10.6,71.45714285714286,1.965000000000001,5,146,76.0,0,0.0
2019-05-27,76.0,62.3,68.8,0.476,0.476,0.0,23.5,43.2,63,76.0,80.3,59.0,56.9,0.315,0.811,7.3,17.7,73.87142857142858,2.366000000000001,5,147,66.4,0,0.0
2019-05-28,66.4,55.0,60.3,1.024,1.024,0.0,13.9,32.7,65,76.0,80.2,62.3,64.8,0.476,0.138,23.5,16.4,75.24285714285715,2.764000000000001,5,148,75.7,0,0.0
2019-05-29,75.7,58.9,66.0,0.39,0.39,0.0,10.8,22.6,63,66.4,76.0,55.0,59.0,1.024,0.315,13.9,7.3,75.12857142857145,3.1540000000000012,5,149,71.6,0,0.0
2019-05-30,71.6,56.8,65.4,0.094,0.094,0.0,7.7,16.3,55,75.7,76.0,58.9,62.3,0.39,0.476,10.8,23.5,75.17142857142858,3.248000000000001,5,150,81.4,0,0.0
2019-05-31,81.4,55.5,69.4,0.0,0.0,0.0,12.2,23.0,3,71.6,66.4,56.8,55.0,0.094,1.024,7.7,13.9,75.32857142857142,2.437000000000001,5,151,76.8,0,0.0
2019-06-01,76.8,63.6,70.6,0.039,0.039,0.0,13.2,29.3,53,81.4,75.7,55.5,58.9,0.0,0.39,12.2,10.8,74.84285714285714,2.338000000000001,6,152,73.3,0,0.0
2019-06-02,73.3,55.4,65.0,0.0,0.0,0.0,9.0,19.7,1,76.8,71.6,63.6,56.8,0.039,0.094,13.2,7.7,74.45714285714287,2.023000000000001,6,153,75.7,0,0.0
2019-06-03,75.7,54.0,66.5,0.024,0.024,0.0,10.5,18.1,53,73.3,81.4,55.4,55.5,0.0,0.0,9.0,12.2,74.41428571428571,1.5710000000000008,6,154,79.3,0,0.0
2019-06-04,79.3,61.0,70.6,0.142,0.142,0.0,13.3,24.8,63,75.7,76.8,54.0,63.6,0.024,0.039,10.5,13.2,76.25714285714285,0.689000000000001,6,155,83.6,0,0.0
2019-06-05,83.6,65.7,75.0,0.11,0.11,0.0,10.8,19.5,55,79.3,73.3,61.0,55.4,0.142,0.0,13.3,9.0,77.38571428571429,0.40900000000000086,6,156,80.9,0,0.0
2019-06-06,80.9,62.4,73.1,0.02,0.02,0.0,6.9,13.2,51,83.6,75.7,65.7,54.0,0.11,0.024,10.8,10.5,78.71428571428571,0.33500000000000085,6,157,80.2,0,0.0
2019-06-07,80.2,63.8,72.8,0.0,0.0,0.0,11.4,21.7,1,80.9,79.3,62.4,61.0,0.02,0.142,6.9,13.3,78.54285714285713,0.33500000000000085,6,158,81.1,0,0.0
2019-06-08,81.1,60.5,71.9,0.0,0.0,0.0,13.0,23.7,2,80.2,83.6,63.8,65.7,0.0,0.11,11.4,10.8,79.15714285714286,0.2960000000000009,6,159,80.9,0,0.0
2019-06-09,80.9,60.9,70.9,0.043,0.043,0.0,19.4,33.8,51,81.1,80.9,60.5,62.4,0.0,0.02,13.0,6.9,80.24285714285715,0.33900000000000086,6,160,75.4,0,0.0
2019-06-10,75.4,56.3,66.0,0.0,0.0,0.0,18.4,32.7,3,80.9,80.2,60.9,63.8,0.043,0.0,19.4,11.4,80.2,0.31500000000000083,6,161,75.8,0,0.0
2019-06-11,75.8,51.3,65.5,0.004,0.004,0.0,9.0,18.1,51,75.4,81.1,56.3,60.5,0.0,0.0,18.4,13.0,79.70000000000002,0.17700000000000088,6,162,66.2,0,0.0
2019-06-12,66.2,57.8,62.6,0.346,0.346,0.0,17.5,31.8,63,75.8,80.9,51.3,60.9,0.004,0.043,9.0,19.4,77.21428571428571,0.41300000000000087,6,163,69.0,0,0.0
2019-06-13,69.0,53.2,60.3,0.0,0.0,0.0,12.0,23.5,2,66.2,75.4,57.8,56.3,0.346,0.0,17.5,18.4,75.51428571428572,0.39300000000000085,6,164,76.6,0,0.0
2019-06-14,76.6,56.2,65.4,0.028,0.028,0.0,19.9,37.4,51,69.0,75.8,53.2,51.3,0.0,0.004,12.0,9.0,75.0,0.4210000000000009,6,165,79.1,0,0.0
2019-06-15,79.1,62.5,70.1,0.567,0.567,0.0,10.9,20.4,63,76.6,66.2,56.2,57.8,0.028,0.346,19.9,17.5,74.71428571428571,0.9880000000000009,6,166,77.5,0,0.0
2019-06-16,77.5,63.5,69.5,0.0,0.0,0.0,8.4,16.3,3,79.1,69.0,62.5,53.2,0.567,0.0,10.9,12.0,74.22857142857143,0.945000000000001,6,167,76.4,0,0.0
2019-06-17,76.4,58.1,67.1,0.0,0.0,0.0,8.1,17.4,3,77.5,76.6,63.5,56.2,0.0,0.028,8.4,19.9,74.37142857142858,0.945000000000001,6,168,77.4,0,0.0
2019-06-18,77.4,58.6,68.2,0.0,0.0,0.0,6.3,12.1,3,76.4,79.1,58.1,62.5,0.0,0.567,8.1,10.9,74.60000000000001,0.941000000000001,6,169,72.6,0,0.0
2019-06-19,72.6,63.9,67.2,0.508,0.508,0.0,8.9,17.0,61,77.4,77.5,58.6,63.5,0.0,0.0,6.3,8.4,75.51428571428572,1.1030000000000009,6,170,73.7,0,0.0
2019-06-20,73.7,57.6,65.8,0.004,0.004,0.0,7.4,18.8,51,72.6,76.4,63.9,58.1,0.508,0.0,8.9,8.1,76.18571428571428,1.1070000000000009,6,171,68.4,0,0.0
2019-06-21,68.4,58.8,64.3,0.681,0.681,0.0,18.9,34.9,63,73.7,77.4,57.6,58.6,0.004,0.0,7.4,6.3,75.01428571428572,1.760000000000001,6,172,78.3,0,0.0
2019-06-22,78.3,60.8,68.7,0.134,0.134,0.0,14.8,28.6,63,68.4,72.6,58.8,63.9,0.681,0.508,18.9,8.9,74.9,1.3270000000000008,6,173,76.8,0,0.0
2019-06-23,76.8,64.5,71.2,0.272,0.272,0.0,13.8,25.5,61,78.3,73.7,60.8,57.6,0.134,0.004,14.8,7.4,74.8,1.599000000000001,6,174,73.0,0,0.0
2019-06-24,73.0,63.2,67.7,0.079,0.079,0.0,16.2,32.4,61,76.8,68.4,64.5,58.8,0.272,0.681,13.8,18.9,74.31428571428572,1.678000000000001,6,175,82.0,0,0.0
2019-06-25,82.0,63.3,72.7,0.0,0.0,0.0,15.6,29.1,1,73.0,78.3,63.2,60.8,0.079,0.134,16.2,14.8,74.97142857142856,1.6780000000000013,6,176,85.7,0,0.0
2019-06-26,85.7,64.8,75.4,0.059,0.059,0.0,11.9,24.2,61,82.0,76.8,63.3,64.5,0.0,0.272,15.6,13.8,76.84285714285714,1.2290000000000012,6,177,87.3,0,0.0
2019-06-27,87.3,64.4,77.4,0.0,0.0,0.0,13.5,23.9,3,85.7,73.0,64.8,63.2,0.059,0.079,11.9,16.2,78.78571428571429,1.2250000000000012,6,178,85.6,0,0.0
2019-06-28,85.6,73.0,78.2,0.047,0.047,0.0,11.8,22.8,55,87.3,82.0,64.4,63.3,0.0,0.0,13.5,15.6,81.24285714285715,0.5910000000000011,6,179,90.2,0,0.0
2019-06-29,90.2,70.5,80.3,0.004,0.004,0.0,8.1,18.1,51,85.6,85.7,73.0,64.8,0.047,0.059,11.8,11.9,82.94285714285715,0.461000000000001,6,180,90.5,0,0.0
2019-06-30,90.5,72.1,78.7,0.256,0.256,0.0,20.7,36.9,63,90.2,87.3,70.5,64.4,0.004,0.0,8.1,13.5,84.89999999999999,0.445000000000001,6,181,87.6,0,0.0
2019-07-01,87.6,72.2,80.0,0.004,0.004,0.0,11.7,22.8,51,90.5,85.6,72.1,73.0,0.256,0.047,20.7,11.8,86.98571428571428,0.370000000000001,7,182,88.3,0,0.0
2019-07-02,88.3,72.2,80.1,0.417,0.417,0.0,11.7,25.3,63,87.6,90.2,72.2,70.5,0.004,0.004,11.7,8.1,87.88571428571429,0.787000000000001,7,183,87.9,0,0.0
2019-07-03,87.9,69.8,78.2,0.091,0.091,0.0,6.8,15.4,53,88.3,90.5,72.2,72.1,0.417,0.256,11.7,20.7,88.2,0.8190000000000011,7,184,85.5,0,0.0
2019-07-04,85.5,70.6,78.9,0.004,0.004,0.0,10.1,19.9,51,87.9,87.6,69.8,72.2,0.091,0.004,6.8,11.7,87.94285714285715,0.8230000000000011,7,185,86.4,0,0.0
2019-07-05,86.4,70.6,79.3,0.024,0.024,0.0,8.0,15.7,51,85.5,88.3,70.6,72.2,0.004,0.417,10.1,11.7,88.05714285714285,0.800000000000001,7,186,86.4,0,0.0
2019-07-06,86.4,71.6,78.2,0.0,0.0,0.0,12.2,23.5,3,86.4,87.9,70.6,69.8,0.024,0.091,8.0,6.8,87.51428571428572,0.796000000000001,7,187,81.9,0,0.0
2019-07-07,81.9,68.8,74.7,0.0,0.0,0.0,8.1,17.4,3,86.4,85.5,71.6,70.6,0.0,0.004,12.2,10.1,86.28571428571429,0.540000000000001,7,188,82.7,0,0.0
2019-07-08,82.7,62.6,73.7,0.0,0.0,0.0,9.0,18.1,3,81.9,86.4,68.8,70.6,0.0,0.024,8.1,8.0,85.58571428571429,0.536000000000001,7,189,87.8,0,0.0
2019-07-09,87.8,68.2,77.7,0.248,0.248,0.0,15.0,31.1,63,82.7,86.4,62.6,71.6,0.0,0.0,9.0,12.2,85.51428571428572,0.367000000000001,7,190,84.8,0,0.0
2019-07-10,84.8,73.9,79.6,0.0,0.0,0.0,15.2,28.0,3,87.8,81.9,68.2,68.8,0.248,0.0,15.0,8.1,85.07142857142857,0.276000000000001,7,191,82.7,0,0.0
2019-07-11,82.7,68.3,75.3,0.0,0.0,0.0,11.8,21.3,2,84.8,82.7,73.9,62.6,0.0,0.0,15.2,9.0,84.67142857142858,0.272000000000001,7,192,86.4,0,0.0
2019-07-12,86.4,62.7,75.3,0.0,0.0,0.0,7.6,14.8,2,82.7,87.8,68.3,68.2,0.0,0.248,11.8,15.0,84.67142857142858,0.248000000000001,7,193,90.8,0,0.0
2019-07-13,90.8,70.6,80.4,0.035,0.035,0.0,9.7,18.3,53,86.4,84.8,62.7,73.9,0.0,0.0,7.6,15.2,85.3,0.28300000000000103,7,194,90.7,0,0.0
2019-07-14,90.7,74.5,83.0,0.0,0.0,0.0,9.7,18.6,3,90.8,82.7,70.6,68.3,0.035,0.0,9.7,11.8,86.55714285714286,0.28300000000000103,7,195,89.3,0,0.0
2019-07-15,89.3,73.1,80.3,0.0,0.0,0.0,16.8,31.1,3,90.7,86.4,74.5,62.7,0.0,0.0,9.7,7.6,87.5,0.28300000000000103,7,196,88.8,0,0.0
2019-07-16,88.8,67.6,78.1,0.0,0.0,0.0,9.1,15.4,3,89.3,90.8,73.1,70.6,0.0,0.035,16.8,9.7,87.64285714285714,0.035000000000001,7,197,89.0,0,0.0
2019-07-17,89.0,71.2,80.2,0.031,0.031,0.0,13.1,23.3,53,88.8,90.7,67.6,74.5,0.0,0.0,9.1,9.7,88.24285714285715,0.066000000000001,7,198,94.0,0,0.0
2019-07-18,94.0,75.2,84.8,0.0,0.0,0.0,15.7,27.3,3,89.0,89.3,71.2,73.1,0.031,0.0,13.1,16.8,89.85714285714286,0.066000000000001,7,199,95.6,0,0.0
2019-07-19,95.6,73.8,86.4,0.476,0.476,0.0,16.6,34.2,65,94.0,88.8,75.2,67.6,0.0,0.0,15.7,9.1,91.17142857142856,0.5420000000000009,7,200,95.0,0,0.0
2019-07-20,95.0,79.0,86.6,0.047,0.047,0.0,13.5,24.8,53,95.6,89.0,73.8,71.2,0.476,0.031,16.6,13.1,91.77142857142857,0.5540000000000009,7,201,81.1,0,0.0
2019-07-21,81.1,71.8,75.7,0.059,0.059,0.0,11.2,21.0,53,95.0,94.0,79.0,75.2,0.047,0.0,13.5,15.7,90.39999999999999,0.613000000000001,7,202,75.6,0,0.0
2019-07-22,75.6,63.5,71.1,0.039,0.039,0.0,12.9,24.2,53,81.1,95.6,71.8,73.8,0.059,0.476,11.2,16.6,88.44285714285715,0.6520000000000009,7,203,78.5,0,0.0
2019-07-23,78.5,59.5,69.6,0.004,0.004,0.0,11.3,21.7,51,75.6,95.0,63.5,79.0,0.039,0.047,12.9,13.5,86.97142857142856,0.6560000000000009,7,204,80.6,0,0.0
2019-07-24,80.6,62.1,72.4,0.0,0.0,0.0,7.2,13.4,3,78.5,81.1,59.5,71.8,0.004,0.059,11.3,11.2,85.77142857142856,0.6250000000000009,7,205,82.6,0,0.0
2019-07-25,82.6,62.6,73.7,0.0,0.0,0.0,9.7,19.2,3,80.6,75.6,62.1,63.5,0.0,0.039,7.2,12.9,84.14285714285714,0.6250000000000009,7,206,85.6,0,0.0
2019-07-26,85.6,68.0,76.8,0.075,0.075,0.0,15.5,28.2,55,82.6,78.5,62.6,59.5,0.0,0.004,9.7,11.3,82.71428571428571,0.22400000000000098,7,207,87.9,0,0.0
2019-07-27,87.9,70.2,79.2,0.0,0.0,0.0,13.0,25.9,3,85.6,80.6,68.0,62.1,0.075,0.0,15.5,7.2,81.7,0.177000000000001,7,208,88.5,0,0.0
2019-07-28,88.5,70.7,80.1,0.035,0.035,0.0,14.4,26.4,53,87.9,82.6,70.2,62.6,0.0,0.0,13.0,9.7,82.75714285714285,0.153000000000001,7,209,83.7,0,0.0
2019-07-29,83.7,70.0,76.3,0.307,0.307,0.0,14.7,27.3,61,88.5,85.6,70.7,68.0,0.035,0.075,14.4,15.5,83.91428571428571,0.421000000000001,7,210,77.2,0,0.0
2019-07-30,77.2,61.5,70.0,0.0,0.0,0.0,9.1,18.1,1,83.7,87.9,70.0,70.2,0.307,0.0,14.7,13.0,83.72857142857141,0.417000000000001,7,211,80.0,0,0.0
2019-07-31,80.0,57.1,69.5,0.0,0.0,0.0,6.7,14.5,3,77.2,88.5,61.5,70.7,0.0,0.035,9.1,14.4,83.64285714285714,0.417000000000001,7,212,80.6,0,0.0
2019-08-01,80.6,60.3,71.3,0.0,0.0,0.0,6.8,14.8,3,80.0,83.7,57.1,70.0,0.0,0.307,6.7,14.7,83.35714285714286,0.417000000000001,8,213,83.4,0,0.0
2019-08-02,83.4,59.6,72.4,0.0,0.0,0.0,6.0,14.8,3,80.6,77.2,60.3,61.5,0.0,0.0,6.8,9.1,83.04285714285713,0.34200000000000097,8,214,85.6,0,0.0
2019-08-03,85.6,62.8,75.0,0.0,0.0,0.0,5.6,13.2,3,83.4,80.0,59.6,57.1,0.0,0.0,6.0,6.7,82.71428571428571,0.34200000000000097,8,215,87.7,0,0.0
2019-08-04,87.7,66.6,77.9,0.0,0.0,0.0,5.7,8.7,0,85.6,80.6,62.8,60.3,0.0,0.0,5.6,6.8,82.60000000000001,0.307000000000001,8,216,88.1,0,0.0
2019-08-05,88.1,66.1,79.0,0.0,0.0,0.0,11.2,22.1,3,87.7,83.4,66.6,59.6,0.0,0.0,5.7,6.0,83.22857142857143,0.0,8,217,83.3,0,0.0
2019-08-06,83.3,69.3,76.1,0.118,0.118,0.0,11.1,20.6,61,88.1,85.6,66.1,62.8,0.0,0.0,11.2,5.6,84.10000000000001,0.11800000000000099,8,218,88.2,0,0.0
2019-08-07,88.2,64.1,76.8,0.0,0.0,0.0,10.9,20.6,2,83.3,87.7,69.3,66.6,0.118,0.0,11.1,5.7,85.27142857142857,0.11800000000000099,8,219,85.4,0,0.0
2019-08-08,85.4,68.3,76.6,0.0,0.0,0.0,10.4,21.5,3,88.2,88.1,64.1,66.1,0.0,0.0,10.9,11.2,85.95714285714284,0.11800000000000099,8,220,81.8,0,0.0
2019-08-09,81.8,59.2,70.8,0.0,0.0,0.0,7.7,15.7,3,85.4,83.3,68.3,69.3,0.0,0.118,10.4,11.1,85.72857142857143,0.11800000000000099,8,221,85.3,0,0.0
2019-08-10,85.3,64.0,74.7,0.0,0.0,0.0,9.3,15.4,3,81.8,88.2,59.2,64.1,0.0,0.0,7.7,10.9,85.68571428571428,0.11800000000000099,8,222,86.5,0,0.0
2019-08-11,86.5,71.5,78.1,0.094,0.094,0.0,9.2,18.8,55,85.3,85.4,64.0,68.3,0.0,0.0,9.3,10.4,85.51428571428572,0.212000000000001,8,223,79.6,0,0.0
2019-08-12,79.6,70.4,74.8,0.748,0.748,0.0,11.2,30.2,63,86.5,81.8,71.5,59.2,0.094,0.0,9.2,7.7,84.3,0.960000000000001,8,224,84.0,0,0.0
2019-08-13,84.0,66.8,75.0,0.0,0.0,0.0,11.6,23.9,3,79.6,85.3,70.4,64.0,0.748,0.0,11.2,9.3,84.39999999999999,0.842000000000001,8,225,77.4,0,0.0
2019-08-14,77.4,63.9,71.0,0.0,0.0,0.0,13.0,25.1,3,84.0,86.5,66.8,71.5,0.0,0.094,11.6,9.2,82.85714285714286,0.842000000000001,8,226,79.2,0,0.0
2019-08-15,79.2,60.3,70.0,0.0,0.0,0.0,7.1,11.2,3,77.4,79.6,63.9,70.4,0.0,0.748,13.0,11.2,81.97142857142856,0.842000000000001,8,227,82.2,0,0.0
2019-08-16,82.2,65.6,73.3,0.031,0.031,0.0,12.0,23.0,51,79.2,84.0,60.3,66.8,0.0,0.0,7.1,11.6,82.02857142857144,0.873000000000001,8,228,84.3,0,0.0
2019-08-17,84.3,66.0,74.3,0.11,0.11,0.0,11.8,23.5,55,82.2,77.4,65.6,63.9,0.031,0.0,12.0,13.0,81.88571428571429,0.983000000000001,8,229,83.7,0,0.0
2019-08-18,83.7,69.3,75.0,0.15,0.15,0.0,11.9,22.6,61,84.3,79.2,66.0,60.3,0.11,0.0,11.8,7.1,81.48571428571428,1.039000000000001,8,230,83.0,0,0.0
2019-08-19,83.0,69.4,74.7,0.008,0.008,0.0,8.8,16.1,51,83.7,82.2,69.3,65.6,0.15,0.031,11.9,12.0,81.97142857142856,0.299000000000001,8,231,86.5,0,0.0
2019-08-20,86.5,69.4,75.5,0.319,0.319,0.0,13.8,25.7,63,83.0,84.3,69.4,66.0,0.008,0.11,8.8,11.8,82.32857142857142,0.618000000000001,8,232,80.3,0,0.0
2019-08-21,80.3,68.4,73.2,0.098,0.098,0.0,9.9,19.9,61,86.5,83.7,69.4,69.3,0.319,0.15,13.8,11.9,82.74285714285715,0.716000000000001,8,233,76.9,0,0.0
2019-08-22,76.9,61.1,69.3,0.0,0.0,0.0,7.4,15.9,3,80.3,83.0,68.4,69.4,0.098,0.008,9.9,8.8,82.41428571428571,0.716000000000001,8,234,76.9,0,0.0
2019-08-23,76.9,59.2,68.1,0.0,0.0,0.0,11.7,23.0,1,76.9,86.5,61.1,69.4,0.0,0.319,7.4,13.8,81.65714285714286,0.6850000000000009,8,235,74.9,0,0.0
2019-08-24,74.9,58.2,66.5,0.0,0.0,0.0,12.2,23.7,3,76.9,80.3,59.2,68.4,0.0,0.098,11.7,9.9,80.31428571428572,0.575000000000001,8,236,74.8,0,0.0
2019-08-25,74.8,60.1,66.6,0.181,0.181,0.0,12.9,23.9,61,74.9,76.9,58.2,61.1,0.0,0.0,12.2,7.4,79.04285714285713,0.606000000000001,8,237,78.5,0,0.0
2019-08-26,78.5,63.6,70.3,0.051,0.051,0.0,10.3,17.7,51,74.8,76.9,60.1,59.2,0.181,0.0,12.9,11.7,78.39999999999999,0.649000000000001,8,238,78.0,0,0.0
2019-08-27,78.0,63.3,69.9,0.0,0.0,0.0,17.8,32.0,1,78.5,74.9,63.6,58.2,0.051,0.0,10.3,12.2,77.18571428571428,0.330000000000001,8,239,77.2,0,0.0
2019-08-28,77.2,59.5,67.4,0.0,0.0,0.0,16.3,30.2,0,78.0,74.8,63.3,60.1,0.0,0.181,17.8,12.9,76.74285714285715,0.23200000000000098,8,240,86.4,0,0.0
2019-08-29,86.4,58.7,72.8,0.0,0.0,0.0,16.5,30.6,3,77.2,78.5,59.5,63.6,0.0,0.051,16.3,10.3,78.10000000000001,0.23200000000000098,8,241,73.1,0,0.0
2019-08-30,73.1,58.4,65.8,0.0,0.0,0.0,12.4,22.4,3,86.4,78.0,58.7,63.3,0.0,0.0,16.5,17.8,77.55714285714286,0.23200000000000098,8,242,72.0,0,0.0
2019-08-31,72.0,56.7,64.4,0.0,0.0,0.0,10.7,21.0,3,73.1,77.2,58.4,59.5,0.0,0.0,12.4,16.3,77.14285714285714,0.23200000000000098,8,243,77.4,0,0.0
2019-09-01,77.4,62.3,69.3,0.02,0.02,0.0,6.8,15.0,51,72.0,86.4,56.7,58.7,0.0,0.0,10.7,16.5,77.51428571428572,0.07100000000000099,9,244,82.3,0,0.0
2019-09-02,82.3,63.7,73.5,0.0,0.0,0.0,11.9,20.6,3,77.4,73.1,62.3,58.4,0.02,0.0,6.8,12.4,78.05714285714285,0.020000000000001,9,245,85.9,0,0.0
2019-09-03,85.9,69.3,76.2,1.181,1.181,0.0,15.3,37.1,65,82.3,72.0,63.7,56.7,0.0,0.0,11.9,10.7,79.18571428571428,1.201000000000001,9,246,72.1,0,0.0
2019-09-04,72.1,58.0,65.0,0.0,0.0,0.0,8.6,16.6,2,85.9,77.4,69.3,62.3,1.181,0.02,15.3,6.8,78.45714285714287,1.201000000000001,9,247,78.3,0,0.0
2019-09-05,78.3,54.2,66.6,0.0,0.0,0.0,12.2,22.8,3,72.1,82.3,58.0,63.7,0.0,0.0,8.6,11.9,77.3,1.201000000000001,9,248,78.0,0,0.0
2019-09-06,78.0,63.0,71.5,0.0,0.0,0.0,15.4,29.1,3,78.3,85.9,54.2,69.3,0.0,1.181,12.2,15.3,78.0,1.201000000000001,9,249,78.3,0,0.0
2019-09-07,78.3,56.3,67.4,0.067,0.067,0.0,8.4,13.9,61,78.0,72.1,63.0,58.0,0.0,0.0,15.4,8.6,78.89999999999999,1.268000000000001,9,250,72.2,0,0.0
2019-09-08,72.2,60.3,66.2,0.307,0.307,0.0,11.5,19.7,63,78.3,78.3,56.3,54.2,0.067,0.0,8.4,12.2,78.15714285714286,1.555000000000001,9,251,85.3,0,0.0
2019-09-09,85.3,62.2,73.3,0.547,0.547,0.0,14.0,30.6,63,72.2,78.0,60.3,63.0,0.307,0.0,11.5,15.4,78.58571428571429,2.102000000000001,9,252,85.7,0,0.0
2019-09-10,85.7,74.9,79.8,0.004,0.004,0.0,15.7,28.2,51,85.3,78.3,62.2,56.3,0.547,0.067,14.0,8.4,78.55714285714285,0.9250000000000009,9,253,87.2,0,0.0
2019-09-11,87.2,71.6,79.4,0.016,0.016,0.0,13.8,31.3,51,85.7,72.2,74.9,60.3,0.004,0.307,15.7,11.5,80.71428571428571,0.941000000000001,9,254,87.2,0,0.0
2019-09-12,87.2,70.6,76.6,1.228,1.228,0.0,15.3,32.9,65,87.2,85.3,71.6,62.2,0.016,0.547,13.8,14.0,81.98571428571428,2.169000000000001,9,255,72.1,0,0.0
2019-09-13,72.1,58.7,66.7,0.02,0.02,0.0,15.9,28.6,53,87.2,85.7,70.6,74.9,1.228,0.004,15.3,15.7,81.14285714285714,2.189000000000001,9,256,79.9,0,0.0
2019-09-14,79.9,58.0,68.8,0.075,0.075,0.0,12.5,22.4,61,72.1,87.2,58.7,71.6,0.02,0.016,15.9,13.8,81.37142857142858,2.197000000000001,9,257,86.5,0,0.0
2019-09-15,86.5,67.9,75.3,0.858,0.858,0.0,13.4,39.8,65,79.9,87.2,58.0,70.6,0.075,1.228,12.5,15.3,83.41428571428571,2.7480000000000007,9,258,83.3,0,0.0
2019-09-16,83.3,65.8,74.1,0.0,0.0,0.0,9.4,18.6,3,86.5,72.1,67.9,58.7,0.858,0.02,13.4,15.9,83.12857142857142,2.2010000000000005,9,259,82.5,0,0.0
2019-09-17,82.5,66.1,73.5,0.004,0.004,0.0,10.3,20.6,51,83.3,79.9,65.8,58.0,0.0,0.075,9.4,12.5,82.67142857142858,2.201000000000001,9,260,86.2,0,0.0
2019-09-18,86.2,66.7,76.1,0.0,0.0,0.0,10.9,21.0,3,82.5,86.5,66.1,67.9,0.004,0.858,10.3,13.4,82.52857142857144,2.185000000000001,9,261,81.0,0,0.0
2019-09-19,81.0,70.5,75.0,0.106,0.106,0.0,9.6,19.2,63,86.2,83.3,66.7,65.8,0.0,0.0,10.9,9.4,81.64285714285714,1.0630000000000008,9,262,85.7,0,0.0
2019-09-20,85.7,69.3,76.5,0.079,0.079,0.0,11.1,21.9,53,81.0,82.5,70.5,66.1,0.106,0.004,9.6,10.3,83.58571428571429,1.1220000000000008,9,263,76.3,0,0.0
2019-09-21,76.3,70.2,73.9,0.78,0.78,0.0,19.4,34.7,63,85.7,86.2,69.3,66.7,0.079,0.0,11.1,10.9,83.07142857142857,1.8270000000000008,9,264,72.7,0,0.0
2019-09-22,72.7,62.0,69.0,1.276,1.276,0.0,12.3,22.4,63,76.3,81.0,70.2,70.5,0.78,0.106,19.4,9.6,81.10000000000001,2.245000000000001,9,265,73.9,0,0.0
2019-09-23,73.9,54.8,64.5,0.0,0.0,0.0,7.9,16.6,2,72.7,85.7,62.0,69.3,1.276,0.079,12.3,11.1,79.75714285714287,2.245000000000001,9,266,79.9,0,0.0
2019-09-24,79.9,61.5,70.0,0.0,0.0,0.0,17.1,29.3,3,73.9,76.3,54.8,70.2,0.0,0.78,7.9,19.4,79.38571428571429,2.2410000000000005,9,267,73.5,0,0.0
2019-09-25,73.5,64.5,68.4,0.189,0.189,0.0,13.7,25.3,63,79.9,72.7,61.5,62.0,0.0,1.276,17.1,12.3,77.57142857142857,2.4300000000000006,9,268,70.8,0,0.0
2019-09-26,70.8,52.1,62.9,0.0,0.0,0.0,13.0,21.5,3,73.5,73.9,64.5,54.8,0.189,0.0,13.7,7.9,76.11428571428571,2.3240000000000007,9,269,78.3,0,0.0
2019-09-27,78.3,60.7,67.5,1.362,1.362,0.0,15.0,28.4,65,70.8,79.9,52.1,61.5,0.0,0.0,13.0,17.1,75.05714285714285,3.607000000000001,9,270,71.2,0,0.0
2019-09-28,71.2,58.1,63.9,0.362,0.362,0.0,15.0,26.4,63,78.3,73.5,60.7,64.5,1.362,0.189,15.0,13.7,74.32857142857144,3.1890000000000005,9,271,73.6,0,0.0
2019-09-29,73.6,57.1,64.3,0.858,0.858,0.0,16.3,28.6,63,71.2,70.8,58.1,52.1,0.362,0.0,15.0,13.0,74.45714285714287,2.771000000000001,9,272,85.4,0,0.0
2019-09-30,85.4,68.3,77.2,0.0,0.0,0.0,17.4,31.1,3,73.6,78.3,57.1,60.7,0.858,1.362,16.3,15.0,76.10000000000001,2.771000000000001,9,273,81.7,0,0.0
2019-10-01,81.7,73.1,77.4,0.106,0.106,0.0,13.5,25.9,55,85.4,71.2,68.3,58.1,0.0,0.362,17.4,15.0,76.35714285714286,2.8770000000000007,10,274,74.6,0,0.0
2019-10-02,74.6,62.0,66.7,2.067,2.067,0.0,14.8,32.0,65,81.7,73.6,73.1,57.1,0.106,0.858,13.5,16.3,76.51428571428572,4.755000000000001,10,275,64.1,0,0.0
2019-10-03,64.1,48.5,56.5,0.008,0.008,0.0,17.5,30.4,51,74.6,85.4,62.0,68.3,2.067,0.0,14.8,17.4,75.55714285714285,4.763000000000001,10,276,59.1,0,0.0
2019-10-04,59.1,42.3,51.4,0.004,0.004,0.0,11.7,20.1,51,64.1,81.7,48.5,73.1,0.008,0.106,17.5,13.5,72.81428571428572,3.4050000000000007,10,277,62.4,0,0.0
2019-10-05,62.4,52.0,56.1,0.37,0.37,0.0,14.5,33.1,63,59.1,74.6,42.3,62.0,0.004,2.067,11.7,14.8,71.55714285714286,3.4130000000000007,10,278,62.7,0,0.0
2019-10-06,62.7,45.8,53.9,0.0,0.0,0.0,11.1,20.4,3,62.4,64.1,52.0,48.5,0.37,0.008,14.5,17.5,70.0,2.5550000000000006,10,279,66.7,0,0.0
2019-10-07,66.7,46.3,55.3,0.0,0.0,0.0,8.2,16.3,0,62.7,59.1,45.8,42.3,0.0,0.004,11.1,11.7,67.32857142857144,2.5550000000000006,10,280,67.6,0,0.0
2019-10-08,67.6,45.5,56.5,0.0,0.0,0.0,13.2,24.6,2,66.7,62.4,46.3,52.0,0.0,0.37,8.2,14.5,65.31428571428572,2.4490000000000007,10,281,67.7,0,0.0
2019-10-09,67.7,51.4,59.5,0.0,0.0,0.0,13.8,25.3,3,67.6,62.7,45.5,45.8,0.0,0.0,13.2,11.1,64.32857142857144,0.38200000000000045,10,282,67.8,0,0.0
2019-10-10,67.8,58.2,62.5,0.126,0.126,0.0,18.5,33.6,53,67.7,66.7,51.4,46.3,0.0,0.0,13.8,8.2,64.85714285714286,0.5000000000000004,10,283,64.8,0,0.0
2019-10-11,64.8,38.6,44.7,0.138,0.138,0.0,19.0,34.4,61,67.8,67.6,58.2,45.5,0.126,0.0,18.5,13.2,65.67142857142858,0.6340000000000005,10,284,54.5,0,0.0
2019-10-12,54.5,34.2,43.0,0.0,0.0,0.0,22.7,40.5,3,64.8,67.7,38.6,51.4,0.138,0.0,19.0,13.8,64.54285714285713,0.26400000000000046,10,285,49.5,0,0.0
2019-10-13,49.5,36.2,43.7,0.0,0.0,0.0,17.0,31.5,3,54.5,67.8,34.2,58.2,0.0,0.126,22.7,18.5,62.65714285714286,0.26400000000000046,10,286,55.0,0,0.0
2019-10-14,55.0,33.3,44.7,0.0,0.0,0.0,10.9,18.6,3,49.5,64.8,36.2,38.6,0.0,0.138,17.0,19.0,60.98571428571428,0.26400000000000046,10,287,62.3,0,0.0
2019-10-15,62.3,45.4,53.4,0.051,0.051,0.0,18.9,34.0,55,55.0,54.5,33.3,34.2,0.0,0.0,10.9,22.7,60.22857142857142,0.31500000000000045,10,288,50.6,0,0.0
2019-10-16,50.6,40.6,45.8,0.0,0.0,0.0,16.0,29.3,3,62.3,49.5,45.4,36.2,0.051,0.0,18.9,17.0,57.785714285714285,0.31500000000000045,10,289,55.7,0,0.0
2019-10-17,55.7,34.2,45.6,0.0,0.0,0.0,8.3,13.9,3,50.6,55.0,40.6,33.3,0.0,0.0,16.0,10.9,56.05714285714286,0.18900000000000045,10,290,63.8,0,0.0
2019-10-18,63.8,43.7,52.7,0.0,0.0,0.0,17.5,31.5,3,55.7,62.3,34.2,45.4,0.0,0.051,8.3,18.9,55.91428571428572,0.05100000000000044,10,291,57.1,0,0.0
2019-10-19,57.1,44.1,52.2,0.098,0.098,0.0,11.9,23.0,55,63.8,50.6,43.7,40.6,0.0,0.0,17.5,16.0,56.285714285714285,0.14900000000000044,10,292,63.0,0,0.0
2019-10-20,63.0,40.8,51.6,0.0,0.0,0.0,12.0,21.7,3,57.1,55.7,44.1,34.2,0.098,0.0,11.9,8.3,58.214285714285715,0.14900000000000044,10,293,59.3,0,0.0
2019-10-21,59.3,48.5,54.6,0.646,0.646,0.0,27.0,47.2,63,63.0,63.8,40.8,43.7,0.0,0.0,12.0,17.5,58.82857142857142,0.7950000000000005,10,294,52.9,0,0.0
2019-10-22,52.9,44.1,48.3,0.043,0.043,0.0,25.1,45.0,51,59.3,57.1,48.5,44.1,0.646,0.098,27.0,11.9,57.48571428571429,0.7870000000000005,10,295,57.3,0,0.0
2019-10-23,57.3,38.9,46.4,0.008,0.008,0.0,14.1,25.3,51,52.9,63.0,44.1,40.8,0.043,0.0,25.1,12.0,58.442857142857136,0.7950000000000005,10,296,47.6,0,0.0
2019-10-24,47.6,35.2,40.7,0.0,0.0,0.0,10.0,19.9,3,57.3,59.3,38.9,48.5,0.008,0.646,14.1,27.0,57.285714285714285,0.7950000000000005,10,297,49.9,0,0.0
2019-10-25,49.9,34.0,40.7,0.0,0.0,0.0,6.2,11.0,3,47.6,52.9,35.2,44.1,0.0,0.043,10.0,25.1,55.3,0.7950000000000005,10,298,50.5,0,0.0
2019-10-26,50.5,30.4,40.4,0.102,0.102,0.0,9.8,19.2,55,49.9,57.3,34.0,38.9,0.0,0.008,6.2,14.1,54.357142857142854,0.7990000000000005,10,299,55.0,0,0.0
2019-10-27,55.0,34.3,43.9,0.0,0.0,0.0,8.6,17.0,3,50.5,47.6,30.4,35.2,0.102,0.0,9.8,10.0,53.214285714285715,0.7990000000000005,10,300,43.9,0,0.0
2019-10-28,43.9,34.5,40.3,0.189,0.043,1.02,10.7,18.6,75,55.0,49.9,34.3,34.0,0.0,0.0,8.6,6.2,51.01428571428572,0.3420000000000004,10,301,40.1,0,0.0
2019-10-29,40.1,25.7,33.5,0.142,0.008,0.937,8.8,16.6,75,43.9,50.5,34.5,30.4,0.189,0.102,10.7,9.8,49.185714285714276,0.44100000000000045,10,302,36.2,0,0.0
2019-10-30,36.2,30.3,33.1,0.146,0.0,1.02,12.8,22.8,73,40.1,55.0,25.7,34.3,0.142,0.0,8.8,8.6,46.17142857142858,0.5790000000000004,10,303,35.2,0,0.0
2019-10-31,35.2,23.9,29.4,0.173,0.0,1.213,14.6,26.8,73,36.2,43.9,30.3,34.5,0.146,0.189,12.8,10.7,44.4,0.7520000000000004,10,304,41.7,0,0.0
2019-11-01,41.7,27.0,34.5,0.035,0.035,0.0,11.2,20.8,51,35.2,40.1,23.9,25.7,0.173,0.142,14.6,8.8,43.228571428571435,0.7870000000000004,11,305,43.6,0,0.0
2019-11-02,43.6,32.5,37.5,0.004,0.004,0.0,18.5,33.1,51,41.7,36.2,27.0,30.3,0.035,0.146,11.2,12.8,42.24285714285714,0.6890000000000004,11,306,52.0,0,0.0
2019-11-03,52.0,33.9,42.8,0.016,0.016,0.0,11.4,21.7,51,43.6,35.2,32.5,23.9,0.004,0.173,18.5,14.6,41.81428571428571,0.7050000000000004,11,307,48.8,0,0.0
2019-11-04,48.8,35.0,42.4,0.0,0.0,0.0,14.4,26.6,3,52.0,41.7,33.9,27.0,0.016,0.035,11.4,11.2,42.51428571428572,0.5160000000000003,11,308,40.8,0,0.0
2019-11-05,40.8,31.1,35.8,0.0,0.0,0.0,11.3,22.4,3,48.8,43.6,35.0,32.5,0.0,0.004,14.4,18.5,42.614285714285714,0.37400000000000044,11,309,54.7,0,0.0
2019-11-06,54.7,29.9,40.8,0.028,0.0,0.193,17.7,31.3,73,40.8,52.0,31.1,33.9,0.0,0.016,11.3,11.4,45.25714285714286,0.25600000000000045,11,310,29.8,0,0.0
2019-11-07,29.8,19.3,25.0,0.0,0.0,0.0,14.5,25.5,3,54.7,48.8,29.9,35.0,0.028,0.0,17.7,14.4,44.48571428571429,0.08300000000000045,11,311,34.0,0,0.0
2019-11-08,34.0,17.3,25.0,0.0,0.0,0.0,12.3,21.3,3,29.8,40.8,19.3,31.1,0.0,0.0,14.5,11.3,43.385714285714286,0.048000000000000445,11,312,51.8,0,0.0
2019-11-09,51.8,29.0,38.1,0.0,0.0,0.0,11.8,20.4,3,34.0,54.7,17.3,29.9,0.0,0.028,12.3,17.7,44.55714285714286,0.04400000000000044,11,313,42.6,0,0.0
2019-11-10,42.6,32.5,37.0,0.012,0.0,0.083,13.3,23.3,71,51.8,29.8,29.0,19.3,0.0,0.0,11.8,14.5,43.214285714285715,0.040000000000000445,11,314,31.7,0,0.0
2019-11-11,31.7,12.7,21.5,0.197,0.0,1.406,19.6,35.3,73,42.6,34.0,32.5,17.3,0.012,0.0,13.3,12.3,40.771428571428565,0.23700000000000046,11,315,18.4,0,0.0
2019-11-12,18.4,6.9,12.9,0.0,0.0,0.0,13.4,25.1,3,31.7,51.8,12.7,29.0,0.197,0.0,19.6,11.8,37.57142857142857,0.23700000000000046,11,316,34.3,0,0.0
2019-11-13,34.3,14.5,24.2,0.016,0.0,0.138,14.9,27.7,71,18.4,42.6,6.9,32.5,0.0,0.012,13.4,13.3,34.65714285714286,0.22500000000000048,11,317,31.8,0,0.0
2019-11-14,31.8,21.0,27.2,0.0,0.0,0.0,9.8,17.0,3,34.3,31.7,14.5,12.7,0.016,0.197,14.9,19.6,34.94285714285714,0.22500000000000048,11,318,46.3,0,0.0
2019-11-15,46.3,22.2,31.7,0.0,0.0,0.0,7.0,11.4,3,31.8,18.4,21.0,6.9,0.0,0.0,9.8,13.4,36.699999999999996,0.22500000000000048,11,319,44.0,0,0.0
2019-11-16,44.0,27.4,34.3,0.0,0.0,0.0,12.3,22.1,3,46.3,34.3,22.2,14.5,0.0,0.016,7.0,14.9,35.58571428571428,0.22500000000000048,11,320,40.5,0,0.0
2019-11-17,40.5,33.1,36.7,0.083,0.083,0.0,10.1,18.6,53,44.0,31.8,27.4,21.0,0.0,0.0,12.3,9.8,35.285714285714285,0.2960000000000005,11,321,43.2,0,0.0
2019-11-18,43.2,27.5,35.7,0.024,0.016,0.055,9.0,15.7,71,40.5,46.3,33.1,22.2,0.083,0.0,10.1,7.0,36.92857142857143,0.12300000000000044,11,322,50.5,0,0.0
2019-11-19,50.5,33.5,40.3,0.047,0.047,0.0,10.2,19.5,51,43.2,44.0,27.5,27.4,0.024,0.0,9.0,12.3,41.51428571428572,0.17000000000000046,11,323,53.2,0,0.0
2019-11-20,53.2,30.3,42.9,0.012,0.012,0.0,17.2,36.0,51,50.5,40.5,33.5,33.1,0.047,0.083,10.2,10.1,44.214285714285715,0.16600000000000045,11,324,56.2,0,0.0
2019-11-21,56.2,31.1,46.2,0.382,0.382,0.0,21.9,41.4,63,53.2,43.2,30.3,27.5,0.012,0.024,17.2,9.0,47.699999999999996,0.5480000000000005,11,325,35.4,0,0.0
2019-11-22,35.4,21.5,27.5,0.0,0.0,0.0,11.9,24.2,3,56.2,50.5,31.1,33.5,0.382,0.047,21.9,10.2,46.14285714285715,0.5480000000000005,11,326,44.2,0,0.0
2019-11-23,44.2,24.7,33.0,0.0,0.0,0.0,10.8,19.9,3,35.4,53.2,21.5,30.3,0.0,0.012,11.9,17.2,46.17142857142857,0.5480000000000005,11,327,51.3,0,0.0
2019-11-24,51.3,32.2,39.2,0.0,0.0,0.0,9.4,18.3,3,44.2,56.2,24.7,31.1,0.0,0.382,10.8,21.9,47.71428571428572,0.46500000000000047,11,328,52.7,0,0.0
2019-11-25,52.7,32.8,40.8,0.0,0.0,0.0,9.3,19.9,3,51.3,35.4,32.2,21.5,0.0,0.0,9.4,11.9,49.07142857142857,0.44100000000000045,11,329,46.7,0,0.0
2019-11-26,46.7,32.1,38.8,0.543,0.543,0.0,16.0,29.8,63,52.7,44.2,32.8,24.7,0.0,0.0,9.3,10.8,48.528571428571425,0.9370000000000005,11,330,48.4,0,0.0
2019-11-27,48.4,30.6,37.5,0.094,0.094,0.0,27.1,49.0,61,46.7,51.3,32.1,32.2,0.543,0.0,16.0,9.4,47.84285714285714,1.0190000000000006,11,331,33.5,0,0.0
2019-11-28,33.5,26.7,30.5,0.008,0.0,0.055,9.5,20.6,71,48.4,52.7,30.6,32.8,0.094,0.0,27.1,9.3,44.60000000000001,0.6450000000000005,11,332,37.3,0,0.0
2019-11-29,37.3,31.9,34.4,0.094,0.087,0.055,13.4,24.8,71,33.5,46.7,26.7,32.1,0.008,0.543,9.5,16.0,44.87142857142857,0.7390000000000005,11,333,43.4,0,0.0
2019-11-30,43.4,36.0,39.2,0.299,0.299,0.0,18.7,31.8,55,37.3,48.4,31.9,30.6,0.094,0.094,13.4,27.1,44.75714285714286,1.0380000000000005,11,334,40.8,0,0.0
2019-12-01,40.8,31.0,35.4,0.039,0.02,0.165,18.5,32.4,71,43.4,33.5,36.0,26.7,0.299,0.008,18.7,9.5,43.25714285714285,1.0770000000000004,12,335,34.6,0,0.0
2019-12-02,34.6,23.8,28.7,0.0,0.0,0.0,14.5,27.5,3,40.8,37.3,31.0,31.9,0.039,0.094,18.5,13.4,40.67142857142857,1.0770000000000004,12,336,46.7,0,0.0
2019-12-03,46.7,26.4,36.5,0.0,0.0,0.0,12.4,21.3,3,34.6,43.4,23.8,36.0,0.0,0.299,14.5,18.7,40.67142857142857,0.5340000000000005,12,337,47.4,0,0.0
2019-12-04,47.4,30.9,38.0,0.0,0.0,0.0,14.5,26.6,1,46.7,40.8,26.4,31.0,0.0,0.039,12.4,18.5,40.528571428571425,0.44000000000000045,12,338,50.5,0,0.0
2019-12-05,50.5,26.4,37.5,0.0,0.0,0.0,8.3,15.9,3,47.4,34.6,30.9,23.8,0.0,0.0,14.5,14.5,42.957142857142856,0.43200000000000044,12,339,39.6,0,0.0
2019-12-06,39.6,23.0,32.0,0.0,0.0,0.0,16.7,28.6,3,50.5,46.7,26.4,26.4,0.0,0.0,8.3,12.4,43.285714285714285,0.3380000000000004,12,340,43.6,0,0.0
2019-12-07,43.6,22.3,32.5,0.0,0.0,0.0,14.1,23.7,3,39.6,47.4,23.0,30.9,0.0,0.0,16.7,14.5,43.31428571428571,0.039000000000000444,12,341,49.0,0,0.0
2019-12-08,49.0,34.2,40.7,0.0,0.0,0.0,14.3,24.8,3,43.6,50.5,22.3,26.4,0.0,0.0,14.1,8.3,44.48571428571428,0.0,12,342,45.1,0,0.0
2019-12-09,45.1,14.1,33.6,0.043,0.035,0.055,20.3,36.2,71,49.0,39.6,34.2,23.0,0.0,0.0,14.3,16.7,45.98571428571428,0.04300000000000044,12,343,24.3,0,0.0
2019-12-10,24.3,12.5,17.2,0.0,0.0,0.0,14.0,25.5,2,45.1,43.6,14.1,22.3,0.043,0.0,20.3,14.1,42.785714285714285,0.04300000000000044,12,344,25.5,0,0.0
2019-12-11,25.5,14.1,20.2,0.016,0.0,0.11,9.6,17.4,71,24.3,49.0,12.5,34.2,0.0,0.0,14.0,14.3,39.65714285714286,0.05900000000000044,12,345,45.2,0,0.0
2019-12-12,45.2,19.5,33.9,0.0,0.0,0.0,19.6,34.0,3,25.5,45.1,14.1,14.1,0.016,0.043,9.6,20.3,38.9,0.05900000000000044,12,346,36.7,0,0.0
2019-12-13,36.7,20.8,28.6,0.0,0.0,0.0,5.5,11.2,3,45.2,24.3,19.5,12.5,0.0,0.0,19.6,14.0,38.48571428571428,0.05900000000000044,12,347,31.6,0,0.0
2019-12-14,31.6,16.2,25.2,0.0,0.0,0.0,15.3,28.6,3,36.7,25.5,20.8,14.1,0.0,0.016,5.5,9.6,36.771428571428565,0.05900000000000044,12,348,23.2,0,0.0
2019-12-15,23.2,10.3,17.0,0.067,0.0,0.469,12.4,21.7,73,31.6,45.2,16.2,19.5,0.0,0.0,15.3,19.6,33.08571428571428,0.12600000000000044,12,349,30.0,0,0.0
2019-12-16,30.0,17.0,23.3,0.008,0.0,0.055,7.3,14.1,71,23.2,36.7,10.3,20.8,0.067,0.0,12.4,5.5,30.928571428571427,0.09100000000000044,12,350,36.0,0,0.0
2019-12-17,36.0,17.0,24.8,0.0,0.0,0.0,12.6,23.5,3,30.0,31.6,17.0,16.2,0.008,0.0,7.3,15.3,32.6,0.09100000000000044,12,351,26.4,0,0.0
2019-12-18,26.4,13.0,20.1,0.0,0.0,0.0,12.5,21.5,3,36.0,23.2,17.0,10.3,0.0,0.067,12.6,12.4,32.72857142857143,0.07500000000000046,12,352,46.4,0,0.0
2019-12-19,46.4,21.5,30.7,0.0,0.0,0.0,11.0,18.8,3,26.4,30.0,13.0,17.0,0.0,0.008,12.5,7.3,32.9,0.07500000000000046,12,353,45.2,0,0.0
2019-12-20,45.2,27.4,34.2,0.0,0.0,0.0,10.6,20.6,3,46.4,36.0,21.5,17.0,0.0,0.0,11.0,12.6,34.114285714285714,0.07500000000000046,12,354,47.6,0,0.0
2019-12-21,47.6,25.3,34.9,0.0,0.0,0.0,9.2,17.9,0,45.2,26.4,27.4,13.0,0.0,0.0,10.6,12.5,36.4,0.07500000000000046,12,355,50.1,0,0.0
2019-12-22,50.1,34.4,39.4,0.0,0.0,0.0,11.7,21.7,1,47.6,46.4,25.3,21.5,0.0,0.0,9.2,11.0,40.24285714285714,0.008000000000000444,12,356,48.4,0,0.0
2019-12-23,48.4,34.0,38.5,0.0,0.0,0.0,9.1,15.4,3,50.1,45.2,34.4,27.4,0.0,0.0,11.7,10.6,42.871428571428574,0.0,12,357,51.8,0,0.0
2019-12-24,51.8,31.3,40.0,0.0,0.0,0.0,12.0,21.5,3,48.4,47.6,34.0,25.3,0.0,0.0,9.1,9.2,45.128571428571426,0.0,12,358,58.5,0,0.0
2019-12-25,58.5,41.0,47.8,0.0,0.0,0.0,10.8,18.3,3,51.8,50.1,31.3,34.4,0.0,0.0,12.0,11.7,49.714285714285715,0.0,12,359,49.2,0,0.0
2019-12-26,49.2,33.6,40.0,0.0,0.0,0.0,9.9,18.8,3,58.5,48.4,41.0,34.0,0.0,0.0,10.8,9.1,50.114285714285714,0.0,12,360,38.9,0,0.0
2019-12-27,38.9,24.0,31.2,0.0,0.0,0.0,8.6,14.8,3,49.2,51.8,33.6,31.3,0.0,0.0,9.9,12.0,49.214285714285715,0.0,12,361,52.4,0,0.0
2019-12-28,52.4,30.2,40.2,1.13,1.13,0.0,15.3,27.7,63,38.9,58.5,24.0,41.0,0.0,0.0,8.6,10.8,49.89999999999999,1.1300000000000003,12,362,56.2,0,0.0
2019-12-29,56.2,35.6,48.1,0.244,0.244,0.0,20.1,45.9,61,52.4,49.2,30.2,33.6,1.13,0.0,15.3,9.9,50.77142857142858,1.3740000000000003,12,363,35.0,0,0.0
2019-12-30,35.0,26.0,30.0,0.016,0.0,0.11,21.3,37.6,71,56.2,38.9,35.6,24.0,0.244,0.0,20.1,8.6,48.857142857142854,1.3900000000000003,12,364,34.3,0,0.0
2019-12-31,34.3,24.8,28.4,0.008,0.0,0.055,18.7,35.3,71,35.0,52.4,26.0,30.2,0.016,1.13,21.3,15.3,46.357142857142854,1.3980000000000004,12,365,47.5,0,0.0
2020-01-01,47.5,23.4,35.3,0.0,0.0,0.0,16.4,29.8,3,34.3,56.2,24.8,35.6,0.008,0.244,18.7,20.1,44.785714285714285,1.3980000000000004,1,1,47.8,0,0.0
2020-01-02,47.8,33.8,40.1,0.0,0.0,0.0,14.5,24.8,3,47.5,35.0,23.4,26.0,0.0,0.016,16.4,21.3,44.58571428571428,1.3980000000000004,1,2,38.7,0,0.0
2020-01-03,38.7,25.9,32.0,0.067,0.012,0.386,9.5,17.0,73,47.8,34.3,33.8,24.8,0.0,0.008,14.5,18.7,44.55714285714286,1.4650000000000003,1,3,33.0,0,0.0
2020-01-04,33.0,21.6,28.7,0.028,0.0,0.193,14.2,26.2,71,38.7,47.5,25.9,23.4,0.067,0.0,9.5,16.4,41.785714285714285,0.36300000000000043,1,4,46.8,0,0.0
2020-01-05,46.8,25.9,35.7,0.0,0.0,0.0,25.9,47.0,3,33.0,47.8,21.6,33.8,0.028,0.0,14.2,14.5,40.44285714285714,0.11900000000000044,1,5,39.7,0,0.0
2020-01-06,39.7,23.5,30.3,0.0,0.0,0.0,11.4,21.0,3,46.8,38.7,25.9,25.9,0.0,0.067,25.9,9.5,41.114285714285714,0.10300000000000044,1,6,39.3,0,0.0
2020-01-07,39.3,27.2,31.8,0.0,0.0,0.0,12.7,23.5,3,39.7,33.0,23.5,21.6,0.0,0.028,11.4,14.2,41.82857142857143,0.09500000000000045,1,7,27.4,0,0.0
2020-01-08,27.4,11.8,20.7,0.0,0.0,0.0,15.9,27.3,3,39.3,46.8,27.2,25.9,0.0,0.0,12.7,25.9,38.957142857142856,0.09500000000000045,1,8,52.7,0,0.0
2020-01-09,52.7,26.3,41.2,0.012,0.012,0.0,21.0,36.5,51,27.4,39.7,11.8,23.5,0.0,0.0,15.9,11.4,39.65714285714286,0.10700000000000046,1,9,37.0,0,0.0
2020-01-10,37.0,28.0,31.8,0.394,0.394,0.0,19.5,33.8,63,52.7,39.3,26.3,27.2,0.012,0.0,21.0,12.7,39.41428571428571,0.4340000000000005,1,10,27.4,0,0.0
2020-01-11,27.4,21.6,23.3,0.177,0.055,0.854,17.1,33.6,73,37.0,27.4,28.0,11.8,0.394,0.0,19.5,15.9,38.614285714285714,0.5830000000000004,1,11,31.1,0,0.0
2020-01-12,31.1,18.4,25.1,0.079,0.0,0.551,12.1,21.3,73,27.4,52.7,21.6,26.3,0.177,0.012,17.1,21.0,36.371428571428574,0.6620000000000005,1,12,36.8,0,0.0
2020-01-13,36.8,27.3,31.3,0.016,0.0,0.11,16.9,29.1,71,31.1,37.0,18.4,28.0,0.079,0.394,12.1,19.5,35.957142857142856,0.6780000000000005,1,13,33.9,0,0.0
2020-01-14,33.9,20.8,29.9,0.055,0.012,0.303,12.5,29.5,73,36.8,27.4,27.3,21.6,0.016,0.177,16.9,17.1,35.18571428571429,0.7330000000000004,1,14,34.1,0,0.0
2020-01-15,34.1,12.7,27.0,0.024,0.024,0.0,17.2,30.2,51,33.9,31.1,20.8,18.4,0.055,0.079,12.5,12.1,36.142857142857146,0.7570000000000005,1,15,12.7,0,0.0
2020-01-16,12.7,-0.1,6.6,0.0,0.0,0.0,15.8,28.6,3,34.1,36.8,12.7,27.3,0.024,0.016,17.2,16.9,30.428571428571427,0.7450000000000004,1,16,28.9,0,0.0
2020-01-17,28.9,10.0,20.1,0.543,0.118,2.976,21.2,36.2,75,12.7,33.9,-0.1,20.8,0.0,0.055,15.8,12.5,29.271428571428572,0.8940000000000006,1,17,33.0,0,0.0
2020-01-18,33.0,-2.5,18.5,0.157,0.13,0.193,26.0,44.7,73,28.9,34.1,10.0,12.7,0.543,0.024,21.2,17.2,30.071428571428573,0.8740000000000004,1,18,4.2,0,0.0
2020-01-19,4.2,-4.5,-0.9,0.0,0.0,0.0,18.1,30.4,0,33.0,12.7,-2.5,-0.1,0.157,0.0,26.0,15.8,26.228571428571424,0.7950000000000005,1,19,9.5,0,0.0
2020-01-20,9.5,-7.2,0.7,0.0,0.0,0.0,7.5,13.0,3,4.2,28.9,-4.5,10.0,0.0,0.543,18.1,21.2,22.328571428571426,0.7790000000000005,1,20,22.3,0,0.0
2020-01-21,22.3,-2.6,10.9,0.0,0.0,0.0,13.0,21.9,3,9.5,33.0,-7.2,-2.5,0.0,0.157,7.5,26.0,20.67142857142857,0.7240000000000005,1,21,31.2,0,0.0
2020-01-22,31.2,22.8,27.7,0.193,0.012,1.268,13.4,22.4,73,22.3,4.2,-2.6,-4.5,0.0,0.0,13.0,18.1,20.257142857142856,0.8930000000000005,1,22,32.6,0,0.0
2020-01-23,32.6,30.4,31.6,0.181,0.004,1.24,11.1,19.0,73,31.2,9.5,22.8,-7.2,0.193,0.0,13.4,7.5,23.099999999999998,1.0740000000000005,1,23,33.3,0,0.0
2020-01-24,33.3,31.7,32.5,0.343,0.004,2.37,11.0,19.0,73,32.6,22.3,30.4,-2.6,0.181,0.0,11.1,13.0,23.728571428571428,0.8740000000000004,1,24,32.4,0,0.0
2020-01-25,32.4,28.4,30.6,0.0,0.0,0.0,16.5,27.5,3,33.3,31.2,31.7,22.8,0.343,0.193,11.0,13.4,23.642857142857142,0.7170000000000004,1,25,29.8,0,0.0
2020-01-26,29.8,23.0,26.5,0.0,0.0,0.0,9.4,15.7,3,32.4,32.6,28.4,30.4,0.0,0.181,16.5,11.1,27.3,0.7170000000000004,1,26,30.7,0,0.0
2020-01-27,30.7,26.2,29.1,0.0,0.0,0.0,6.8,12.1,3,29.8,33.3,23.0,31.7,0.0,0.343,9.4,11.0,30.32857142857143,0.7170000000000004,1,27,26.2,0,0.0
2020-01-28,26.2,18.4,22.9,0.0,0.0,0.0,8.2,15.4,3,30.7,32.4,26.2,28.4,0.0,0.0,6.8,16.5,30.885714285714283,0.7170000000000004,1,28,27.0,0,0.0
2020-01-29,27.0,18.9,22.3,0.016,0.0,0.11,3.7,7.6,71,26.2,29.8,18.4,23.0,0.0,0.0,8.2,9.4,30.285714285714285,0.5400000000000005,1,29,27.2,0,0.0
2020-01-30,27.2,19.7,23.9,0.0,0.0,0.0,6.9,13.0,3,27.0,30.7,18.9,26.2,0.016,0.0,3.7,6.8,29.51428571428571,0.35900000000000043,1,30,35.1,0,0.0
2020-01-31,35.1,26.1,30.7,0.047,0.028,0.138,8.7,15.9,73,27.2,26.2,19.7,18.4,0.0,0.0,6.9,8.2,29.771428571428572,0.06300000000000044,1,31,35.8,0,0.0
2020-02-01,35.8,32.2,33.6,0.008,0.0,0.055,14.1,23.0,71,35.1,27.0,26.1,18.9,0.047,0.016,8.7,3.7,30.257142857142856,0.07100000000000045,2,32,44.0,0,0.0
2020-02-02,44.0,25.9,37.1,0.0,0.0,0.0,14.3,23.7,3,35.8,27.2,32.2,19.7,0.008,0.0,14.1,6.9,32.285714285714285,0.07100000000000045,2,33,42.8,0,0.0
2020-02-03,42.8,24.3,33.0,0.0,0.0,0.0,13.6,23.3,3,44.0,35.1,25.9,26.1,0.0,0.047,14.3,8.7,34.01428571428571,0.07100000000000045,2,34,34.2,0,0.0
2020-02-04,34.2,25.5,28.0,0.0,0.0,0.0,16.0,28.6,3,42.8,35.8,24.3,32.2,0.0,0.008,13.6,14.1,35.15714285714286,0.07100000000000045,2,35,27.9,0,0.0
2020-02-05,27.9,20.2,24.4,0.0,0.0,0.0,10.0,18.3,3,34.2,44.0,25.5,25.9,0.0,0.0,16.0,14.3,35.285714285714285,0.055000000000000444,2,36,31.7,0,0.0
2020-02-06,31.7,19.2,24.6,0.0,0.0,0.0,8.5,15.9,3,27.9,42.8,20.2,24.3,0.0,0.0,10.0,13.6,35.92857142857143,0.055000000000000444,2,37,34.1,0,0.0
2020-02-07,34.1,17.8,25.8,0.008,0.0,0.055,7.9,15.9,71,31.7,34.2,19.2,25.5,0.0,0.0,8.5,16.0,35.785714285714285,0.016000000000000444,2,38,26.6,0,0.0
2020-02-08,26.6,17.1,23.2,0.0,0.0,0.0,10.0,19.0,3,34.1,27.9,17.8,20.2,0.008,0.0,7.9,10.0,34.471428571428575,0.008000000000000444,2,39,40.3,0,0.0
2020-02-09,40.3,23.3,32.5,0.15,0.11,0.276,15.4,29.3,73,26.6,31.7,17.1,19.2,0.0,0.0,10.0,8.5,33.94285714285714,0.15800000000000045,2,40,33.3,0,0.0
2020-02-10,33.3,15.1,23.8,0.0,0.0,0.0,12.3,22.8,3,40.3,34.1,23.3,17.8,0.15,0.008,15.4,7.9,32.58571428571428,0.15800000000000045,2,41,32.9,0,0.0
2020-02-11,32.9,21.6,26.6,0.0,0.0,0.0,13.5,26.4,3,33.3,26.6,15.1,17.1,0.0,0.0,12.3,10.0,32.4,0.15800000000000045,2,42,38.5,0,0.0
2020-02-12,38.5,24.7,30.5,0.217,0.0,1.516,12.9,23.7,73,32.9,40.3,21.6,23.3,0.0,0.15,13.5,15.4,33.91428571428571,0.37500000000000044,2,43,27.8,0,0.0
2020-02-13,27.8,-4.3,6.0,0.039,0.0,0.276,20.2,35.6,73,38.5,33.3,24.7,15.1,0.217,0.0,12.9,12.3,33.357142857142854,0.4140000000000004,2,44,21.2,0,0.0
2020-02-14,21.2,-6.1,5.8,0.0,0.0,0.0,14.9,25.1,2,27.8,32.9,-4.3,21.6,0.039,0.0,20.2,13.5,31.51428571428571,0.4060000000000004,2,45,43.1,0,0.0
2020-02-15,43.1,15.9,29.5,0.0,0.0,0.0,16.5,30.6,3,21.2,38.5,-6.1,24.7,0.0,0.217,14.9,12.9,33.871428571428574,0.4060000000000004,2,46,45.4,0,0.0
2020-02-16,45.4,21.6,31.1,0.0,0.0,0.0,9.7,16.3,3,43.1,27.8,15.9,-4.3,0.0,0.039,16.5,20.2,34.6,0.25600000000000045,2,47,42.2,0,0.0
2020-02-17,42.2,31.1,35.2,0.209,0.209,0.0,14.3,24.4,55,45.4,21.2,21.6,-6.1,0.0,0.0,9.7,14.9,35.871428571428574,0.46500000000000047,2,48,35.0,0,0.0
2020-02-18,35.0,21.1,28.3,0.0,0.0,0.0,17.7,30.6,3,42.2,43.1,31.1,15.9,0.209,0.0,14.3,16.5,36.17142857142857,0.4650000000000004,2,49,24.0,0,0.0
2020-02-19,24.0,12.5,17.4,0.0,0.0,0.0,10.6,19.9,3,35.0,45.4,21.1,21.6,0.0,0.0,17.7,9.7,34.1,0.24800000000000044,2,50,22.2,0,0.0
2020-02-20,22.2,2.7,12.5,0.0,0.0,0.0,12.2,22.1,3,24.0,42.2,12.5,31.1,0.0,0.209,10.6,14.3,33.3,0.20900000000000044,2,51,42.8,0,0.0
2020-02-21,42.8,15.3,27.1,0.0,0.0,0.0,17.6,31.8,0,22.2,35.0,2.7,21.1,0.0,0.0,12.2,17.7,36.385714285714286,0.20900000000000044,2,52,51.2,0,0.0
2020-02-22,51.2,27.0,37.7,0.0,0.0,0.0,14.2,26.2,3,42.8,24.0,15.3,12.5,0.0,0.0,17.6,10.6,37.542857142857144,0.20900000000000044,2,53,58.5,0,0.0
2020-02-23,58.5,32.1,41.6,0.0,0.0,0.0,9.9,17.9,3,51.2,22.2,27.0,2.7,0.0,0.0,14.2,12.2,39.41428571428572,0.20900000000000044,2,54,43.4,0,0.0
2020-02-24,43.4,30.2,35.8,0.0,0.0,0.0,12.2,22.6,3,58.5,42.8,32.1,15.3,0.0,0.0,9.9,17.6,39.58571428571429,0.0,2,55,40.3,0,0.0
2020-02-25,40.3,30.6,34.3,0.0,0.0,0.0,16.9,31.3,3,43.4,51.2,30.2,27.0,0.0,0.0,12.2,14.2,40.34285714285714,0.0,2,56,34.5,0,0.0
2020-02-26,34.5,22.5,29.4,0.0,0.0,0.0,18.6,35.1,3,40.3,58.5,30.6,32.1,0.0,0.0,16.9,9.9,41.84285714285714,0.0,2,57,36.2,0,0.0
2020-02-27,36.2,20.2,26.8,0.0,0.0,0.0,12.8,24.4,3,34.5,43.4,22.5,30.2,0.0,0.0,18.6,12.2,43.84285714285715,0.0,2,58,34.7,0,0.0
2020-02-28,34.7,19.8,26.4,0.0,0.0,0.0,15.4,28.4,3,36.2,40.3,20.2,30.6,0.0,0.0,12.8,16.9,42.68571428571429,0.0,2,59,46.2,0,0.0
2020-02-29,46.2,16.5,29.5,0.0,0.0,0.0,13.6,24.2,3,34.7,34.5,19.8,22.5,0.0,0.0,15.4,18.6,41.971428571428575,0.0,2,60,60.8,0,0.0
2020-03-01,60.8,34.5,46.8,0.0,0.0,0.0,14.9,25.3,3,46.2,36.2,16.5,20.2,0.0,0.0,13.6,12.8,42.300000000000004,0.0,3,61,43.2,0,0.0
2020-03-02,43.2,28.2,34.7,0.016,0.0,0.11,13.3,24.2,73,60.8,34.7,34.5,19.8,0.0,0.0,14.9,15.4,42.27142857142858,0.016000000000000444,3,62,50.3,0,0.0
2020-03-03,50.3,28.7,39.9,0.004,0.004,0.0,21.1,38.5,51,43.2,46.2,28.2,16.5,0.016,0.0,13.3,13.6,43.699999999999996,0.020000000000000445,3,63,48.9,0,0.0
2020-03-04,48.9,32.0,39.1,0.035,0.035,0.0,10.4,23.3,53,50.3,60.8,28.7,34.5,0.004,0.0,21.1,14.9,45.75714285714286,0.05500000000000045,3,64,51.5,0,0.0
2020-03-05,51.5,36.4,42.0,0.0,0.0,0.0,26.5,46.5,3,48.9,43.2,32.0,28.2,0.035,0.016,10.4,13.3,47.94285714285714,0.05500000000000045,3,65,44.2,0,0.0
2020-03-06,44.2,28.0,35.2,0.0,0.0,0.0,21.0,38.5,3,51.5,50.3,36.4,28.7,0.0,0.004,26.5,21.1,49.300000000000004,0.05500000000000045,3,66,57.0,0,0.0
2020-03-07,57.0,28.9,42.3,0.0,0.0,0.0,17.9,32.7,3,44.2,48.9,28.0,32.0,0.0,0.035,21.0,10.4,50.84285714285714,0.05500000000000045,3,67,65.0,0,0.0
2020-03-08,65.0,44.1,54.4,0.0,0.0,0.0,18.3,33.1,3,57.0,51.5,28.9,36.4,0.0,0.0,17.9,26.5,51.44285714285714,0.05500000000000045,3,68,56.1,0,0.0
2020-03-09,56.1,39.0,48.8,0.953,0.953,0.0,16.8,32.2,61,65.0,44.2,44.1,28.0,0.0,0.0,18.3,21.0,53.285714285714285,0.9920000000000004,3,69,50.4,0,0.0
2020-03-10,50.4,30.9,40.4,0.035,0.035,0.0,12.8,23.7,53,56.1,57.0,39.0,28.9,0.953,0.0,16.8,17.9,53.300000000000004,1.0230000000000004,3,70,53.7,0,0.0
2020-03-11,53.7,34.0,43.1,0.016,0.016,0.0,9.8,24.6,51,50.4,65.0,30.9,44.1,0.035,0.0,12.8,18.3,53.98571428571428,1.0040000000000004,3,71,63.0,0,0.0
2020-03-12,63.0,39.7,47.8,0.016,0.016,0.0,18.0,39.4,51,53.7,56.1,34.0,39.0,0.016,0.953,9.8,16.8,55.628571428571426,1.0200000000000005,3,72,48.2,0,0.0
2020-03-13,48.2,30.7,39.5,0.0,0.0,0.0,16.8,28.9,3,63.0,50.4,39.7,30.9,0.016,0.035,18.0,12.8,56.199999999999996,1.0200000000000005,3,73,38.4,0,0.0
2020-03-14,38.4,31.4,34.3,0.177,0.0,1.24,10.9,21.3,73,48.2,53.7,30.7,34.0,0.0,0.016,16.8,9.8,53.542857142857144,1.1970000000000005,3,74,40.9,0,0.0
2020-03-15,40.9,26.1,33.3,0.0,0.0,0.0,8.6,18.8,3,38.4,63.0,31.4,39.7,0.177,0.016,10.9,18.0,50.1,1.1970000000000005,3,75,44.5,0,0.0
2020-03-16,44.5,31.5,37.4,0.008,0.0,0.055,6.4,11.4,71,40.9,48.2,26.1,30.7,0.0,0.0,8.6,16.8,48.442857142857136,0.25200000000000045,3,76,46.0,0,0.0
2020-03-17,46.0,28.6,39.1,0.0,0.0,0.0,11.9,20.4,3,44.5,38.4,31.5,31.4,0.008,0.177,6.4,10.9,47.81428571428571,0.21700000000000044,3,77,49.3,0,0.0
2020-03-18,49.3,38.1,43.7,0.394,0.394,0.0,11.4,19.9,61,46.0,40.9,28.6,26.1,0.0,0.0,11.9,8.6,47.18571428571429,0.5950000000000004,3,78,60.9,0,0.0
2020-03-19,60.9,43.3,49.9,0.713,0.713,0.0,15.0,29.5,63,49.3,44.5,38.1,31.5,0.394,0.008,11.4,6.4,46.885714285714286,1.2920000000000005,3,79,44.5,0,0.0
2020-03-20,44.5,32.3,36.9,0.177,0.177,0.0,20.4,35.8,63,60.9,46.0,43.3,28.6,0.713,0.0,15.0,11.9,46.357142857142854,1.4690000000000005,3,80,38.2,0,0.0
2020-03-21,38.2,27.7,32.8,0.0,0.0,0.0,10.7,20.4,3,44.5,49.3,32.3,38.1,0.177,0.394,20.4,11.4,46.32857142857143,1.2920000000000005,3,81,35.3,0,0.0
2020-03-22,35.3,27.9,31.5,0.201,0.0,1.406,13.6,25.7,73,38.2,60.9,27.7,43.3,0.0,0.713,10.7,15.0,45.528571428571425,1.4930000000000003,3,82,46.3,0,0.0
2020-03-23,46.3,30.2,37.2,0.0,0.0,0.0,7.1,12.5,3,35.3,44.5,27.9,32.3,0.201,0.177,13.6,20.4,45.785714285714285,1.4850000000000003,3,83,51.3,0,0.0
2020-03-24,51.3,33.2,41.0,0.0,0.0,0.0,9.6,19.2,3,46.3,38.2,30.2,27.7,0.0,0.0,7.1,10.7,46.542857142857144,1.4850000000000003,3,84,58.9,0,0.0
2020-03-25,58.9,34.5,46.1,0.0,0.0,0.0,13.9,27.3,3,51.3,35.3,33.2,27.9,0.0,0.201,9.6,13.6,47.91428571428571,1.0910000000000006,3,85,56.6,0,0.0
2020-03-26,56.6,42.0,48.4,0.15,0.15,0.0,11.6,22.4,61,58.9,46.3,34.5,30.2,0.0,0.0,13.9,7.1,47.300000000000004,0.5280000000000005,3,86,54.9,0,0.0
2020-03-27,54.9,39.4,47.8,0.272,0.272,0.0,14.3,25.9,61,56.6,51.3,42.0,33.2,0.15,0.0,11.6,9.6,48.785714285714285,0.6230000000000004,3,87,70.4,0,0.0
2020-03-28,70.4,48.9,57.1,0.358,0.358,0.0,21.5,47.0,61,54.9,58.9,39.4,34.5,0.272,0.0,14.3,13.9,53.385714285714286,0.9810000000000005,3,88,53.5,0,0.0
2020-03-29,53.5,41.2,47.3,0.004,0.004,0.0,26.9,50.3,51,70.4,56.6,48.9,42.0,0.358,0.15,21.5,11.6,55.98571428571429,0.7840000000000004,3,89,58.3,0,0.0
2020-03-30,58.3,32.5,46.4,0.0,0.0,0.0,11.5,19.9,3,53.5,54.9,41.2,39.4,0.004,0.272,26.9,14.3,57.699999999999996,0.7840000000000005,3,90,50.8,0,0.0
2020-03-31,50.8,35.9,43.0,0.0,0.0,0.0,9.8,20.1,3,58.3,70.4,32.5,48.9,0.0,0.358,11.5,21.5,57.628571428571426,0.7840000000000005,3,91,55.5,0,0.0
2020-04-01,55.5,30.5,42.9,0.0,0.0,0.0,11.4,23.3,2,50.8,53.5,35.9,41.2,0.0,0.004,9.8,26.9,57.142857142857146,0.7840000000000005,4,92,61.7,0,0.0
2020-04-02,61.7,43.6,51.8,0.047,0.047,0.0,15.9,29.5,53,55.5,58.3,30.5,32.5,0.0,0.0,11.4,11.5,57.871428571428574,0.6810000000000005,4,93,53.5,0,0.0
2020-04-03,53.5,31.1,44.6,0.22,0.22,0.0,15.1,27.3,53,61.7,50.8,43.6,35.9,0.047,0.0,15.9,9.8,57.67142857142858,0.6290000000000004,4,94,50.9,0,0.0
2020-04-04,50.9,25.6,37.0,0.0,0.0,0.0,13.9,24.6,3,53.5,55.5,31.1,30.5,0.22,0.0,15.1,11.4,54.885714285714286,0.2710000000000005,4,95,56.6,0,0.0
2020-04-05,56.6,31.2,44.0,0.0,0.0,0.0,8.2,17.7,3,50.9,61.7,25.6,43.6,0.0,0.047,13.9,15.9,55.32857142857142,0.2670000000000005,4,96,64.7,0,0.0
2020-04-06,64.7,38.7,52.0,0.138,0.138,0.0,11.5,21.9,53,56.6,53.5,31.2,31.1,0.0,0.22,8.2,15.1,56.24285714285715,0.4050000000000005,4,97,75.3,0,0.0
2020-04-07,75.3,54.2,64.3,0.169,0.169,0.0,15.0,30.9,63,64.7,50.9,38.7,25.6,0.138,0.0,11.5,13.9,59.74285714285715,0.5740000000000005,4,98,68.0,0,0.0
2020-04-08,68.0,46.3,55.9,0.146,0.146,0.0,16.4,33.1,55,75.3,56.6,54.2,31.2,0.169,0.0,15.0,8.2,61.52857142857143,0.7200000000000005,4,99,48.7,0,0.0
2020-04-09,48.7,34.5,41.3,0.012,0.012,0.0,26.6,47.6,51,68.0,64.7,46.3,38.7,0.146,0.138,16.4,11.5,59.67142857142857,0.6850000000000005,4,100,49.8,0,0.0
2020-04-10,49.8,28.5,39.8,0.0,0.0,0.0,12.0,21.0,3,48.7,75.3,34.5,54.2,0.012,0.169,26.6,15.0,59.142857142857146,0.4650000000000005,4,101,55.5,0,0.0
2020-04-11,55.5,37.9,48.4,0.22,0.22,0.0,11.7,25.7,55,49.8,68.0,28.5,46.3,0.0,0.146,12.0,16.4,59.800000000000004,0.6850000000000005,4,102,64.0,0,0.0
2020-04-12,64.0,34.2,50.8,0.453,0.445,0.055,21.4,40.5,71,55.5,48.7,37.9,34.5,0.22,0.012,11.7,26.6,60.857142857142854,1.1380000000000006,4,103,43.0,0,0.0
2020-04-13,43.0,27.2,34.3,0.004,0.0,0.028,23.0,41.4,71,64.0,49.8,34.2,28.5,0.453,0.0,21.4,12.0,57.75714285714285,1.0040000000000004,4,104,41.5,0,0.0
2020-04-14,41.5,24.9,32.4,0.008,0.0,0.083,19.6,36.5,71,43.0,55.5,27.2,37.9,0.004,0.22,23.0,11.7,52.92857142857143,0.8430000000000005,4,105,39.8,0,0.0
2020-04-15,39.8,23.9,32.9,0.102,0.0,0.717,13.2,26.6,73,41.5,64.0,24.9,34.2,0.008,0.453,19.6,21.4,48.9,0.7990000000000005,4,106,42.3,0,0.0
2020-04-16,42.3,22.8,33.5,0.051,0.024,0.193,7.5,13.4,73,39.8,43.0,23.9,27.2,0.102,0.004,13.2,23.0,47.98571428571428,0.8380000000000006,4,107,46.1,0,0.0
2020-04-17,46.1,32.5,37.5,0.26,0.008,1.764,11.9,21.0,73,42.3,41.5,22.8,24.9,0.051,0.008,7.5,19.6,47.45714285714286,1.0980000000000005,4,108,59.1,0,0.0
2020-04-18,59.1,31.5,46.0,0.0,0.0,0.0,21.6,38.7,3,46.1,39.8,32.5,23.9,0.26,0.102,11.9,13.2,47.971428571428575,0.8780000000000006,4,109,56.3,0,0.0
2020-04-19,56.3,40.0,49.2,0.0,0.0,0.0,13.4,25.3,3,59.1,42.3,31.5,22.8,0.0,0.051,21.6,7.5,46.87142857142857,0.42500000000000054,4,110,61.4,0,0.0
2020-04-20,61.4,33.1,48.8,0.012,0.012,0.0,18.3,36.9,51,56.3,46.1,40.0,32.5,0.0,0.26,13.4,11.9,49.5,0.43300000000000055,4,111,54.2,0,0.0
2020-04-21,54.2,35.4,46.2,0.0,0.0,0.0,16.0,28.0,1,61.4,59.1,33.1,31.5,0.012,0.0,18.3,21.6,51.314285714285724,0.42500000000000054,4,112,72.2,0,0.0
2020-04-22,72.2,40.3,57.2,0.028,0.028,0.0,17.9,31.8,51,54.2,56.3,35.4,40.0,0.0,0.0,16.0,13.4,55.94285714285714,0.35100000000000053,4,113,66.7,0,0.0
2020-04-23,66.7,48.6,57.1,0.028,0.028,0.0,8.6,15.4,51,72.2,61.4,40.3,33.1,0.028,0.012,17.9,18.3,59.42857142857143,0.32800000000000057,4,114,59.5,0,0.0
2020-04-24,59.5,46.3,51.6,0.24,0.24,0.0,11.6,22.8,63,66.7,54.2,48.6,35.4,0.028,0.0,8.6,16.0,61.34285714285714,0.30800000000000055,4,115,59.3,0,0.0
2020-04-25,59.3,42.1,50.7,0.043,0.043,0.0,14.0,26.2,51,59.5,72.2,46.3,40.3,0.24,0.028,11.6,17.9,61.371428571428574,0.35100000000000053,4,116,64.7,0,0.0
2020-04-26,64.7,35.7,52.1,0.0,0.0,0.0,8.6,14.5,3,59.3,66.7,42.1,48.6,0.043,0.028,14.0,8.6,62.57142857142857,0.35100000000000053,4,117,70.8,0,0.0
2020-04-27,70.8,47.8,59.2,0.094,0.094,0.0,17.9,36.9,61,64.7,59.5,35.7,46.3,0.0,0.24,8.6,11.6,63.91428571428572,0.43300000000000055,4,118,69.3,0,0.0
2020-04-28,69.3,53.0,61.1,0.268,0.268,0.0,21.5,37.4,61,70.8,59.3,47.8,42.1,0.094,0.043,17.9,14.0,66.07142857142857,0.7010000000000005,4,119,56.8,0,0.0
2020-04-29,56.8,48.1,51.7,0.138,0.138,0.0,22.5,40.5,53,69.3,64.7,53.0,35.7,0.268,0.0,21.5,8.6,63.871428571428574,0.8110000000000006,4,120,64.8,0,0.0
2020-04-30,64.8,45.6,54.4,0.0,0.0,0.0,16.4,30.6,0,56.8,70.8,48.1,47.8,0.138,0.094,22.5,17.9,63.6,0.7830000000000006,4,121,70.3,0,0.0
2020-05-01,70.3,42.1,57.6,0.0,0.0,0.0,14.6,27.1,3,64.8,69.3,45.6,53.0,0.0,0.268,16.4,21.5,65.14285714285714,0.5430000000000006,5,122,69.2,0,0.0
2020-05-02,69.2,56.5,62.3,0.0,0.0,0.0,12.7,24.6,3,70.3,56.8,42.1,48.1,0.0,0.138,14.6,22.5,66.55714285714285,0.5000000000000007,5,123,71.0,0,0.0
2020-05-03,71.0,47.6,60.0,0.0,0.0,0.0,9.7,18.8,3,69.2,64.8,56.5,45.6,0.0,0.0,12.7,16.4,67.45714285714286,0.5000000000000007,5,124,56.2,0,0.0
2020-05-04,56.2,44.1,51.6,0.177,0.177,0.0,14.8,28.0,61,71.0,70.3,47.6,42.1,0.0,0.0,9.7,14.6,65.37142857142858,0.5830000000000006,5,125,48.7,0,0.0
2020-05-05,48.7,42.0,45.2,0.362,0.362,0.0,11.0,18.6,55,56.2,69.2,44.1,56.5,0.177,0.0,14.8,12.7,62.42857142857143,0.6770000000000005,5,126,61.9,0,0.0
2020-05-06,61.9,41.1,51.1,0.0,0.0,0.0,11.0,21.9,3,48.7,71.0,42.0,47.6,0.362,0.0,11.0,9.7,63.15714285714286,0.5390000000000006,5,127,64.3,0,0.0
2020-05-07,64.3,43.6,54.4,0.0,0.0,0.0,12.3,23.7,3,61.9,56.2,41.1,44.1,0.0,0.177,11.0,14.8,63.08571428571429,0.5390000000000006,5,128,53.0,0,0.0
2020-05-08,53.0,37.1,47.5,0.004,0.004,0.0,21.4,39.6,51,64.3,48.7,43.6,42.0,0.0,0.362,12.3,11.0,60.614285714285714,0.5430000000000005,5,129,62.3,0,0.0
2020-05-09,62.3,29.4,48.4,0.008,0.008,0.0,13.7,25.1,51,53.0,61.9,37.1,41.1,0.004,0.0,21.4,11.0,59.62857142857143,0.5510000000000005,5,130,51.1,0,0.0
2020-05-10,51.1,41.6,46.8,0.016,0.016,0.0,26.5,46.8,51,62.3,64.3,29.4,43.6,0.008,0.0,13.7,12.3,56.785714285714285,0.5670000000000005,5,131,51.7,0,0.0
2020-05-11,51.7,39.1,46.2,0.0,0.0,0.0,11.9,23.5,3,51.1,53.0,41.6,37.1,0.016,0.004,26.5,21.4,56.142857142857146,0.39000000000000057,5,132,59.5,0,0.0
2020-05-12,59.5,36.2,48.6,0.0,0.0,0.0,5.9,13.6,3,51.7,62.3,39.1,29.4,0.0,0.008,11.9,13.7,57.68571428571429,0.028000000000000556,5,133,63.5,0,0.0
2020-05-13,63.5,40.9,53.2,0.008,0.008,0.0,18.2,34.2,51,59.5,51.1,36.2,41.6,0.0,0.016,5.9,26.5,57.91428571428572,0.03600000000000056,5,134,72.9,0,0.0
2020-05-14,72.9,53.5,62.6,1.228,1.228,0.0,12.3,27.5,63,63.5,51.7,40.9,39.1,0.008,0.0,18.2,11.9,59.142857142857146,1.2640000000000005,5,135,70.2,0,0.0
2020-05-15,70.2,55.6,63.6,0.008,0.008,0.0,10.3,20.6,51,72.9,59.5,53.5,36.2,1.228,0.0,12.3,5.9,61.6,1.2680000000000005,5,136,72.6,0,0.0
2020-05-16,72.6,49.2,61.9,0.5,0.5,0.0,15.9,27.1,63,70.2,63.5,55.6,40.9,0.008,0.008,10.3,18.2,63.07142857142857,1.7600000000000005,5,137,69.5,0,0.0
2020-05-17,69.5,56.2,61.0,0.614,0.614,0.0,15.7,28.0,63,72.6,72.9,49.2,53.5,0.5,1.228,15.9,12.3,65.7,2.3580000000000005,5,138,59.7,0,0.0
2020-05-18,59.7,52.4,55.5,0.134,0.134,0.0,14.6,26.8,51,69.5,70.2,56.2,55.6,0.614,0.008,15.7,10.3,66.84285714285714,2.4920000000000004,5,139,65.1,0,0.0
2020-05-19,65.1,51.3,57.3,0.024,0.024,0.0,12.8,24.8,51,59.7,72.6,52.4,49.2,0.134,0.5,14.6,15.9,67.64285714285714,2.5160000000000005,5,140,67.5,0,0.0
2020-05-20,67.5,55.8,60.9,0.0,0.0,0.0,12.4,23.3,3,65.1,69.5,51.3,56.2,0.024,0.614,12.8,15.7,68.21428571428571,2.5080000000000005,5,141,65.8,0,0.0
2020-05-21,65.8,53.5,59.7,0.0,0.0,0.0,11.2,21.9,3,67.5,59.7,55.8,52.4,0.0,0.134,12.4,14.6,67.2,1.2800000000000005,5,142,71.3,0,0.0
2020-05-22,71.3,55.1,63.1,0.02,0.02,0.0,10.1,20.6,51,65.8,65.1,53.5,51.3,0.0,0.024,11.2,12.8,67.35714285714286,1.2920000000000005,5,143,74.1,0,0.0
2020-05-23,74.1,60.4,66.3,0.579,0.579,0.0,15.4,30.9,63,71.3,67.5,55.1,55.8,0.02,0.0,10.1,12.4,67.57142857142857,1.3710000000000004,5,144,82.9,0,0.0
2020-05-24,82.9,56.6,71.1,0.047,0.047,0.0,10.9,23.3,53,74.1,65.8,60.4,53.5,0.579,0.0,15.4,11.2,69.48571428571428,0.8040000000000005,5,145,81.9,0,0.0
2020-05-25,81.9,65.4,73.1,0.039,0.039,0.0,13.9,25.9,53,82.9,71.3,56.6,55.1,0.047,0.02,10.9,10.1,72.65714285714286,0.7090000000000004,5,146,82.6,0,0.0
2020-05-26,82.6,65.0,73.7,0.146,0.146,0.0,17.8,36.5,61,81.9,74.1,65.4,60.4,0.039,0.579,13.9,15.4,75.15714285714284,0.8310000000000004,5,147,77.1,0,0.0
2020-05-27,77.1,66.2,71.4,0.15,0.15,0.0,12.3,22.6,61,82.6,82.9,65.0,56.6,0.146,0.047,17.8,10.9,76.52857142857142,0.9810000000000004,5,148,74.1,0,0.0
2020-05-28,74.1,61.2,67.3,0.965,0.965,0.0,11.6,21.3,65,77.1,81.9,66.2,65.4,0.15,0.039,12.3,13.9,77.71428571428571,1.9460000000000004,5,149,67.4,0,0.0
2020-05-29,67.4,55.5,61.8,0.0,0.0,0.0,16.5,30.4,3,74.1,82.6,61.2,65.0,0.965,0.146,11.6,17.8,77.15714285714286,1.9260000000000004,5,150,70.4,0,0.0
2020-05-30,70.4,49.6,60.2,0.0,0.0,0.0,10.6,20.8,3,67.4,77.1,55.5,66.2,0.0,0.15,16.5,12.3,76.62857142857142,1.3470000000000004,5,151,71.9,0,0.0
2020-05-31,71.9,49.2,61.7,0.0,0.0,0.0,7.4,14.5,3,70.4,74.1,49.6,61.2,0.0,0.965,10.6,11.6,75.05714285714285,1.3000000000000005,5,152,80.5,0,0.0
2020-06-01,80.5,58.4,69.7,0.035,0.035,0.0,20.0,35.8,53,71.9,67.4,49.2,55.5,0.0,0.0,7.4,16.5,74.85714285714286,1.2960000000000003,6,153,86.5,0,0.0
2020-06-02,86.5,67.6,77.5,0.0,0.0,0.0,14.6,26.2,3,80.5,70.4,58.4,49.6,0.035,0.0,20.0,10.6,75.41428571428571,1.1500000000000004,6,154,82.3,0,0.0
2020-06-03,82.3,70.3,75.3,0.154,0.154,0.0,9.8,20.6,63,86.5,71.9,67.6,49.2,0.0,0.0,14.6,7.4,76.15714285714286,1.1540000000000006,6,155,86.4,0,0.0
2020-06-04,86.4,66.3,75.9,0.0,0.0,0.0,9.4,16.1,3,82.3,80.5,70.3,58.4,0.154,0.035,9.8,20.0,77.91428571428571,0.18900000000000045,6,156,86.1,0,0.0
2020-06-05,86.1,66.4,75.6,0.075,0.075,0.0,13.6,26.6,55,86.4,86.5,66.3,67.6,0.0,0.0,9.4,14.6,80.58571428571429,0.26400000000000046,6,157,81.8,0,0.0
2020-06-06,81.8,64.3,73.5,0.0,0.0,0.0,10.1,18.8,3,86.1,82.3,66.4,70.3,0.075,0.154,13.6,9.8,82.21428571428571,0.26400000000000046,6,158,84.7,0,0.0
2020-06-07,84.7,61.9,74.3,0.0,0.0,0.0,13.6,24.6,3,81.8,86.4,64.3,66.3,0.0,0.0,10.1,9.4,84.04285714285716,0.26400000000000046,6,159,86.9,0,0.0
2020-06-08,86.9,68.0,78.1,0.0,0.0,0.0,12.9,24.4,3,84.7,86.1,61.9,66.4,0.0,0.075,13.6,13.6,84.95714285714287,0.22900000000000043,6,160,76.5,0,0.0
2020-06-09,76.5,69.9,73.2,1.634,1.634,0.0,17.5,30.6,65,86.9,81.8,68.0,64.3,0.0,0.0,12.9,10.1,83.52857142857144,1.8630000000000004,6,161,72.2,0,0.0
2020-06-10,72.2,61.3,67.3,0.205,0.205,0.0,20.2,36.2,61,76.5,84.7,69.9,61.9,1.634,0.0,17.5,13.6,82.08571428571429,1.9140000000000006,6,162,78.3,0,0.0
2020-06-11,78.3,57.1,68.1,0.0,0.0,0.0,15.8,28.2,1,72.2,86.9,61.3,68.0,0.205,0.0,20.2,12.9,80.92857142857143,1.9140000000000006,6,163,82.0,0,0.0
2020-06-12,82.0,55.7,70.7,0.0,0.0,0.0,6.4,11.0,0,78.3,76.5,57.1,69.9,0.0,1.634,15.8,17.5,80.34285714285714,1.8390000000000004,6,164,72.3,0,0.0
2020-06-13,72.3,55.5,64.5,0.0,0.0,0.0,13.9,24.2,2,82.0,72.2,55.7,61.3,0.0,0.205,6.4,20.2,78.98571428571428,1.8390000000000004,6,165,74.2,0,0.0
2020-06-14,74.2,54.1,65.0,0.0,0.0,0.0,15.3,28.9,3,72.3,78.3,55.5,57.1,0.0,0.0,13.9,15.8,77.48571428571428,1.8390000000000004,6,166,78.0,0,0.0
2020-06-15,78.0,57.9,68.1,0.0,0.0,0.0,13.2,25.3,3,74.2,82.0,54.1,55.7,0.0,0.0,15.3,6.4,76.21428571428571,1.8390000000000004,6,167,80.3,0,0.0
2020-06-16,80.3,58.4,70.5,0.0,0.0,0.0,11.9,23.5,3,78.0,72.3,57.9,55.5,0.0,0.0,13.2,13.9,76.75714285714285,0.20500000000000043,6,168,82.9,0,0.0
2020-06-17,82.9,59.3,72.5,0.0,0.0,0.0,12.6,24.4,1,80.3,74.2,58.4,54.1,0.0,0.0,11.9,15.3,78.28571428571429,0.0,6,169,86.0,0,0.0
2020-06-18,86.0,62.2,75.1,0.0,0.0,0.0,12.1,23.7,3,82.9,78.0,59.3,57.9,0.0,0.0,12.6,13.2,79.38571428571429,0.0,6,170,80.2,0,0.0
2020-06-19,80.2,68.1,72.4,0.98,0.98,0.0,8.5,20.1,65,86.0,80.3,62.2,58.4,0.0,0.0,12.1,11.9,79.12857142857142,0.9800000000000004,6,171,80.2,0,0.0
2020-06-20,80.2,67.8,73.3,0.465,0.465,0.0,12.4,25.9,63,80.2,82.9,68.1,59.3,0.98,0.0,8.5,12.6,80.25714285714287,1.4450000000000005,6,172,83.0,0,0.0
2020-06-21,83.0,64.0,74.0,0.02,0.02,0.0,9.3,20.6,51,80.2,86.0,67.8,62.2,0.465,0.0,12.4,12.1,81.51428571428572,1.4650000000000005,6,173,75.1,0,0.0
2020-06-22,75.1,59.8,69.3,1.539,1.539,0.0,10.7,23.3,65,83.0,80.2,64.0,68.1,0.02,0.98,9.3,8.5,81.10000000000001,3.0040000000000004,6,174,73.1,0,0.0
2020-06-23,73.1,58.6,66.2,0.008,0.008,0.0,13.3,24.4,51,75.1,80.2,59.8,67.8,1.539,0.465,10.7,12.4,80.07142857142857,3.0120000000000005,6,175,76.6,0,0.0
2020-06-24,76.6,57.2,67.6,0.0,0.0,0.0,9.2,20.6,2,73.1,83.0,58.6,64.0,0.008,0.02,13.3,9.3,79.17142857142858,3.0120000000000005,6,176,83.2,0,0.0
2020-06-25,83.2,61.0,72.4,0.0,0.0,0.0,8.6,17.4,3,76.6,75.1,57.2,59.8,0.0,1.539,9.2,10.7,78.77142857142857,3.0120000000000005,6,177,86.1,0,0.0
2020-06-26,86.1,68.1,75.7,0.335,0.335,0.0,15.8,28.9,61,83.2,73.1,61.0,58.6,0.0,0.008,8.6,13.3,79.61428571428571,2.3670000000000004,6,178,84.2,0,0.0
2020-06-27,84.2,68.2,75.7,0.217,0.217,0.0,12.6,23.3,63,86.1,76.6,68.1,57.2,0.335,0.0,15.8,9.2,80.18571428571428,2.119,6,179,85.6,0,0.0
2020-06-28,85.6,66.7,76.5,0.0,0.0,0.0,14.5,27.1,3,84.2,83.2,68.2,61.0,0.217,0.0,12.6,8.6,80.55714285714285,2.099,6,180,86.8,0,0.0
2020-06-29,86.8,70.2,80.0,0.228,0.228,0.0,14.6,26.4,63,85.6,86.1,66.7,68.1,0.0,0.335,14.5,15.8,82.22857142857143,0.7880000000000005,6,181,80.8,0,0.0
2020-06-30,80.8,70.6,75.8,0.004,0.004,0.0,16.1,30.6,51,86.8,84.2,70.2,68.2,0.228,0.217,14.6,12.6,83.32857142857142,0.7840000000000005,6,182,80.1,0,0.0
2020-07-01,80.1,67.8,73.9,0.047,0.047,0.0,10.3,20.1,51,80.8,85.6,70.6,66.7,0.004,0.0,16.1,14.5,83.82857142857142,0.8310000000000005,7,183,86.2,0,0.0
2020-07-02,86.2,70.1,77.7,0.0,0.0,0.0,9.2,17.7,3,80.1,86.8,67.8,70.2,0.047,0.228,10.3,14.6,84.25714285714285,0.8310000000000005,7,184,86.0,0,0.0
2020-07-03,86.0,67.3,76.9,0.0,0.0,0.0,6.8,15.0,3,86.2,80.8,70.1,70.6,0.0,0.004,9.2,16.1,84.24285714285713,0.49600000000000044,7,185,87.8,0,0.0
2020-07-04,87.8,65.8,77.9,0.0,0.0,0.0,6.7,12.1,1,86.0,80.1,67.3,67.8,0.0,0.047,6.8,10.3,84.75714285714285,0.27900000000000047,7,186,88.0,0,0.0
2020-07-05,88.0,68.8,79.3,0.0,0.0,0.0,5.9,14.5,2,87.8,86.2,65.8,70.1,0.0,0.0,6.7,9.2,85.1,0.27900000000000047,7,187,88.6,0,0.0
2020-07-06,88.6,71.1,80.3,0.0,0.0,0.0,5.8,12.8,3,88.0,86.0,68.8,67.3,0.0,0.0,5.9,6.8,85.35714285714286,0.05100000000000045,7,188,89.9,0,0.0
2020-07-07,89.9,71.7,81.0,0.008,0.008,0.0,8.9,17.9,51,88.6,87.8,71.1,65.8,0.0,0.0,5.8,6.7,86.65714285714286,0.055000000000000444,7,189,91.3,0,0.0
2020-07-08,91.3,72.9,82.1,0.0,0.0,0.0,10.3,19.5,1,89.9,88.0,71.7,68.8,0.008,0.0,8.9,5.9,88.25714285714287,0.008000000000000444,7,190,87.4,0,0.0
2020-07-09,87.4,72.0,77.6,0.709,0.709,0.0,13.3,26.8,63,91.3,88.6,72.9,71.1,0.0,0.0,10.3,5.8,88.42857142857143,0.7170000000000004,7,191,85.3,0,0.0
2020-07-10,85.3,68.5,76.6,0.0,0.0,0.0,13.8,25.9,0,87.4,89.9,72.0,71.7,0.709,0.008,13.3,8.9,88.32857142857142,0.7170000000000004,7,192,87.7,0,0.0
2020-07-11,87.7,67.8,77.1,0.031,0.031,0.0,14.1,23.7,53,85.3,91.3,68.5,72.9,0.0,0.0,13.8,10.3,88.31428571428572,0.7480000000000004,7,193,82.6,0,0.0
2020-07-12,82.6,66.8,74.5,0.004,0.004,0.0,9.6,20.1,51,87.7,87.4,67.8,72.0,0.031,0.709,14.1,13.3,87.54285714285716,0.7520000000000004,7,194,85.1,0,0.0
2020-07-13,85.1,62.8,74.9,0.0,0.0,0.0,11.7,21.3,2,82.6,85.3,66.8,68.5,0.004,0.0,9.6,13.8,87.04285714285713,0.7520000000000004,7,195,89.2,0,0.0
2020-07-14,89.2,68.6,78.5,0.02,0.02,0.0,15.7,29.3,53,85.1,87.7,62.8,67.8,0.0,0.031,11.7,14.1,86.94285714285715,0.7640000000000005,7,196,77.2,0,0.0
2020-07-15,77.2,69.2,73.6,0.835,0.835,0.0,11.2,21.3,63,89.2,82.6,68.6,66.8,0.02,0.004,15.7,9.6,84.92857142857143,1.5990000000000004,7,197,82.3,0,0.0
2020-07-16,82.3,62.5,73.2,0.0,0.0,0.0,6.2,11.9,3,77.2,85.1,69.2,62.8,0.835,0.0,11.2,11.7,84.2,0.8900000000000005,7,198,89.3,0,0.0
2020-07-17,89.3,65.4,78.2,0.0,0.0,0.0,11.3,21.5,3,82.3,89.2,62.5,68.6,0.0,0.02,6.2,15.7,84.77142857142857,0.8900000000000005,7,199,92.8,0,0.0
2020-07-18,92.8,74.8,83.7,0.024,0.024,0.0,16.6,30.4,53,89.3,77.2,65.4,69.2,0.0,0.835,11.3,11.2,85.5,0.8830000000000005,7,200,83.9,0,0.0
2020-07-19,83.9,70.6,78.9,0.272,0.272,0.0,15.4,29.3,63,92.8,82.3,74.8,62.5,0.024,0.0,16.6,6.2,85.68571428571428,1.1510000000000005,7,201,78.0,0,0.0
2020-07-20,78.0,67.5,72.5,0.157,0.157,0.0,6.1,12.1,61,83.9,89.3,70.6,65.4,0.272,0.0,15.4,11.3,84.67142857142858,1.3080000000000005,7,202,77.6,0,0.0
2020-07-21,77.6,67.5,72.2,0.26,0.26,0.0,9.8,19.7,63,78.0,92.8,67.5,74.8,0.157,0.024,6.1,16.6,83.01428571428572,1.5480000000000005,7,203,79.1,0,0.0
2020-07-22,79.1,66.7,72.9,0.004,0.004,0.0,9.2,18.8,51,77.6,83.9,67.5,70.6,0.26,0.272,9.8,15.4,83.28571428571429,0.7170000000000005,7,204,80.2,0,0.0
2020-07-23,80.2,60.4,71.1,0.0,0.0,0.0,6.7,12.1,1,79.1,78.0,66.7,67.5,0.004,0.157,9.2,6.1,82.98571428571428,0.7170000000000005,7,205,86.2,0,0.0
2020-07-24,86.2,66.1,76.1,0.0,0.0,0.0,8.9,18.3,2,80.2,77.6,60.4,67.5,0.0,0.26,6.7,9.8,82.54285714285713,0.7170000000000005,7,206,89.7,0,0.0
2020-07-25,89.7,71.5,80.8,0.004,0.004,0.0,10.8,20.6,51,86.2,79.1,66.1,66.7,0.0,0.004,8.9,9.2,82.10000000000001,0.6970000000000005,7,207,91.1,0,0.0
2020-07-26,91.1,74.6,81.5,0.563,0.563,0.0,11.2,25.9,63,89.7,80.2,71.5,60.4,0.004,0.0,10.8,6.7,83.12857142857142,0.9880000000000004,7,208,82.7,0,0.0
2020-07-27,82.7,70.8,76.1,0.165,0.165,0.0,11.8,21.3,63,91.1,86.2,74.6,66.1,0.563,0.0,11.2,8.9,83.8,0.9960000000000004,7,209,85.2,0,0.0
2020-07-28,85.2,60.7,74.6,0.0,0.0,0.0,13.1,24.2,3,82.7,89.7,70.8,71.5,0.165,0.004,11.8,10.8,84.88571428571427,0.7360000000000004,7,210,87.7,0,0.0
2020-07-29,87.7,67.6,78.4,0.0,0.0,0.0,8.6,15.4,3,85.2,91.1,60.7,74.6,0.0,0.563,13.1,11.2,86.11428571428571,0.7320000000000004,7,211,82.6,0,0.0
2020-07-30,82.6,72.6,77.2,0.024,0.024,0.0,12.9,27.1,51,87.7,82.7,67.6,70.8,0.0,0.165,8.6,11.8,86.45714285714287,0.7560000000000004,7,212,79.9,0,0.0
2020-07-31,79.9,66.8,73.4,0.0,0.0,0.0,11.5,22.6,3,82.6,85.2,72.6,60.7,0.024,0.0,12.9,13.1,85.55714285714285,0.7560000000000004,7,213,80.5,0,0.0
2020-08-01,80.5,64.4,72.9,0.0,0.0,0.0,9.6,17.9,3,79.9,87.7,66.8,67.6,0.0,0.0,11.5,8.6,84.24285714285715,0.7520000000000004,8,214,77.1,0,0.0
2020-08-02,77.1,63.2,70.7,0.217,0.217,0.0,11.6,21.3,63,80.5,82.6,64.4,72.6,0.0,0.024,9.6,12.9,82.24285714285715,0.40600000000000047,8,215,72.5,0,0.0
2020-08-03,72.5,58.9,66.0,0.0,0.0,0.0,12.4,23.3,3,77.1,79.9,63.2,66.8,0.217,0.0,11.6,11.5,80.78571428571429,0.24100000000000044,8,216,72.9,0,0.0
2020-08-04,72.9,59.6,66.1,0.0,0.0,0.0,7.3,16.1,3,72.5,80.5,58.9,64.4,0.0,0.0,12.4,9.6,79.02857142857144,0.24100000000000044,8,217,75.0,0,0.0
2020-08-05,75.0,54.4,66.6,0.0,0.0,0.0,7.8,16.3,3,72.9,77.1,59.6,63.2,0.0,0.217,7.3,11.6,77.21428571428571,0.24100000000000044,8,218,79.2,0,0.0
2020-08-06,79.2,58.9,69.3,0.0,0.0,0.0,11.6,23.3,2,75.0,72.5,54.4,58.9,0.0,0.0,7.8,12.4,76.72857142857143,0.21700000000000044,8,219,84.1,0,0.0
2020-08-07,84.1,64.9,73.9,0.004,0.004,0.0,14.8,28.0,51,79.2,72.9,58.9,59.6,0.0,0.0,11.6,7.3,77.32857142857142,0.22100000000000045,8,220,89.2,0,0.0
2020-08-08,89.2,70.4,79.2,0.008,0.008,0.0,15.9,29.8,51,84.1,75.0,64.9,54.4,0.004,0.0,14.8,7.8,78.57142857142857,0.22900000000000045,8,221,91.8,0,0.0
2020-08-09,91.8,70.0,80.2,0.031,0.031,0.0,14.0,25.5,53,89.2,79.2,70.4,58.9,0.008,0.0,15.9,11.6,80.67142857142856,0.04300000000000044,8,222,79.3,0,0.0
2020-08-10,79.3,69.8,75.2,0.618,0.618,0.0,14.2,28.2,63,91.8,84.1,70.0,64.9,0.031,0.004,14.0,14.8,81.64285714285714,0.6610000000000005,8,223,79.7,0,0.0
2020-08-11,79.7,61.1,70.7,0.0,0.0,0.0,8.0,13.6,3,79.3,89.2,69.8,70.4,0.618,0.008,14.2,15.9,82.61428571428571,0.6610000000000005,8,224,84.8,0,0.0
2020-08-12,84.8,62.8,73.3,0.0,0.0,0.0,9.8,19.5,3,79.7,91.8,61.1,70.0,0.0,0.031,8.0,14.0,84.01428571428572,0.6610000000000005,8,225,84.4,0,0.0
2020-08-13,84.4,68.3,76.0,0.016,0.016,0.0,9.0,18.6,51,84.8,79.3,62.8,69.8,0.0,0.618,9.8,14.2,84.75714285714285,0.6770000000000005,8,226,84.9,0,0.0
2020-08-14,84.9,66.6,75.8,0.0,0.0,0.0,9.3,15.9,3,84.4,79.7,68.3,61.1,0.016,0.0,9.0,8.0,84.87142857142858,0.6730000000000005,8,227,79.2,0,0.0
2020-08-15,79.2,65.8,72.8,0.157,0.157,0.0,13.3,24.6,63,84.9,84.8,66.6,62.8,0.0,0.0,9.3,9.8,83.44285714285715,0.8220000000000005,8,228,84.2,0,0.0
2020-08-16,84.2,57.7,71.6,0.0,0.0,0.0,10.7,20.8,3,79.2,84.4,65.8,68.3,0.157,0.016,13.3,9.0,82.35714285714286,0.7910000000000004,8,229,79.8,0,0.0
2020-08-17,79.8,66.6,73.1,0.035,0.035,0.0,11.8,24.4,51,84.2,84.9,57.7,66.6,0.0,0.0,10.7,9.3,82.42857142857143,0.20800000000000043,8,230,76.7,0,0.0
2020-08-18,76.7,60.1,68.1,0.0,0.0,0.0,9.4,18.8,1,79.8,79.2,66.6,65.8,0.035,0.157,11.8,13.3,82.0,0.20800000000000043,8,231,79.0,0,0.0
2020-08-19,79.0,56.9,68.1,0.0,0.0,0.0,5.6,12.5,0,76.7,84.2,60.1,57.7,0.0,0.0,9.4,10.7,81.17142857142858,0.20800000000000043,8,232,81.6,0,0.0
2020-08-20,81.6,60.1,70.4,0.0,0.0,0.0,8.8,17.9,3,79.0,79.8,56.9,66.6,0.0,0.035,5.6,11.8,80.77142857142857,0.19200000000000045,8,233,83.7,0,0.0
2020-08-21,83.7,59.8,71.8,0.0,0.0,0.0,7.9,16.8,1,81.6,76.7,60.1,60.1,0.0,0.0,8.8,9.4,80.60000000000001,0.19200000000000045,8,234,87.3,0,0.0
2020-08-22,87.3,63.3,74.8,0.016,0.016,0.0,10.8,21.7,51,83.7,79.0,59.8,56.9,0.0,0.0,7.9,5.6,81.75714285714285,0.05100000000000042,8,235,89.2,0,0.0
2020-08-23,89.2,69.6,78.7,0.165,0.165,0.0,10.1,16.8,61,87.3,81.6,63.3,60.1,0.016,0.0,10.8,8.8,82.47142857142856,0.21600000000000041,8,236,94.1,0,0.0
2020-08-24,94.1,73.4,82.4,0.0,0.0,0.0,7.5,15.4,3,89.2,83.7,69.6,59.8,0.165,0.0,10.1,7.9,84.51428571428572,0.18100000000000044,8,237,92.1,0,0.0
2020-08-25,92.1,72.2,82.3,0.0,0.0,0.0,7.9,15.7,0,94.1,87.3,73.4,63.3,0.0,0.016,7.5,10.8,86.71428571428571,0.18100000000000044,8,238,92.9,0,0.0
2020-08-26,92.9,73.6,82.4,0.0,0.0,0.0,12.5,22.4,1,92.1,89.2,72.2,69.6,0.0,0.165,7.9,10.1,88.70000000000002,0.18100000000000044,8,239,89.8,0,0.0
2020-08-27,89.8,74.2,81.6,0.0,0.0,0.0,9.9,19.5,1,92.9,94.1,73.6,73.4,0.0,0.0,12.5,7.5,89.87142857142858,0.18100000000000044,8,240,91.2,0,0.0
2020-08-28,91.2,71.3,80.9,0.0,0.0,0.0,11.5,25.1,2,89.8,92.1,74.2,72.2,0.0,0.0,9.9,7.9,90.94285714285715,0.18100000000000044,8,241,77.4,0,0.0
2020-08-29,77.4,64.6,71.9,0.0,0.0,0.0,12.4,21.7,3,91.2,92.9,71.3,73.6,0.0,0.0,11.5,12.5,89.52857142857144,0.16500000000000042,8,242,77.8,0,0.0
2020-08-30,77.8,59.1,68.4,0.0,0.0,0.0,10.4,19.5,3,77.4,89.8,64.6,74.2,0.0,0.0,12.4,9.9,87.89999999999999,0.0,8,243,80.8,0,0.0
2020-08-31,80.8,63.9,71.4,0.083,0.083,0.0,12.0,25.1,61,77.8,91.2,59.1,71.3,0.0,0.0,10.4,11.5,86.0,0.08300000000000045,8,244,74.8,0,0.0
2020-09-01,74.8,59.3,66.5,0.508,0.508,0.0,10.6,25.1,63,80.8,77.4,63.9,64.6,0.083,0.0,12.0,12.4,83.52857142857144,0.5910000000000004,9,245,84.9,0,0.0
2020-09-02,84.9,62.2,73.2,0.008,0.008,0.0,10.6,19.9,51,74.8,77.8,59.3,59.1,0.508,0.0,10.6,10.4,82.38571428571429,0.5990000000000004,9,246,78.5,0,0.0
2020-09-03,78.5,60.0,71.2,0.0,0.0,0.0,17.6,33.6,1,84.9,80.8,62.2,63.9,0.008,0.083,10.6,12.0,80.77142857142857,0.5990000000000004,9,247,80.2,0,0.0
2020-09-04,80.2,52.4,66.7,0.0,0.0,0.0,11.4,22.4,0,78.5,74.8,60.0,59.3,0.0,0.508,17.6,10.6,79.2,0.5990000000000004,9,248,81.8,0,0.0
2020-09-05,81.8,62.5,72.3,0.0,0.0,0.0,11.5,19.5,3,80.2,84.9,52.4,62.2,0.0,0.008,11.4,10.6,79.82857142857142,0.5990000000000004,9,249,91.8,0,0.0
2020-09-06,91.8,63.5,77.2,0.717,0.717,0.0,25.6,51.0,65,81.8,78.5,62.5,60.0,0.0,0.0,11.5,17.6,81.82857142857144,1.3160000000000003,9,250,77.3,0,0.0
2020-09-07,77.3,59.9,70.0,0.165,0.165,0.0,16.9,30.9,63,91.8,80.2,63.5,52.4,0.717,0.0,25.6,11.4,81.32857142857142,1.3980000000000004,9,251,61.8,0,0.0
2020-09-08,61.8,52.4,56.9,0.921,0.921,0.0,17.4,30.9,63,77.3,81.8,59.9,62.5,0.165,0.0,16.9,11.5,79.47142857142856,1.8110000000000004,9,252,56.7,0,0.0
2020-09-09,56.7,51.0,53.8,0.26,0.26,0.0,13.9,24.4,61,61.8,91.8,52.4,63.5,0.921,0.717,17.4,25.6,75.44285714285715,2.0630000000000006,9,253,55.8,0,0.0
2020-09-10,55.8,50.5,53.0,0.776,0.776,0.0,12.1,21.7,63,56.7,77.3,51.0,59.9,0.26,0.165,13.9,16.9,72.2,2.8390000000000004,9,254,65.6,0,0.0
2020-09-11,65.6,55.0,59.9,0.642,0.642,0.0,11.6,20.8,61,55.8,61.8,50.5,52.4,0.776,0.921,12.1,17.4,70.11428571428571,3.4810000000000008,9,255,70.2,0,0.0
2020-09-12,70.2,62.5,65.7,0.425,0.425,0.0,12.8,23.9,61,65.6,56.7,55.0,51.0,0.642,0.26,11.6,13.9,68.45714285714287,3.9060000000000006,9,256,73.1,0,0.0
2020-09-13,73.1,54.2,63.6,0.0,0.0,0.0,7.2,14.8,1,70.2,55.8,62.5,50.5,0.425,0.776,12.8,12.1,65.78571428571429,3.1890000000000005,9,257,76.2,0,0.0
2020-09-14,76.2,54.7,65.6,0.0,0.0,0.0,7.4,16.1,0,73.1,65.6,54.2,55.0,0.0,0.642,7.2,11.6,65.62857142857142,3.0240000000000005,9,258,78.3,0,0.0
2020-09-15,78.3,56.8,67.2,0.0,0.0,0.0,9.2,18.3,0,76.2,70.2,54.7,62.5,0.0,0.425,7.4,12.8,67.98571428571428,2.1030000000000006,9,259,79.2,0,0.0
2020-09-16,79.2,60.0,68.6,0.0,0.0,0.0,11.7,22.4,3,78.3,73.1,56.8,54.2,0.0,0.0,9.2,7.2,71.2,1.8430000000000004,9,260,69.2,0,0.0
2020-09-17,69.2,53.8,61.4,0.0,0.0,0.0,10.3,19.5,0,79.2,76.2,60.0,54.7,0.0,0.0,11.7,7.4,73.11428571428571,1.0670000000000006,9,261,62.9,0,0.0
2020-09-18,62.9,50.9,57.4,0.0,0.0,0.0,9.8,18.3,3,69.2,78.3,53.8,56.8,0.0,0.0,10.3,9.2,72.72857142857143,0.42500000000000043,9,262,64.9,0,0.0
2020-09-19,64.9,46.8,56.2,0.0,0.0,0.0,8.8,18.1,2,62.9,79.2,50.9,60.0,0.0,0.0,9.8,11.7,71.97142857142856,0.0,9,263,69.8,0,0.0
2020-09-20,69.8,49.8,59.1,0.0,0.0,0.0,12.2,23.5,3,64.9,69.2,46.8,53.8,0.0,0.0,8.8,10.3,71.5,0.0,9,264,73.9,0,0.0
2020-09-21,73.9,52.2,62.4,0.0,0.0,0.0,11.5,21.9,3,69.8,62.9,49.8,50.9,0.0,0.0,12.2,9.8,71.17142857142858,0.0,9,265,76.8,0,0.0
2020-09-22,76.8,53.2,64.8,0.0,0.0,0.0,9.2,18.3,3,73.9,64.9,52.2,46.8,0.0,0.0,11.5,8.8,70.95714285714287,0.0,9,266,76.3,0,0.0
2020-09-23,76.3,52.9,64.8,0.0,0.0,0.0,9.1,18.1,3,76.8,69.8,53.2,49.8,0.0,0.0,9.2,12.2,70.54285714285714,0.0,9,267,76.6,0,0.0
2020-09-24,76.6,61.0,68.0,0.004,0.004,0.0,14.8,27.7,51,76.3,73.9,52.9,52.2,0.0,0.0,9.1,11.5,71.60000000000001,0.004000000000000444,9,268,79.3,0,0.0
2020-09-25,79.3,60.3,69.8,0.0,0.0,0.0,15.5,28.2,2,76.6,76.8,61.0,53.2,0.004,0.0,14.8,9.2,73.94285714285715,0.004000000000000444,9,269,84.5,0,0.0
2020-09-26,84.5,64.6,74.4,0.0,0.0,0.0,19.0,34.2,3,79.3,76.3,60.3,52.9,0.0,0.0,15.5,9.1,76.74285714285715,0.004000000000000444,9,270,76.4,0,0.0
2020-09-27,76.4,54.8,63.6,0.346,0.346,0.0,14.9,27.7,63,84.5,76.6,64.6,61.0,0.0,0.004,19.0,14.8,77.68571428571428,0.3500000000000004,9,271,61.3,0,0.0
2020-09-28,61.3,51.2,55.7,0.024,0.024,0.0,17.6,34.7,51,76.4,79.3,54.8,60.3,0.346,0.0,14.9,15.5,75.88571428571427,0.37400000000000044,9,272,62.7,0,0.0
2020-09-29,62.7,46.0,54.4,0.0,0.0,0.0,14.1,25.5,3,61.3,84.5,51.2,64.6,0.024,0.0,17.6,19.0,73.87142857142858,0.37400000000000044,9,273,64.4,0,0.0
2020-09-30,64.4,52.6,58.3,0.035,0.035,0.0,24.4,44.5,53,62.7,76.4,46.0,54.8,0.0,0.346,14.1,14.9,72.17142857142858,0.4090000000000004,9,274,57.4,0,0.0
2020-10-01,57.4,47.5,52.5,0.016,0.016,0.0,18.5,33.3,51,64.4,61.3,52.6,51.2,0.035,0.024,24.4,17.6,69.42857142857143,0.42100000000000043,10,275,54.4,0,0.0
2020-10-02,54.4,39.8,48.2,0.0,0.0,0.0,7.1,13.4,3,57.4,62.7,47.5,46.0,0.016,0.0,18.5,14.1,65.87142857142858,0.42100000000000043,10,276,51.3,0,0.0
2020-10-03,51.3,43.2,47.7,0.079,0.079,0.0,5.2,8.7,51,54.4,64.4,39.8,52.6,0.0,0.035,7.1,24.4,61.12857142857143,0.5000000000000004,10,277,54.0,0,0.0
2020-10-04,54.0,38.6,45.9,0.0,0.0,0.0,8.5,18.6,3,51.3,57.4,43.2,47.5,0.079,0.016,5.2,18.5,57.92857142857143,0.15400000000000044,10,278,63.4,0,0.0
2020-10-05,63.4,41.3,52.0,0.0,0.0,0.0,19.5,35.3,0,54.0,54.4,38.6,39.8,0.0,0.0,8.5,7.1,58.22857142857142,0.13000000000000045,10,279,74.0,0,0.0
2020-10-06,74.0,49.9,62.5,0.0,0.0,0.0,14.6,24.6,3,63.4,51.3,41.3,43.2,0.0,0.079,19.5,5.2,59.84285714285714,0.13000000000000045,10,280,73.9,0,0.0
2020-10-07,73.9,57.3,65.3,0.0,0.0,0.0,15.6,26.4,0,74.0,54.0,49.9,38.6,0.0,0.0,14.6,8.5,61.2,0.09500000000000045,10,281,70.7,0,0.0
2020-10-08,70.7,49.8,60.8,0.0,0.0,0.0,10.0,17.9,3,73.9,63.4,57.3,41.3,0.0,0.0,15.6,19.5,63.1,0.07900000000000043,10,282,80.5,0,0.0
2020-10-09,80.5,58.8,68.9,0.0,0.0,0.0,17.5,31.5,3,70.7,74.0,49.8,49.9,0.0,0.0,10.0,14.6,66.82857142857144,0.07900000000000043,10,283,76.3,0,0.0
2020-10-10,76.3,62.5,69.5,0.0,0.0,0.0,12.2,21.0,2,80.5,73.9,58.8,57.3,0.0,0.0,17.5,15.6,70.4,0.0,10,284,77.5,0,0.0
2020-10-11,77.5,57.1,67.1,0.0,0.0,0.0,16.3,28.2,3,76.3,70.7,62.5,49.8,0.0,0.0,12.2,10.0,73.75714285714285,0.0,10,285,70.5,0,0.0
2020-10-12,70.5,50.5,61.6,0.094,0.094,0.0,20.8,42.5,61,77.5,80.5,57.1,58.8,0.0,0.0,16.3,17.5,74.77142857142859,0.09400000000000044,10,286,69.2,0,0.0
2020-10-13,69.2,49.5,57.2,0.0,0.0,0.0,15.7,28.4,3,70.5,76.3,50.5,62.5,0.094,0.0,20.8,12.2,74.08571428571429,0.09400000000000044,10,287,74.8,0,0.0
2020-10-14,74.8,46.2,60.1,0.004,0.004,0.0,21.4,38.3,51,69.2,77.5,49.5,57.1,0.0,0.0,15.7,16.3,74.21428571428571,0.09800000000000045,10,288,54.5,0,0.0
2020-10-15,54.5,41.5,47.8,0.0,0.0,0.0,20.1,36.5,3,74.8,70.5,46.2,50.5,0.004,0.094,21.4,20.8,71.9,0.09800000000000045,10,289,53.2,0,0.0
2020-10-16,53.2,37.6,44.5,0.028,0.028,0.0,18.1,35.6,51,54.5,69.2,41.5,49.5,0.0,0.0,20.1,15.7,68.0,0.12600000000000044,10,290,63.0,0,0.0
2020-10-17,63.0,41.3,54.3,0.008,0.008,0.0,21.9,46.8,51,53.2,74.8,37.6,46.2,0.028,0.004,18.1,21.4,66.1,0.13400000000000045,10,291,54.3,0,0.0
2020-10-18,54.3,37.1,42.5,0.094,0.094,0.0,17.2,30.9,61,63.0,54.5,41.3,41.5,0.008,0.0,21.9,20.1,62.785714285714285,0.22800000000000045,10,292,38.7,0,0.0
2020-10-19,38.7,32.6,36.4,0.157,0.004,1.075,9.2,17.9,75,54.3,53.2,37.1,37.6,0.094,0.028,17.2,18.1,58.24285714285714,0.2910000000000005,10,293,47.7,0,0.0
2020-10-20,47.7,31.6,39.7,0.067,0.067,0.0,12.9,24.2,51,38.7,63.0,32.6,41.3,0.157,0.008,9.2,21.9,55.17142857142858,0.35800000000000043,10,294,52.2,0,0.0
2020-10-21,52.2,37.4,45.0,0.205,0.205,0.0,10.6,19.9,61,47.7,54.3,31.6,37.1,0.067,0.094,12.9,17.2,51.94285714285714,0.5590000000000004,10,295,74.4,0,0.0
2020-10-22,74.4,46.8,57.7,0.323,0.323,0.0,14.7,45.6,61,52.2,38.7,37.4,32.6,0.205,0.157,10.6,9.2,54.785714285714285,0.8820000000000005,10,296,47.3,0,0.0
2020-10-23,47.3,37.9,42.5,0.252,0.252,0.0,19.0,46.8,63,74.4,47.7,46.8,31.6,0.323,0.067,14.7,12.9,53.94285714285714,1.1060000000000003,10,297,42.6,0,0.0
2020-10-24,42.6,32.2,37.8,0.0,0.0,0.0,9.4,18.3,3,47.3,52.2,37.9,37.4,0.252,0.205,19.0,10.6,51.02857142857143,1.0980000000000003,10,298,40.3,0,0.0
2020-10-25,40.3,33.7,36.8,0.0,0.0,0.0,11.7,21.7,3,42.6,74.4,32.2,46.8,0.0,0.323,9.4,14.7,49.028571428571425,1.0040000000000004,10,299,36.8,0,0.0
2020-10-26,36.8,28.6,32.5,0.035,0.0,0.248,12.3,21.7,73,40.3,47.3,33.7,37.9,0.0,0.252,11.7,19.0,48.75714285714286,0.8820000000000005,10,300,39.2,0,0.0
2020-10-27,39.2,27.6,32.2,0.0,0.0,0.0,6.7,14.1,3,36.8,42.6,28.6,32.2,0.035,0.0,12.3,9.4,47.542857142857144,0.8150000000000005,10,301,49.6,0,0.0
2020-10-28,49.6,27.9,37.5,0.0,0.0,0.0,9.8,18.6,3,39.2,40.3,27.6,33.7,0.0,0.0,6.7,11.7,47.17142857142857,0.6100000000000005,10,302,43.2,0,0.0
2020-10-29,43.2,37.5,40.8,0.0,0.0,0.0,17.1,31.5,3,49.6,36.8,27.9,28.6,0.0,0.035,9.8,12.3,42.714285714285715,0.2870000000000005,10,303,45.7,0,0.0
2020-10-30,45.7,30.3,37.9,0.0,0.0,0.0,9.4,15.7,3,43.2,39.2,37.5,27.6,0.0,0.0,17.1,6.7,42.48571428571428,0.03500000000000045,10,304,61.4,0,0.0
2020-10-31,61.4,35.9,48.4,0.0,0.0,0.0,20.8,35.3,3,45.7,49.6,30.3,27.9,0.0,0.0,9.4,9.8,45.17142857142857,0.03500000000000045,10,305,48.3,0,0.0
2020-11-01,48.3,28.8,36.6,0.0,0.0,0.0,21.5,38.5,0,61.4,43.2,35.9,37.5,0.0,0.0,20.8,17.1,46.31428571428571,0.03500000000000045,11,306,54.8,0,0.0
2020-11-02,54.8,25.3,39.0,0.0,0.0,0.0,15.5,28.6,3,48.3,45.7,28.8,30.3,0.0,0.0,21.5,9.4,48.885714285714286,0.0,11,307,66.3,0,0.0
2020-11-03,66.3,36.0,51.6,0.0,0.0,0.0,12.8,23.5,0,54.8,61.4,25.3,35.9,0.0,0.0,15.5,20.8,52.75714285714285,0.0,11,308,68.7,0,0.0
2020-11-04,68.7,49.3,58.3,0.0,0.0,0.0,12.5,23.0,3,66.3,48.3,36.0,28.8,0.0,0.0,12.8,21.5,55.48571428571428,0.0,11,309,67.5,0,0.0
2020-11-05,67.5,47.9,56.3,0.0,0.0,0.0,7.6,14.8,3,68.7,54.8,49.3,25.3,0.0,0.0,12.5,15.5,58.957142857142856,0.0,11,310,70.6,0,0.0
2020-11-06,70.6,46.1,57.8,0.0,0.0,0.0,11.0,19.9,2,67.5,66.3,47.9,36.0,0.0,0.0,7.6,12.8,62.51428571428571,0.0,11,311,68.5,0,0.0
2020-11-07,68.5,53.0,60.2,0.0,0.0,0.0,15.0,27.3,0,70.6,68.7,46.1,49.3,0.0,0.0,11.0,12.5,63.528571428571425,0.0,11,312,72.2,0,0.0
2020-11-08,72.2,58.8,64.8,0.0,0.0,0.0,17.3,30.9,2,68.5,67.5,53.0,47.9,0.0,0.0,15.0,7.6,66.94285714285715,0.0,11,313,72.9,0,0.0
2020-11-09,72.9,64.1,67.6,0.004,0.004,0.0,20.7,37.8,51,72.2,70.6,58.8,46.1,0.0,0.0,17.3,11.0,69.52857142857142,0.004000000000000444,11,314,66.9,0,0.0
2020-11-10,66.9,33.7,54.9,0.965,0.965,0.0,23.9,44.7,63,72.9,68.5,64.1,53.0,0.004,0.0,20.7,15.0,69.61428571428571,0.9690000000000004,11,315,47.5,0,0.0
2020-11-11,47.5,28.1,36.9,0.0,0.0,0.0,13.4,26.4,1,66.9,72.2,33.7,58.8,0.965,0.0,23.9,17.3,66.58571428571429,0.9690000000000004,11,316,53.9,0,0.0
2020-11-12,53.9,31.2,41.1,0.0,0.0,0.0,16.9,31.8,3,47.5,72.9,28.1,64.1,0.0,0.004,13.4,20.7,64.64285714285714,0.9690000000000004,11,317,37.8,0,0.0
2020-11-13,37.8,22.3,29.8,0.0,0.0,0.0,16.6,30.2,0,53.9,66.9,31.2,33.7,0.0,0.965,16.9,23.9,59.95714285714286,0.9690000000000004,11,318,52.5,0,0.0
2020-11-14,52.5,30.6,41.8,0.165,0.165,0.0,17.2,30.6,61,37.8,47.5,22.3,28.1,0.0,0.0,16.6,13.4,57.67142857142858,1.1340000000000003,11,319,52.8,0,0.0
2020-11-15,52.8,35.4,41.0,0.051,0.051,0.0,28.4,49.4,51,52.5,53.9,30.6,31.2,0.165,0.0,17.2,16.9,54.89999999999999,1.1850000000000005,11,320,52.9,0,0.0
2020-11-16,52.9,27.7,39.7,0.0,0.0,0.0,18.9,33.1,1,52.8,37.8,35.4,22.3,0.051,0.0,28.4,16.6,52.042857142857144,1.1810000000000005,11,321,41.3,0,0.0
2020-11-17,41.3,25.6,33.5,0.0,0.0,0.0,12.9,24.4,3,52.9,52.5,27.7,30.6,0.0,0.165,18.9,17.2,48.38571428571428,0.21600000000000044,11,322,53.8,0,0.0
2020-11-18,53.8,33.3,43.9,0.0,0.0,0.0,18.7,33.3,3,41.3,52.8,25.6,35.4,0.0,0.051,12.9,28.4,49.28571428571428,0.21600000000000044,11,323,66.2,0,0.0
2020-11-19,66.2,53.6,58.7,0.0,0.0,0.0,19.2,34.2,3,53.8,52.9,33.3,27.7,0.0,0.0,18.7,18.9,51.04285714285714,0.21600000000000044,11,324,56.1,0,0.0
2020-11-20,56.1,40.6,48.0,0.0,0.0,0.0,11.0,20.4,3,66.2,41.3,53.6,25.6,0.0,0.0,19.2,12.9,53.65714285714285,0.21600000000000044,11,325,44.1,0,0.0
2020-11-21,44.1,33.2,39.0,0.0,0.0,0.0,6.7,12.1,3,56.1,53.8,40.6,33.3,0.0,0.0,11.0,18.7,52.457142857142856,0.05100000000000044,11,326,49.3,0,0.0
2020-11-22,49.3,32.4,39.7,0.0,0.0,0.0,14.1,25.7,3,44.1,66.2,33.2,53.6,0.0,0.0,6.7,19.2,51.95714285714286,0.0,11,327,37.6,0,0.0
2020-11-23,37.6,28.6,34.1,0.0,0.0,0.0,10.1,17.0,3,49.3,56.1,32.4,40.6,0.0,0.0,14.1,11.0,49.771428571428565,0.0,11,328,44.7,0,0.0
2020-11-24,44.7,33.9,40.1,0.61,0.504,0.744,15.2,26.6,73,37.6,44.1,28.6,33.2,0.0,0.0,10.1,6.7,50.25714285714286,0.6100000000000004,11,329,44.8,0,0.0
2020-11-25,44.8,40.5,43.4,0.571,0.571,0.0,11.9,20.8,63,44.7,49.3,33.9,32.4,0.61,0.0,15.2,14.1,48.971428571428575,1.1810000000000005,11,330,50.3,0,0.0
2020-11-26,50.3,34.2,40.5,0.0,0.0,0.0,12.2,23.3,3,44.8,37.6,40.5,28.6,0.571,0.0,11.9,10.1,46.7,1.1810000000000005,11,331,44.8,0,0.0
2020-11-27,44.8,28.3,35.4,0.0,0.0,0.0,13.2,23.9,3,50.3,44.7,34.2,33.9,0.0,0.61,12.2,15.2,45.08571428571429,1.1810000000000005,11,332,50.9,0,0.0
2020-11-28,50.9,28.5,39.8,0.0,0.0,0.0,12.7,23.5,0,44.8,44.8,28.3,40.5,0.0,0.571,13.2,11.9,46.05714285714286,1.1810000000000005,11,333,43.2,0,0.0
2020-11-29,43.2,32.3,37.7,0.0,0.0,0.0,20.3,36.0,3,50.9,50.3,28.5,34.2,0.0,0.0,12.7,12.2,45.18571428571429,1.1810000000000005,11,334,31.9,0,0.0
2020-11-30,31.9,22.5,26.9,0.0,0.0,0.0,16.8,29.5,3,43.2,44.8,32.3,28.3,0.0,0.0,20.3,13.2,44.371428571428574,1.1810000000000005,11,335,36.5,0,0.0
2020-12-01,36.5,16.8,26.1,0.0,0.0,0.0,5.3,11.0,3,31.9,50.9,22.5,28.5,0.0,0.0,16.8,12.7,43.2,0.5710000000000004,12,336,42.9,0,0.0
2020-12-02,42.9,17.8,29.8,0.0,0.0,0.0,5.6,8.7,3,36.5,43.2,16.8,32.3,0.0,0.0,5.3,20.3,42.92857142857143,0.0,12,337,42.9,0,0.0
2020-12-03,42.9,23.2,31.2,0.0,0.0,0.0,9.8,19.0,3,42.9,31.9,17.8,22.5,0.0,0.0,5.6,16.8,41.87142857142857,0.0,12,338,45.6,0,0.0
2020-12-04,45.6,28.0,34.3,0.0,0.0,0.0,9.5,16.6,1,42.9,36.5,23.2,16.8,0.0,0.0,9.8,5.3,41.98571428571428,0.0,12,339,43.2,0,0.0
2020-12-05,43.2,24.5,32.9,0.0,0.0,0.0,5.3,13.0,2,45.6,42.9,28.0,17.8,0.0,0.0,9.5,5.6,40.885714285714286,0.0,12,340,40.6,0,0.0
2020-12-06,40.6,27.0,33.8,0.004,0.004,0.0,7.0,11.9,51,43.2,42.9,24.5,23.2,0.0,0.0,5.3,9.8,40.51428571428572,0.004000000000000444,12,341,39.4,0,0.0
2020-12-07,39.4,26.1,32.8,0.0,0.0,0.0,6.8,11.6,3,40.6,45.6,27.0,28.0,0.004,0.0,7.0,9.5,41.58571428571429,0.004000000000000444,12,342,44.8,0,0.0
2020-12-08,44.8,29.1,35.7,0.0,0.0,0.0,10.9,21.5,3,39.4,43.2,26.1,24.5,0.0,0.0,6.8,5.3,42.771428571428565,0.004000000000000444,12,343,50.4,0,0.0
2020-12-09,50.4,31.9,38.8,0.0,0.0,0.0,8.3,14.1,3,44.8,40.6,29.1,27.0,0.0,0.004,10.9,7.0,43.84285714285715,0.004000000000000444,12,344,53.2,0,0.0
2020-12-10,53.2,30.2,39.1,0.0,0.0,0.0,8.7,15.7,3,50.4,39.4,31.9,26.1,0.0,0.0,8.3,6.8,45.31428571428571,0.004000000000000444,12,345,39.8,0,0.0
2020-12-11,39.8,34.6,38.1,0.52,0.449,0.496,18.7,32.9,73,53.2,44.8,30.2,29.1,0.0,0.0,8.7,10.9,44.48571428571429,0.5240000000000005,12,346,35.2,0,0.0
2020-12-12,35.2,26.8,32.5,0.535,0.11,2.976,17.4,32.2,75,39.8,50.4,34.6,31.9,0.52,0.0,18.7,8.3,43.34285714285714,1.0590000000000006,12,347,30.6,0,0.0
2020-12-13,30.6,16.3,24.0,0.0,0.0,0.0,9.8,17.9,3,35.2,53.2,26.8,30.2,0.535,0.0,17.4,8.7,41.91428571428572,1.0550000000000006,12,348,23.6,0,0.0
2020-12-14,23.6,17.4,21.3,0.0,0.0,0.0,11.3,20.1,3,30.6,39.8,16.3,34.6,0.0,0.52,9.8,18.7,39.65714285714285,1.0550000000000006,12,349,28.5,0,0.0
2020-12-15,28.5,20.1,23.1,0.0,0.0,0.0,10.3,17.4,3,23.6,35.2,17.4,26.8,0.0,0.535,11.3,17.4,37.32857142857143,1.0550000000000006,12,350,29.3,0,0.0
2020-12-16,29.3,19.0,23.2,0.0,0.0,0.0,8.4,15.4,3,28.5,30.6,20.1,16.3,0.0,0.0,10.3,9.8,34.31428571428571,1.0550000000000006,12,351,33.0,0,0.0
2020-12-17,33.0,17.0,24.4,0.0,0.0,0.0,7.7,13.2,3,29.3,23.6,19.0,17.4,0.0,0.0,8.4,11.3,31.428571428571427,1.0550000000000006,12,352,41.4,0,0.0
2020-12-18,41.4,24.5,32.2,0.0,0.0,0.0,15.4,26.2,3,33.0,28.5,17.0,20.1,0.0,0.0,7.7,10.3,31.657142857142855,0.5350000000000005,12,353,37.5,0,0.0
2020-12-19,37.5,28.0,32.8,0.0,0.0,0.0,11.6,21.5,3,41.4,29.3,24.5,19.0,0.0,0.0,15.4,8.4,31.985714285714288,0.0,12,354,36.9,0,0.0
2020-12-20,36.9,23.0,29.5,0.0,0.0,0.0,8.6,17.7,3,37.5,33.0,28.0,17.0,0.0,0.0,11.6,7.7,32.885714285714286,0.0,12,355,46.0,0,0.0
2020-12-21,46.0,32.6,38.7,0.035,0.016,0.138,21.4,37.6,73,36.9,41.4,23.0,24.5,0.0,0.0,8.6,15.4,36.08571428571428,0.03500000000000045,12,356,46.0,0,0.0
2020-12-22,46.0,23.0,34.2,0.0,0.0,0.0,19.9,33.8,3,46.0,37.5,32.6,28.0,0.035,0.0,21.4,11.6,38.58571428571429,0.03500000000000045,12,357,56.9,0,0.0
2020-12-23,56.9,17.5,41.2,0.008,0.004,0.028,27.4,49.4,71,46.0,36.9,23.0,23.0,0.0,0.0,19.9,8.6,42.528571428571425,0.04300000000000045,12,358,17.1,0,0.0
2020-12-24,17.1,6.5,11.3,0.008,0.0,0.055,23.4,41.4,71,56.9,46.0,17.5,32.6,0.008,0.035,27.4,21.4,40.25714285714286,0.05100000000000045,12,359,25.2,0,0.0
2020-12-25,25.2,4.5,14.3,0.0,0.0,0.0,13.3,24.6,2,17.1,46.0,6.5,23.0,0.008,0.0,23.4,19.9,37.94285714285714,0.05100000000000045,12,360,35.8,0,0.0
2020-12-26,35.8,18.7,26.2,0.0,0.0,0.0,8.4,14.1,3,25.2,56.9,4.5,17.5,0.0,0.008,13.3,27.4,37.699999999999996,0.05100000000000045,12,361,40.9,0,0.0
2020-12-27,40.9,25.6,30.3,0.016,0.0,0.11,13.7,23.7,71,35.8,17.1,18.7,6.5,0.0,0.008,8.4,23.4,38.271428571428565,0.06700000000000045,12,362,30.2,0,0.0
2020-12-28,30.2,17.9,24.5,0.0,0.0,0.0,14.6,26.2,3,40.9,25.2,25.6,4.5,0.016,0.0,13.7,13.3,36.01428571428571,0.032000000000000445,12,363,30.6,0,0.0
2020-12-29,30.6,17.1,23.5,0.854,0.083,5.402,18.3,33.1,75,30.2,35.8,17.9,18.7,0.0,0.0,14.6,8.4,33.81428571428571,0.8860000000000005,12,364,32.7,0,0.0
2020-12-30,32.7,20.4,26.5,0.043,0.031,0.083,17.7,30.0,71,30.6,40.9,17.1,25.6,0.854,0.016,18.3,13.7,30.357142857142858,0.9210000000000005,12,365,23.9,0,0.0
2020-12-31,23.9,16.2,19.3,0.0,0.0,0.0,8.3,13.4,3,32.7,30.2,20.4,17.9,0.043,0.0,17.7,14.6,31.32857142857143,0.9130000000000005,12,366,27.9,0,0.0
2021-01-01,27.9,14.2,21.6,0.201,0.0,1.406,14.4,23.9,73,23.9,30.6,16.2,17.1,0.0,0.854,8.3,18.3,31.714285714285715,1.1140000000000003,1,1,20.8,0,0.0
2021-01-02,20.8,9.8,14.7,0.0,0.0,0.0,9.9,17.7,3,27.9,32.7,14.2,20.4,0.201,0.043,14.4,17.7,29.571428571428573,1.1140000000000003,1,2,21.1,0,0.0
2021-01-03,21.1,3.0,12.9,0.0,0.0,0.0,7.6,12.3,3,20.8,23.9,9.8,16.2,0.0,0.0,9.9,8.3,26.74285714285714,1.0980000000000003,1,3,30.0,0,0.0
2021-01-04,30.0,11.9,21.7,0.004,0.0,0.028,8.5,13.4,71,21.1,27.9,3.0,14.2,0.0,0.201,7.6,14.4,26.714285714285715,1.1020000000000003,1,4,25.7,0,0.0
2021-01-05,25.7,12.4,19.4,0.0,0.0,0.0,8.7,13.9,3,30.0,20.8,11.9,9.8,0.004,0.0,8.5,9.9,26.014285714285716,0.24800000000000044,1,5,27.0,0,0.0
2021-01-06,27.0,17.5,23.7,0.0,0.0,0.0,11.6,19.0,3,25.7,21.1,12.4,3.0,0.0,0.0,8.7,7.6,25.2,0.20500000000000046,1,6,30.8,0,0.0
2021-01-07,30.8,24.9,28.0,0.0,0.0,0.0,10.5,17.7,3,27.0,30.0,17.5,11.9,0.0,0.004,11.6,8.5,26.185714285714283,0.20500000000000046,1,7,27.7,0,0.0
2021-01-08,27.7,20.4,24.7,0.0,0.0,0.0,9.0,14.8,3,30.8,25.7,24.9,12.4,0.0,0.0,10.5,8.7,26.157142857142855,0.004000000000000444,1,8,25.3,0,0.0
2021-01-09,25.3,17.2,21.6,0.0,0.0,0.0,6.1,10.1,3,27.7,27.0,20.4,17.5,0.0,0.0,9.0,11.6,26.8,0.004000000000000444,1,9,24.6,0,0.0
2021-01-10,24.6,16.7,21.3,0.0,0.0,0.0,7.1,12.8,3,25.3,30.8,17.2,24.9,0.0,0.0,6.1,10.5,27.300000000000004,0.004000000000000444,1,10,32.8,0,0.0
2021-01-11,32.8,22.5,27.8,0.0,0.0,0.0,15.0,24.4,3,24.6,27.7,16.7,20.4,0.0,0.0,7.1,9.0,27.7,0.0,1,11,32.6,0,0.0
2021-01-12,32.6,20.8,29.1,0.0,0.0,0.0,11.7,20.4,3,32.8,25.3,22.5,17.2,0.0,0.0,15.0,6.1,28.685714285714283,0.0,1,12,36.0,0,0.0
2021-01-13,36.0,30.5,32.9,0.004,0.004,0.0,8.9,14.5,51,32.6,24.6,20.8,16.7,0.0,0.0,11.7,7.1,29.971428571428568,0.004000000000000444,1,13,36.5,0,0.0
2021-01-14,36.5,26.8,32.4,0.197,0.059,0.965,15.2,25.5,73,36.0,32.8,30.5,22.5,0.004,0.0,8.9,15.0,30.785714285714285,0.20100000000000046,1,14,32.9,0,0.0
2021-01-15,32.9,27.2,30.6,0.13,0.0,0.909,13.7,24.6,73,36.5,32.6,26.8,20.8,0.197,0.0,15.2,11.7,31.52857142857143,0.33100000000000046,1,15,33.3,0,0.0
2021-01-16,33.3,25.6,30.6,0.035,0.016,0.138,15.7,26.4,71,32.9,36.0,27.2,30.5,0.13,0.004,13.7,8.9,32.67142857142857,0.36600000000000044,1,16,26.1,0,0.0
2021-01-17,26.1,22.6,24.5,0.106,0.0,0.744,10.6,17.4,73,33.3,36.5,25.6,26.8,0.035,0.197,15.7,15.2,32.885714285714286,0.4720000000000005,1,17,27.6,0,0.0
2021-01-18,27.6,13.5,23.7,0.0,0.0,0.0,9.4,15.9,3,26.1,32.9,22.6,27.2,0.106,0.13,10.6,13.7,32.142857142857146,0.4720000000000005,1,18,33.0,0,0.0
2021-01-19,33.0,6.0,21.1,0.012,0.0,0.11,24.1,43.2,71,27.6,33.3,13.5,25.6,0.0,0.035,9.4,15.7,32.2,0.4840000000000005,1,19,37.3,0,0.0
2021-01-20,37.3,-0.0,20.9,0.0,0.0,0.0,18.3,30.4,3,33.0,26.1,6.0,22.6,0.012,0.106,24.1,10.6,32.385714285714286,0.4800000000000005,1,20,36.4,0,0.0
2021-01-21,36.4,26.9,31.6,0.0,0.0,0.0,16.3,27.7,2,37.3,27.6,-0.0,13.5,0.0,0.0,18.3,9.4,32.371428571428574,0.2830000000000005,1,21,25.1,0,0.0
2021-01-22,25.1,7.8,13.2,0.0,0.0,0.0,16.3,28.2,0,36.4,33.0,26.9,6.0,0.0,0.012,16.3,24.1,31.25714285714286,0.15300000000000044,1,22,25.9,0,0.0
2021-01-23,25.9,-5.1,12.7,0.024,0.004,0.138,11.2,19.0,71,25.1,37.3,7.8,-0.0,0.0,0.0,16.3,18.3,30.199999999999996,0.14200000000000043,1,23,30.9,0,0.0
2021-01-24,30.9,26.2,28.0,0.071,0.0,0.496,12.0,21.3,73,25.9,36.4,-5.1,26.9,0.024,0.0,11.2,16.3,30.885714285714283,0.10700000000000044,1,24,27.1,0,0.0
2021-01-25,27.1,22.5,25.1,0.315,0.0,2.205,20.9,34.9,75,30.9,25.1,26.2,7.8,0.071,0.0,12.0,16.3,30.814285714285713,0.42200000000000043,1,25,24.5,0,0.0
2021-01-26,24.5,14.2,21.2,0.272,0.0,1.902,17.3,28.0,75,27.1,25.9,22.5,-5.1,0.315,0.024,20.9,11.2,29.599999999999998,0.6820000000000004,1,26,17.1,0,0.0
2021-01-27,17.1,7.5,12.4,0.0,0.0,0.0,11.4,18.3,3,24.5,30.9,14.2,26.2,0.272,0.071,17.3,12.0,26.714285714285715,0.6820000000000004,1,27,16.4,0,0.0
2021-01-28,16.4,-2.9,7.5,0.0,0.0,0.0,10.1,15.9,1,17.1,27.1,7.5,22.5,0.0,0.315,11.4,20.9,23.857142857142858,0.6820000000000004,1,28,27.7,0,0.0
2021-01-29,27.7,14.4,21.0,0.0,0.0,0.0,15.0,23.9,3,16.4,24.5,-2.9,14.2,0.0,0.272,10.1,17.3,24.228571428571428,0.6820000000000004,1,29,34.3,0,0.0
2021-01-30,34.3,26.7,30.6,0.559,0.213,2.425,15.9,25.9,75,27.7,17.1,14.4,7.5,0.0,0.0,15.0,11.4,25.428571428571427,1.2170000000000005,1,30,32.9,0,0.0
2021-01-31,32.9,29.3,31.0,0.24,0.004,1.654,19.3,28.9,73,34.3,16.4,26.7,-2.9,0.559,0.0,15.9,10.1,25.714285714285715,1.3860000000000006,1,31,29.6,0,0.0
2021-02-01,29.6,20.2,27.2,0.0,0.0,0.0,15.8,24.4,3,32.9,27.7,29.3,14.4,0.24,0.0,19.3,15.0,26.071428571428573,1.0710000000000006,2,32,23.5,0,0.0
2021-02-02,23.5,8.4,16.5,0.0,0.0,0.0,10.3,16.3,3,29.6,34.3,20.2,26.7,0.0,0.559,15.8,15.9,25.928571428571427,0.7990000000000006,2,33,33.7,0,0.0
2021-02-03,33.7,15.2,23.9,0.0,0.0,0.0,16.8,25.7,3,23.5,32.9,8.4,29.3,0.0,0.24,10.3,19.3,28.299999999999994,0.7990000000000006,2,34,35.6,0,0.0
2021-02-04,35.6,12.9,28.1,0.531,0.256,1.929,32.2,45.9,75,33.7,29.6,15.2,20.2,0.0,0.0,16.8,15.8,31.042857142857144,1.3300000000000005,2,35,12.7,0,0.0
2021-02-05,12.7,6.5,9.7,0.0,0.0,0.0,24.4,36.2,2,35.6,23.5,12.9,8.4,0.531,0.0,32.2,10.3,28.9,1.3300000000000005,2,36,5.8,0,0.0
2021-02-06,5.8,-4.5,3.1,0.087,0.0,0.606,16.6,24.4,73,12.7,33.7,6.5,15.2,0.0,0.0,24.4,16.8,24.82857142857143,0.8580000000000004,2,37,-4.6,0,0.0
2021-02-07,-4.6,-14.1,-8.5,0.008,0.0,0.055,12.7,17.4,71,5.8,35.6,-4.5,12.9,0.087,0.531,16.6,32.2,19.47142857142857,0.6260000000000004,2,38,3.2,0,0.0
2021-02-08,3.2,-6.5,-2.0,0.063,0.004,0.413,8.8,13.0,71,-4.6,12.7,-14.1,6.5,0.008,0.0,12.7,24.4,15.700000000000001,0.6890000000000005,2,39,1.7,0,0.0
2021-02-09,1.7,-10.8,-4.8,0.0,0.0,0.0,10.8,15.2,3,3.2,5.8,-6.5,-4.5,0.063,0.087,8.8,16.6,12.585714285714287,0.6890000000000005,2,40,9.0,0,0.0
2021-02-10,9.0,-3.5,3.7,0.02,0.004,0.11,12.5,17.9,71,1.7,-4.6,-10.8,-14.1,0.0,0.008,10.8,12.7,9.057142857142857,0.7090000000000005,2,41,5.1,0,0.0
2021-02-11,5.1,-3.8,1.8,0.02,0.0,0.138,13.7,20.6,71,9.0,3.2,-3.5,-6.5,0.02,0.063,12.5,8.8,4.7,0.19800000000000045,2,42,1.9,0,0.0
2021-02-12,1.9,-5.9,-3.4,0.02,0.0,0.138,19.7,28.4,71,5.1,1.7,-3.8,-10.8,0.02,0.0,13.7,10.8,3.157142857142857,0.21800000000000044,2,43,-1.1,0,0.0
2021-02-13,-1.1,-7.3,-4.3,0.039,0.0,0.303,18.7,26.6,71,1.9,9.0,-5.9,-3.5,0.02,0.02,19.7,12.5,2.1714285714285713,0.17000000000000046,2,44,-6.1,0,0.0
2021-02-14,-6.1,-11.2,-7.9,0.035,0.0,0.248,18.0,26.4,71,-1.1,5.1,-7.3,-3.8,0.039,0.02,18.7,13.7,1.957142857142857,0.19700000000000045,2,45,1.5,0,0.0
2021-02-15,1.5,-9.8,-4.2,0.075,0.004,0.496,17.1,25.7,73,-6.1,1.9,-11.2,-5.9,0.035,0.02,18.0,19.7,1.7142857142857142,0.20900000000000046,2,46,4.5,0,0.0
2021-02-16,4.5,-9.3,-1.2,0.024,0.0,0.165,12.1,17.0,71,1.5,-1.1,-9.8,-7.3,0.075,0.039,17.1,18.7,2.1142857142857143,0.23300000000000046,2,47,8.2,0,0.0
2021-02-17,8.2,-13.3,-2.2,0.016,0.004,0.083,8.9,12.5,71,4.5,-6.1,-9.3,-11.2,0.024,0.035,12.1,18.0,2.0,0.22900000000000045,2,48,14.1,0,0.0
2021-02-18,14.1,-1.1,6.4,0.0,0.0,0.0,8.6,12.3,3,8.2,1.5,-13.3,-9.8,0.016,0.075,8.9,17.1,3.2857142857142856,0.20900000000000044,2,49,16.3,0,0.0
2021-02-19,16.3,-0.0,9.6,0.012,0.0,0.083,11.4,15.9,71,14.1,4.5,-1.1,-9.3,0.0,0.024,8.6,12.1,5.342857142857143,0.20100000000000046,2,50,28.3,0,0.0
2021-02-20,28.3,4.4,16.7,0.0,0.0,0.0,13.6,18.8,3,16.3,8.2,-0.0,-13.3,0.012,0.016,11.4,8.9,9.542857142857144,0.16200000000000045,2,51,32.9,0,0.0
2021-02-21,32.9,19.9,26.7,0.264,0.016,1.736,19.5,27.5,75,28.3,14.1,4.4,-1.1,0.0,0.0,13.6,8.6,15.114285714285714,0.39100000000000046,2,52,35.8,0,0.0
2021-02-22,35.8,20.7,28.9,0.0,0.0,0.0,21.9,31.1,3,32.9,16.3,19.9,-0.0,0.264,0.012,19.5,11.4,20.014285714285712,0.31600000000000045,2,53,40.5,0,0.0
2021-02-23,40.5,31.4,37.0,0.004,0.004,0.0,23.8,33.3,51,35.8,28.3,20.7,4.4,0.0,0.0,21.9,13.6,25.157142857142855,0.2960000000000005,2,54,39.3,0,0.0
2021-02-24,39.3,25.8,34.2,0.0,0.0,0.0,20.4,29.1,3,40.5,32.9,31.4,19.9,0.004,0.264,23.8,19.5,29.599999999999998,0.28000000000000047,2,55,34.3,0,0.0
2021-02-25,34.3,13.6,23.9,0.0,0.0,0.0,12.1,19.2,3,39.3,35.8,25.8,20.7,0.0,0.0,20.4,21.9,32.48571428571429,0.28000000000000047,2,56,40.3,0,0.0
2021-02-26,40.3,15.0,29.8,0.0,0.0,0.0,11.5,18.1,3,34.3,40.5,13.6,31.4,0.0,0.004,12.1,23.8,35.91428571428571,0.26800000000000046,2,57,40.2,0,0.0
2021-02-27,40.2,28.0,35.3,0.0,0.0,0.0,14.6,23.3,3,40.3,39.3,15.0,25.8,0.0,0.0,11.5,20.4,37.61428571428571,0.26800000000000046,2,58,40.1,0,0.0
2021-02-28,40.1,23.2,36.1,0.0,0.0,0.0,21.0,36.0,3,40.2,34.3,28.0,13.6,0.0,0.0,14.6,12.1,38.642857142857146,0.004000000000000444,2,59,29.6,0,0.0
2021-03-01,29.6,10.4,20.3,0.0,0.0,0.0,11.8,21.0,3,40.1,40.3,23.2,15.0,0.0,0.0,21.0,11.5,37.75714285714286,0.004000000000000444,3,60,45.7,0,0.0
2021-03-02,45.7,8.3,29.4,0.0,0.0,0.0,11.6,20.4,0,29.6,40.2,10.4,28.0,0.0,0.0,11.8,14.6,38.5,0.0,3,61,50.1,0,0.0
2021-03-03,50.1,28.0,37.9,0.0,0.0,0.0,11.6,19.5,3,45.7,40.1,8.3,23.2,0.0,0.0,11.6,21.0,40.042857142857144,0.0,3,62,46.1,0,0.0
2021-03-04,46.1,26.4,34.3,0.0,0.0,0.0,11.9,23.3,3,50.1,29.6,28.0,10.4,0.0,0.0,11.6,11.8,41.728571428571435,0.0,3,63,44.8,0,0.0
2021-03-05,44.8,24.4,33.1,0.0,0.0,0.0,8.1,14.3,3,46.1,45.7,26.4,8.3,0.0,0.0,11.9,11.6,42.371428571428574,0.0,3,64,52.4,0,0.0
2021-03-06,52.4,28.2,38.9,0.0,0.0,0.0,7.9,13.2,3,44.8,50.1,24.4,28.0,0.0,0.0,8.1,11.6,44.114285714285714,0.0,3,65,62.2,0,0.0
2021-03-07,62.2,32.0,45.8,0.0,0.0,0.0,16.6,30.2,3,52.4,46.1,28.2,26.4,0.0,0.0,7.9,11.9,47.271428571428565,0.0,3,66,63.1,0,0.0
2021-03-08,63.1,47.1,53.7,0.0,0.0,0.0,12.4,21.3,3,62.2,44.8,32.0,24.4,0.0,0.0,16.6,8.1,52.057142857142864,0.0,3,67,66.0,0,0.0
2021-03-09,66.0,46.7,56.9,0.0,0.0,0.0,19.2,34.0,3,63.1,52.4,47.1,28.2,0.0,0.0,12.4,7.9,54.95714285714286,0.0,3,68,68.8,0,0.0
2021-03-10,68.8,54.1,62.0,0.323,0.323,0.0,25.3,48.8,63,66.0,62.2,46.7,32.0,0.0,0.0,19.2,16.6,57.628571428571426,0.32300000000000045,3,69,53.2,0,0.0
2021-03-11,53.2,35.6,43.5,0.0,0.0,0.0,15.0,27.7,2,68.8,63.1,54.1,47.1,0.323,0.0,25.3,12.4,58.642857142857146,0.32300000000000045,3,70,51.6,0,0.0
2021-03-12,51.6,30.8,40.9,0.0,0.0,0.0,6.3,14.3,3,53.2,66.0,35.6,46.7,0.0,0.0,15.0,19.2,59.614285714285714,0.32300000000000045,3,71,56.8,0,0.0
2021-03-13,56.8,32.0,43.7,0.0,0.0,0.0,7.2,15.9,3,51.6,68.8,30.8,54.1,0.0,0.323,6.3,25.3,60.24285714285714,0.32300000000000045,3,72,47.8,0,0.0
2021-03-14,47.8,38.5,44.6,0.035,0.02,0.11,22.1,38.3,73,56.8,53.2,32.0,35.6,0.0,0.0,7.2,15.0,58.18571428571429,0.35800000000000043,3,73,37.6,0,0.0
2021-03-15,37.6,31.4,34.0,0.677,0.366,2.177,22.8,39.6,75,47.8,51.6,38.5,30.8,0.035,0.0,22.1,6.3,54.54285714285714,1.0350000000000006,3,74,44.9,0,0.0
2021-03-16,44.9,30.7,36.0,0.0,0.0,0.0,8.5,15.0,3,37.6,56.8,31.4,32.0,0.677,0.0,22.8,7.2,51.528571428571425,1.0350000000000006,3,75,40.4,0,0.0
2021-03-17,40.4,35.0,36.6,0.315,0.315,0.0,16.3,28.0,61,44.9,47.8,30.7,38.5,0.0,0.035,8.5,22.1,47.47142857142857,1.0270000000000006,3,76,51.3,0,0.0
2021-03-18,51.3,35.8,42.0,0.008,0.008,0.0,22.9,41.4,51,40.4,37.6,35.0,31.4,0.315,0.677,16.3,22.8,47.199999999999996,1.0350000000000006,3,77,50.0,0,0.0
2021-03-19,50.0,27.1,37.9,0.0,0.0,0.0,10.6,19.2,3,51.3,44.9,35.8,30.7,0.008,0.0,22.9,8.5,46.971428571428575,1.0350000000000006,3,78,55.8,0,0.0
2021-03-20,55.8,28.5,41.6,0.0,0.0,0.0,12.7,23.0,2,50.0,40.4,27.1,35.0,0.0,0.315,10.6,16.3,46.82857142857143,1.0350000000000006,3,79,61.7,0,0.0
2021-03-21,61.7,40.4,50.6,0.0,0.0,0.0,20.3,36.5,3,55.8,51.3,28.5,35.8,0.0,0.008,12.7,22.9,48.81428571428571,1.0000000000000004,3,80,56.7,0,0.0
2021-03-22,56.7,48.3,52.6,0.024,0.024,0.0,12.9,21.9,51,61.7,50.0,40.4,27.1,0.0,0.0,20.3,10.6,51.542857142857144,0.3470000000000004,3,81,56.7,0,0.0
2021-03-23,56.7,48.4,51.8,0.693,0.693,0.0,17.0,30.0,63,56.7,55.8,48.3,28.5,0.024,0.0,12.9,12.7,53.228571428571435,1.0400000000000005,3,82,55.6,0,0.0
2021-03-24,55.6,43.8,49.8,0.016,0.016,0.0,18.2,33.6,51,56.7,61.7,48.4,40.4,0.693,0.0,17.0,20.3,55.4,0.7410000000000004,3,83,49.0,0,0.0
2021-03-25,49.0,37.4,43.9,0.307,0.307,0.0,8.7,18.3,61,55.6,56.7,43.8,48.3,0.016,0.024,18.2,12.9,55.07142857142857,1.0400000000000005,3,84,50.8,0,0.0
2021-03-26,50.8,38.9,45.1,0.016,0.016,0.0,7.6,13.0,51,49.0,56.7,37.4,48.4,0.307,0.693,8.7,17.0,55.18571428571429,1.0560000000000005,3,85,62.0,0,0.0
2021-03-27,62.0,43.8,50.6,0.374,0.374,0.0,19.7,34.2,63,50.8,55.6,38.9,43.8,0.016,0.016,7.6,18.2,56.07142857142857,1.4300000000000004,3,86,47.1,0,0.0
2021-03-28,47.1,33.3,40.7,0.0,0.0,0.0,18.2,34.0,3,62.0,49.0,43.8,37.4,0.374,0.307,19.7,8.7,53.98571428571428,1.4300000000000004,3,87,67.6,0,0.0
2021-03-29,67.6,34.1,51.9,0.0,0.0,0.0,23.9,41.8,3,47.1,50.8,33.3,38.9,0.0,0.016,18.2,7.6,55.542857142857144,1.4060000000000004,3,88,58.2,0,0.0
2021-03-30,58.2,39.7,50.1,0.0,0.0,0.0,19.7,34.0,3,67.6,62.0,34.1,43.8,0.0,0.374,23.9,19.7,55.75714285714286,0.7130000000000005,3,89,39.4,0,0.0
2021-03-31,39.4,29.0,34.7,0.0,0.0,0.0,17.3,33.1,3,58.2,47.1,39.7,33.3,0.0,0.0,19.7,18.2,53.44285714285714,0.6970000000000005,3,90,41.2,0,0.0
2021-04-01,41.2,22.6,31.7,0.0,0.0,0.0,10.3,18.8,0,39.4,67.6,29.0,34.1,0.0,0.0,17.3,23.9,52.32857142857143,0.39000000000000046,4,91,52.6,0,0.0
2021-04-02,52.6,27.9,40.3,0.0,0.0,0.0,18.7,34.0,0,41.2,58.2,22.6,39.7,0.0,0.0,10.3,19.7,52.58571428571429,0.37400000000000044,4,92,67.3,0,0.0
2021-04-03,67.3,44.5,54.5,0.0,0.0,0.0,14.1,26.4,3,52.6,39.4,27.9,29.0,0.0,0.0,18.7,17.3,53.34285714285714,0.0,4,93,72.9,0,0.0
2021-04-04,72.9,40.2,58.3,0.0,0.0,0.0,14.8,27.1,3,67.3,41.2,44.5,22.6,0.0,0.0,14.1,10.3,57.028571428571425,0.0,4,94,74.1,0,0.0
2021-04-05,74.1,56.3,64.8,0.008,0.008,0.0,16.5,29.5,51,72.9,52.6,40.2,27.9,0.0,0.0,14.8,18.7,57.957142857142856,0.008000000000000444,4,95,75.7,0,0.0
2021-04-06,75.7,58.2,66.8,0.0,0.0,0.0,13.9,25.5,3,74.1,67.3,56.3,44.5,0.008,0.0,16.5,14.1,60.45714285714286,0.008000000000000444,4,96,72.2,0,0.0
2021-04-07,72.2,59.2,64.8,0.945,0.945,0.0,18.3,32.9,65,75.7,72.9,58.2,40.2,0.0,0.0,13.9,14.8,65.14285714285714,0.9530000000000004,4,97,60.3,0,0.0
2021-04-08,60.3,47.6,52.3,0.228,0.228,0.0,13.7,24.8,63,72.2,74.1,59.2,56.3,0.945,0.008,18.3,16.5,67.87142857142858,1.1810000000000005,4,98,58.7,0,0.0
2021-04-09,58.7,48.0,52.0,0.122,0.122,0.0,15.9,29.5,55,60.3,75.7,47.6,58.2,0.228,0.0,13.7,13.9,68.74285714285715,1.3030000000000004,4,99,50.3,0,0.0
2021-04-10,50.3,44.0,46.8,1.323,1.323,0.0,20.8,37.4,63,58.7,72.2,48.0,59.2,0.122,0.945,15.9,18.3,66.31428571428572,2.6260000000000003,4,100,62.4,0,0.0
2021-04-11,62.4,43.6,51.6,0.236,0.236,0.0,18.1,33.1,61,50.3,60.3,44.0,47.6,1.323,0.228,20.8,13.7,64.81428571428572,2.862,4,101,57.1,0,0.0
2021-04-12,57.1,42.8,49.4,0.0,0.0,0.0,17.8,32.0,2,62.4,58.7,43.6,48.0,0.236,0.122,18.1,15.9,62.38571428571429,2.854,4,102,53.7,0,0.0
2021-04-13,53.7,38.1,45.4,0.0,0.0,0.0,17.7,31.8,3,57.1,50.3,42.8,44.0,0.0,1.323,17.8,20.8,59.24285714285714,2.854,4,103,48.1,0,0.0
2021-04-14,48.1,32.8,40.5,0.0,0.0,0.0,14.1,25.3,3,53.7,62.4,38.1,43.6,0.0,0.236,17.7,18.1,55.8,1.9090000000000005,4,104,49.7,0,0.0
2021-04-15,49.7,35.4,43.1,0.0,0.0,0.0,11.6,20.4,3,48.1,57.1,32.8,42.8,0.0,0.0,14.1,17.8,54.285714285714285,1.6810000000000003,4,105,56.8,0,0.0
2021-04-16,56.8,39.7,48.9,0.0,0.0,0.0,7.4,13.9,3,49.7,53.7,35.4,38.1,0.0,0.0,11.6,17.7,54.01428571428571,1.5590000000000004,4,106,59.5,0,0.0
2021-04-17,59.5,43.2,50.6,0.0,0.0,0.0,10.2,19.0,3,56.8,48.1,39.7,32.8,0.0,0.0,7.4,14.1,55.32857142857142,0.23600000000000043,4,107,59.1,0,0.0
2021-04-18,59.1,39.7,49.9,0.004,0.004,0.0,11.7,21.7,51,59.5,49.7,43.2,35.4,0.0,0.0,10.2,11.6,54.857142857142854,0.004000000000000444,4,108,48.8,0,0.0
2021-04-19,48.8,37.6,43.2,0.138,0.134,0.028,12.9,25.3,71,59.1,56.8,39.7,39.7,0.004,0.0,11.7,7.4,53.67142857142857,0.14200000000000046,4,109,44.2,0,0.0
2021-04-20,44.2,31.3,38.1,0.008,0.0,0.055,9.8,19.9,71,48.8,59.5,37.6,43.2,0.138,0.0,12.9,10.2,52.31428571428571,0.15000000000000047,4,110,45.6,0,0.0
2021-04-21,45.6,25.9,37.0,0.004,0.0,0.028,13.9,26.2,71,44.2,59.1,31.3,39.7,0.008,0.004,9.8,11.7,51.95714285714286,0.15400000000000047,4,111,56.8,0,0.0
2021-04-22,56.8,32.0,44.6,0.0,0.0,0.0,12.0,24.2,3,45.6,48.8,25.9,37.6,0.004,0.138,13.9,12.9,52.97142857142857,0.15400000000000047,4,112,55.4,0,0.0
2021-04-23,55.4,41.6,48.9,0.016,0.016,0.0,11.9,23.3,51,56.8,44.2,32.0,31.3,0.0,0.008,12.0,9.8,52.77142857142858,0.17000000000000046,4,113,61.0,0,0.0
2021-04-24,61.0,39.6,51.2,0.0,0.0,0.0,15.2,28.0,3,55.4,45.6,41.6,25.9,0.016,0.004,11.9,13.9,52.98571428571429,0.17000000000000046,4,114,52.7,0,0.0
2021-04-25,52.7,35.3,45.4,0.035,0.031,0.028,16.2,29.3,71,61.0,56.8,39.6,32.0,0.0,0.0,15.2,12.0,52.07142857142857,0.20100000000000046,4,115,78.3,0,0.0
2021-04-26,78.3,47.6,62.7,0.0,0.0,0.0,20.8,38.0,3,52.7,55.4,35.3,41.6,0.035,0.016,16.2,11.9,56.285714285714285,0.06300000000000044,4,116,81.4,0,0.0
2021-04-27,81.4,61.8,71.5,0.0,0.0,0.0,17.2,30.0,3,78.3,61.0,47.6,39.6,0.0,0.0,20.8,15.2,61.6,0.055000000000000444,4,117,71.8,0,0.0
2021-04-28,71.8,53.8,63.4,0.02,0.02,0.0,11.9,20.1,51,81.4,52.7,61.8,35.3,0.0,0.035,17.2,16.2,65.34285714285714,0.07100000000000045,4,118,70.8,0,0.0
2021-04-29,70.8,53.9,61.2,0.031,0.031,0.0,16.9,32.7,51,71.8,78.3,53.8,47.6,0.02,0.0,11.9,20.8,67.34285714285714,0.10200000000000045,4,119,65.0,0,0.0
2021-04-30,65.0,49.1,57.6,0.0,0.0,0.0,11.9,22.6,3,70.8,81.4,53.9,61.8,0.031,0.0,16.9,17.2,68.71428571428571,0.08600000000000045,4,120,81.5,0,0.0
2021-05-01,81.5,53.8,68.1,0.0,0.0,0.0,24.7,44.3,2,65.0,71.8,49.1,53.8,0.0,0.02,11.9,11.9,71.64285714285714,0.08600000000000045,5,121,80.2,0,0.0
2021-05-02,80.2,60.1,70.7,0.028,0.028,0.0,16.9,31.3,51,81.5,70.8,53.8,53.9,0.0,0.031,24.7,16.9,75.57142857142857,0.07900000000000044,5,122,71.7,0,0.0
2021-05-03,71.7,59.1,64.3,0.504,0.504,0.0,14.5,25.9,63,80.2,65.0,60.1,49.1,0.028,0.0,16.9,11.9,74.62857142857142,0.5830000000000004,5,123,63.0,0,0.0
2021-05-04,63.0,50.3,56.1,0.0,0.0,0.0,13.8,27.3,3,71.7,81.5,59.1,53.8,0.504,0.0,14.5,24.7,72.0,0.5830000000000004,5,124,64.1,0,0.0
2021-05-05,64.1,40.5,54.3,0.004,0.004,0.0,7.8,13.2,51,63.0,80.2,50.3,60.1,0.0,0.028,13.8,16.9,70.9,0.5670000000000004,5,125,61.5,0,0.0
2021-05-06,61.5,45.8,54.2,0.012,0.012,0.0,17.9,32.0,51,64.1,71.7,40.5,59.1,0.004,0.504,7.8,14.5,69.57142857142857,0.5480000000000004,5,126,61.1,0,0.0
2021-05-07,61.1,43.5,52.5,0.0,0.0,0.0,12.9,25.9,3,61.5,63.0,45.8,50.3,0.012,0.0,17.9,13.8,69.0142857142857,0.5480000000000004,5,127,57.6,0,0.0
2021-05-08,57.6,38.2,47.8,0.331,0.331,0.0,15.6,27.1,61,61.1,64.1,43.5,40.5,0.0,0.004,12.9,7.8,65.6,0.8790000000000004,5,128,60.6,0,0.0
2021-05-09,60.6,38.6,49.3,0.48,0.48,0.0,19.1,33.3,61,57.6,61.5,38.2,45.8,0.331,0.012,15.6,17.9,62.800000000000004,1.3310000000000004,5,129,61.1,0,0.0
2021-05-10,61.1,45.0,52.6,0.0,0.0,0.0,10.7,19.9,3,60.6,61.1,38.6,43.5,0.48,0.0,19.1,12.9,61.285714285714285,0.8270000000000004,5,130,57.7,0,0.0
2021-05-11,57.7,39.0,49.9,0.0,0.0,0.0,10.0,20.8,3,61.1,57.6,45.0,38.2,0.0,0.331,10.7,15.6,60.52857142857143,0.8270000000000004,5,131,61.0,0,0.0
2021-05-12,61.0,35.3,49.8,0.0,0.0,0.0,6.7,11.2,3,57.7,60.6,39.0,38.6,0.0,0.48,10.0,19.1,60.08571428571429,0.8230000000000004,5,132,64.4,0,0.0
2021-05-13,64.4,40.0,53.6,0.0,0.0,0.0,8.8,15.9,3,61.0,61.1,35.3,45.0,0.0,0.0,6.7,10.7,60.5,0.8110000000000004,5,133,67.3,0,0.0
2021-05-14,67.3,41.7,56.6,0.016,0.016,0.0,13.2,25.9,51,64.4,57.7,40.0,39.0,0.0,0.0,8.8,10.0,61.38571428571429,0.8270000000000004,5,134,66.0,0,0.0
2021-05-15,66.0,50.0,57.8,0.244,0.244,0.0,13.0,23.9,61,67.3,61.0,41.7,35.3,0.016,0.0,13.2,6.7,62.58571428571429,0.7400000000000004,5,135,67.7,0,0.0
2021-05-16,67.7,47.3,58.8,0.161,0.161,0.0,10.3,20.1,61,66.0,64.4,50.0,40.0,0.244,0.0,13.0,8.8,63.6,0.4210000000000005,5,136,68.4,0,0.0
2021-05-17,68.4,56.9,61.6,0.232,0.232,0.0,17.4,32.7,53,67.7,67.3,47.3,41.7,0.161,0.016,10.3,13.2,64.64285714285714,0.6530000000000005,5,137,68.5,0,0.0
2021-05-18,68.5,59.3,63.3,0.291,0.291,0.0,19.7,34.9,61,68.4,66.0,56.9,50.0,0.232,0.244,17.4,13.0,66.18571428571428,0.9440000000000004,5,138,77.3,0,0.0
2021-05-19,77.3,63.4,69.1,0.075,0.075,0.0,15.5,30.4,53,68.5,67.7,59.3,47.3,0.291,0.161,19.7,10.3,68.5142857142857,1.0190000000000003,5,139,75.4,0,0.0
2021-05-20,75.4,64.7,70.8,0.181,0.181,0.0,20.6,37.6,53,77.3,68.4,63.4,56.9,0.075,0.232,15.5,17.4,70.08571428571429,1.2000000000000004,5,140,75.8,0,0.0
2021-05-21,75.8,65.8,70.3,0.276,0.276,0.0,17.0,35.6,55,75.4,68.5,64.7,59.3,0.181,0.291,20.6,19.7,71.3,1.4600000000000004,5,141,75.9,0,0.0
2021-05-22,75.9,62.4,69.7,0.016,0.016,0.0,15.4,28.6,51,75.8,77.3,65.8,63.4,0.276,0.075,17.0,15.5,72.71428571428571,1.2320000000000004,5,142,79.8,0,0.0
2021-05-23,79.8,64.6,71.6,0.118,0.118,0.0,9.2,19.9,53,75.9,75.4,62.4,64.7,0.016,0.181,15.4,20.6,74.44285714285715,1.1890000000000005,5,143,80.4,0,0.0
2021-05-24,80.4,67.3,72.9,0.102,0.102,0.0,11.6,23.0,53,79.8,75.8,64.6,65.8,0.118,0.276,9.2,17.0,76.15714285714286,1.0590000000000004,5,144,77.9,0,0.0
2021-05-25,77.9,67.6,72.3,0.303,0.303,0.0,17.9,34.7,63,80.4,75.9,67.3,62.4,0.102,0.016,11.6,15.4,77.5,1.0710000000000006,5,145,76.7,0,0.0
2021-05-26,76.7,63.5,70.3,0.008,0.008,0.0,11.1,21.9,51,77.9,79.8,67.6,64.6,0.303,0.118,17.9,9.2,77.41428571428573,1.0040000000000004,5,146,62.8,0,0.0
2021-05-27,62.8,50.5,58.4,0.673,0.673,0.0,16.6,34.4,63,76.7,80.4,63.5,67.3,0.008,0.102,11.1,11.6,75.61428571428571,1.4960000000000004,5,147,49.6,0,0.0
2021-05-28,49.6,46.0,48.0,0.063,0.063,0.0,15.2,27.5,51,62.8,77.9,50.5,67.6,0.673,0.303,16.6,17.9,71.87142857142858,1.2830000000000004,5,148,61.9,0,0.0
2021-05-29,61.9,40.0,51.5,0.0,0.0,0.0,10.6,21.7,3,49.6,76.7,46.0,63.5,0.063,0.008,15.2,11.1,69.87142857142858,1.2670000000000003,5,149,65.3,0,0.0
2021-05-30,65.3,42.6,55.5,0.0,0.0,0.0,7.1,12.3,3,61.9,62.8,40.0,50.5,0.0,0.673,10.6,16.6,67.8,1.1490000000000005,5,150,66.1,0,0.0
2021-05-31,66.1,52.7,59.4,0.0,0.0,0.0,9.4,16.6,3,65.3,49.6,42.6,46.0,0.0,0.063,7.1,15.2,65.75714285714285,1.0470000000000004,5,151,73.8,0,0.0
2021-06-01,73.8,47.7,61.7,0.0,0.0,0.0,7.1,16.3,3,66.1,61.9,52.7,40.0,0.0,0.0,9.4,10.6,65.17142857142856,0.7440000000000004,6,152,76.2,0,0.0
2021-06-02,76.2,54.6,65.7,0.0,0.0,0.0,6.3,12.8,3,73.8,65.3,47.7,42.6,0.0,0.0,7.1,7.1,65.1,0.7360000000000004,6,153,82.1,0,0.0
2021-06-03,82.1,55.0,70.0,0.0,0.0,0.0,10.8,20.1,3,76.2,66.1,54.6,52.7,0.0,0.0,6.3,9.4,67.85714285714286,0.06300000000000044,6,154,84.0,0,0.0
2021-06-04,84.0,63.7,74.6,0.0,0.0,0.0,12.9,24.4,1,82.1,73.8,55.0,47.7,0.0,0.0,10.8,7.1,72.77142857142857,0.0,6,155,87.9,0,0.0
2021-06-05,87.9,65.6,77.7,0.0,0.0,0.0,13.8,25.7,2,84.0,76.2,63.7,54.6,0.0,0.0,12.9,6.3,76.48571428571428,0.0,6,156,84.7,0,0.0
2021-06-06,84.7,66.7,76.5,0.067,0.067,0.0,14.8,28.0,53,87.9,82.1,65.6,55.0,0.0,0.0,13.8,10.8,79.25714285714287,0.06700000000000045,6,157,85.1,0,0.0
2021-06-07,85.1,68.9,76.9,0.063,0.063,0.0,11.2,21.5,61,84.7,84.0,66.7,63.7,0.067,0.0,14.8,12.9,81.97142857142856,0.13000000000000045,6,158,86.1,0,0.0
2021-06-08,86.1,67.4,77.6,0.016,0.016,0.0,9.2,21.3,51,85.1,87.9,68.9,65.6,0.063,0.0,11.2,13.8,83.72857142857143,0.14600000000000046,6,159,87.6,0,0.0
2021-06-09,87.6,69.0,79.3,0.012,0.012,0.0,7.1,16.8,51,86.1,84.7,67.4,66.7,0.016,0.067,9.2,14.8,85.35714285714286,0.15800000000000045,6,160,91.0,0,0.0
2021-06-10,91.0,69.7,81.6,0.0,0.0,0.0,5.6,11.6,2,87.6,85.1,69.0,68.9,0.012,0.063,7.1,11.2,86.62857142857142,0.15800000000000045,6,161,93.2,0,0.0
2021-06-11,93.2,71.2,83.1,0.0,0.0,0.0,7.8,16.1,3,91.0,86.1,69.7,67.4,0.0,0.016,5.6,9.2,87.94285714285714,0.15800000000000045,6,162,88.8,0,0.0
2021-06-12,88.8,72.8,80.0,0.0,0.0,0.0,14.3,27.1,3,93.2,87.6,71.2,69.0,0.0,0.012,7.8,7.1,88.07142857142857,0.15800000000000045,6,163,89.4,0,0.0
2021-06-13,89.4,62.7,77.2,0.0,0.0,0.0,8.1,13.6,0,88.8,91.0,72.8,69.7,0.0,0.0,14.3,5.6,88.74285714285713,0.09100000000000044,6,164,86.0,0,0.0
2021-06-14,86.0,70.0,78.2,0.0,0.0,0.0,11.8,20.6,3,89.4,93.2,62.7,71.2,0.0,0.0,8.1,7.8,88.87142857142858,0.028000000000000445,6,165,87.2,0,0.0
2021-06-15,87.2,63.2,76.4,0.0,0.0,0.0,9.6,17.0,0,86.0,88.8,70.0,72.8,0.0,0.0,11.8,14.3,89.02857142857144,0.012000000000000444,6,166,83.5,0,0.0
2021-06-16,83.5,63.5,74.3,0.0,0.0,0.0,11.0,19.0,2,87.2,89.4,63.2,62.7,0.0,0.0,9.6,8.1,88.44285714285715,0.0,6,167,94.2,0,0.0
2021-06-17,94.2,67.0,80.9,0.13,0.13,0.0,15.7,29.5,61,83.5,86.0,63.5,70.0,0.0,0.0,11.0,11.8,88.89999999999999,0.13000000000000045,6,168,93.5,0,0.0
2021-06-18,93.5,76.5,85.2,0.0,0.0,0.0,17.4,29.8,3,94.2,87.2,67.0,63.2,0.13,0.0,15.7,9.6,88.94285714285714,0.13000000000000045,6,169,89.2,0,0.0
2021-06-19,89.2,70.2,79.4,0.02,0.02,0.0,14.4,24.4,53,93.5,83.5,76.5,63.5,0.0,0.0,17.4,11.0,89.0,0.15000000000000044,6,170,80.7,0,0.0
2021-06-20,80.7,67.1,72.2,0.925,0.925,0.0,18.0,28.4,63,89.2,94.2,70.2,67.0,0.02,0.13,14.4,15.7,87.75714285714287,1.0750000000000004,6,171,70.4,0,0.0
2021-06-21,70.4,55.6,64.6,0.0,0.0,0.0,20.7,36.7,3,80.7,93.5,67.1,76.5,0.925,0.0,18.0,17.4,85.52857142857144,1.0750000000000006,6,172,78.3,0,0.0
2021-06-22,78.3,48.9,63.3,1.008,1.008,0.0,14.5,27.5,65,70.4,89.2,55.6,70.2,0.0,0.02,20.7,14.4,84.25714285714285,2.0830000000000006,6,173,82.5,0,0.0
2021-06-23,82.5,61.2,71.8,0.11,0.11,0.0,17.5,32.4,61,78.3,80.7,48.9,67.1,1.008,0.925,14.5,18.0,84.11428571428571,2.1930000000000005,6,174,81.1,0,0.0
2021-06-24,81.1,69.5,74.7,0.331,0.331,0.0,13.6,26.2,63,82.5,70.4,61.2,55.6,0.11,0.0,17.5,20.7,82.24285714285715,2.3940000000000006,6,175,82.4,0,0.0
2021-06-25,82.4,70.1,74.8,1.571,1.571,0.0,10.6,20.6,65,81.1,78.3,69.5,48.9,0.331,1.008,13.6,14.5,80.65714285714286,3.9650000000000007,6,176,80.7,0,0.0
2021-06-26,80.7,70.2,74.0,0.244,0.244,0.0,13.7,27.7,61,82.4,82.5,70.1,61.2,1.571,0.11,10.6,17.5,79.44285714285715,4.189000000000001,6,177,78.6,0,0.0
2021-06-27,78.6,66.2,72.6,0.0,0.0,0.0,10.0,18.3,3,80.7,81.1,70.2,69.5,0.244,0.331,13.7,13.6,79.14285714285714,3.2640000000000002,6,178,80.4,0,0.0
2021-06-28,80.4,68.6,74.6,0.047,0.047,0.0,6.3,13.0,51,78.6,82.4,66.2,70.1,0.0,1.571,10.0,10.6,80.57142857142857,3.3110000000000004,6,179,77.1,0,0.0
2021-06-29,77.1,70.2,73.0,0.252,0.252,0.0,9.1,17.4,53,80.4,80.7,68.6,70.2,0.047,0.244,6.3,13.7,80.4,2.5550000000000006,6,180,81.6,0,0.0
2021-06-30,81.6,68.2,74.7,0.02,0.02,0.0,5.3,12.5,51,77.1,78.6,70.2,66.2,0.252,0.0,9.1,10.0,80.27142857142857,2.4650000000000007,6,181,81.9,0,0.0
2021-07-01,81.9,66.7,74.4,0.0,0.0,0.0,10.2,20.1,3,81.6,80.4,68.2,68.6,0.02,0.047,5.3,6.3,80.38571428571429,2.134000000000001,7,182,78.8,0,0.0
2021-07-02,78.8,62.9,70.6,0.0,0.0,0.0,8.4,15.9,3,81.9,77.1,66.7,70.2,0.0,0.252,10.2,9.1,79.87142857142858,0.5630000000000004,7,183,82.4,0,0.0
2021-07-03,82.4,59.9,72.4,0.0,0.0,0.0,5.3,11.2,3,78.8,81.6,62.9,68.2,0.0,0.02,8.4,5.3,80.11428571428571,0.31900000000000045,7,184,86.1,0,0.0
2021-07-04,86.1,66.9,76.7,0.0,0.0,0.0,10.8,20.1,3,82.4,81.9,59.9,66.7,0.0,0.0,5.3,10.2,81.18571428571428,0.31900000000000045,7,185,88.4,0,0.0
2021-07-05,88.4,70.8,79.7,0.0,0.0,0.0,12.6,23.7,3,86.1,78.8,66.9,62.9,0.0,0.0,10.8,8.4,82.32857142857142,0.27200000000000046,7,186,87.3,0,0.0
2021-07-06,87.3,71.8,79.7,0.0,0.0,0.0,11.3,20.8,3,88.4,82.4,70.8,59.9,0.0,0.0,12.6,5.3,83.78571428571429,0.020000000000000445,7,187,80.2,0,0.0
2021-07-07,80.2,70.6,75.2,0.102,0.102,0.0,9.4,19.9,53,87.3,86.1,71.8,66.9,0.0,0.0,11.3,10.8,83.58571428571429,0.10200000000000044,7,188,75.7,0,0.0
2021-07-08,75.7,64.6,69.3,0.008,0.008,0.0,10.2,17.7,51,80.2,88.4,70.6,70.8,0.102,0.0,9.4,12.6,82.7,0.11000000000000043,7,189,78.1,0,0.0
2021-07-09,78.1,62.4,68.9,0.362,0.362,0.0,11.2,23.0,61,75.7,87.3,64.6,71.8,0.008,0.0,10.2,11.3,82.60000000000001,0.4720000000000004,7,190,73.0,0,0.0
2021-07-10,73.0,65.0,67.9,0.378,0.378,0.0,13.7,25.1,61,78.1,80.2,62.4,70.6,0.362,0.102,11.2,9.4,81.25714285714287,0.8500000000000004,7,191,72.1,0,0.0
2021-07-11,72.1,64.0,66.9,0.551,0.551,0.0,14.2,25.3,63,73.0,75.7,65.0,64.6,0.378,0.008,13.7,10.2,79.25714285714285,1.4010000000000005,7,192,74.8,0,0.0
2021-07-12,74.8,62.3,67.9,0.165,0.165,0.0,9.6,18.3,55,72.1,78.1,64.0,62.4,0.551,0.362,14.2,11.2,77.31428571428572,1.5660000000000005,7,193,80.7,0,0.0
2021-07-13,80.7,62.4,71.8,0.012,0.012,0.0,9.1,17.4,51,74.8,73.0,62.3,65.0,0.165,0.378,9.6,13.7,76.37142857142858,1.5780000000000005,7,194,84.7,0,0.0
2021-07-14,84.7,67.4,76.8,0.075,0.075,0.0,16.3,31.5,53,80.7,72.1,62.4,64.0,0.012,0.551,9.1,14.2,77.0142857142857,1.5510000000000004,7,195,77.7,0,0.0
2021-07-15,77.7,67.0,72.8,0.764,0.764,0.0,11.4,27.1,63,84.7,74.8,67.4,62.3,0.075,0.165,16.3,9.6,77.3,2.3070000000000004,7,196,79.8,0,0.0
2021-07-16,79.8,62.9,71.1,0.0,0.0,0.0,8.0,16.6,3,77.7,80.7,67.0,62.4,0.764,0.012,11.4,9.1,77.54285714285713,1.9450000000000005,7,197,79.5,0,0.0
2021-07-17,79.5,60.8,70.6,0.016,0.016,0.0,5.7,13.0,51,79.8,84.7,62.9,67.4,0.0,0.075,8.0,16.3,78.47142857142856,1.5830000000000006,7,198,79.6,0,0.0
2021-07-18,79.6,64.0,71.8,0.004,0.004,0.0,8.1,17.0,51,79.5,77.7,60.8,67.0,0.016,0.764,5.7,11.4,79.54285714285713,1.0360000000000005,7,199,81.3,0,0.0
2021-07-19,81.3,65.0,73.7,0.035,0.035,0.0,4.9,13.2,51,79.6,79.8,64.0,62.9,0.004,0.0,8.1,8.0,80.47142857142858,0.9060000000000005,7,200,85.7,0,0.0
2021-07-20,85.7,65.0,75.4,0.0,0.0,0.0,7.3,15.7,3,81.3,79.5,65.0,60.8,0.035,0.016,4.9,5.7,81.18571428571428,0.8940000000000005,7,201,85.6,0,0.0
2021-07-21,85.6,69.0,77.4,0.004,0.004,0.0,8.3,13.9,51,85.7,79.6,65.0,64.0,0.0,0.004,7.3,8.1,81.31428571428572,0.8230000000000005,7,202,85.1,0,0.0
2021-07-22,85.1,70.0,77.6,0.008,0.008,0.0,9.0,17.9,51,85.6,81.3,69.0,65.0,0.004,0.035,8.3,4.9,82.37142857142858,0.06700000000000045,7,203,88.4,0,0.0
2021-07-23,88.4,72.0,79.7,0.0,0.0,0.0,10.3,19.5,3,85.1,85.7,70.0,65.0,0.008,0.0,9.0,7.3,83.60000000000001,0.06700000000000045,7,204,90.3,0,0.0
2021-07-24,90.3,72.3,81.1,0.008,0.008,0.0,11.2,26.4,51,88.4,85.6,72.0,69.0,0.0,0.004,10.3,8.3,85.14285714285714,0.059000000000000455,7,205,87.4,0,0.0
2021-07-25,87.4,68.7,77.6,0.0,0.0,0.0,9.1,16.8,3,90.3,85.1,72.3,70.0,0.008,0.008,11.2,9.0,86.25714285714285,0.05500000000000045,7,206,88.3,0,0.0
2021-07-26,88.3,63.1,76.5,0.0,0.0,0.0,7.2,12.3,0,87.4,88.4,68.7,72.0,0.0,0.0,9.1,10.3,87.25714285714285,0.020000000000000445,7,207,88.6,0,0.0
2021-07-27,88.6,65.6,77.4,0.0,0.0,0.0,8.3,16.8,3,88.3,90.3,63.1,72.3,0.0,0.008,7.2,11.2,87.67142857142856,0.020000000000000445,7,208,91.5,0,0.0
2021-07-28,91.5,70.7,81.7,0.106,0.106,0.0,10.8,17.7,63,88.6,87.4,65.6,68.7,0.0,0.0,8.3,9.1,88.5142857142857,0.12200000000000044,7,209,90.0,0,0.0
2021-07-29,90.0,75.7,83.0,0.063,0.063,0.0,12.0,21.5,53,91.5,88.3,70.7,63.1,0.106,0.0,10.8,7.2,89.21428571428571,0.17700000000000043,7,210,80.4,0,0.0
2021-07-30,80.4,69.7,73.7,0.0,0.0,0.0,10.1,20.1,3,90.0,88.6,75.7,65.6,0.063,0.0,12.0,8.3,88.07142857142857,0.17700000000000043,7,211,79.6,0,0.0
2021-07-31,79.6,64.0,71.7,0.035,0.035,0.0,8.4,16.1,53,80.4,91.5,69.7,70.7,0.0,0.106,10.1,10.8,86.54285714285713,0.20400000000000043,7,212,79.5,0,0.0
2021-08-01,79.5,64.8,72.0,0.004,0.004,0.0,14.3,27.1,51,79.6,90.0,64.0,75.7,0.035,0.063,8.4,12.0,85.41428571428571,0.20800000000000046,8,213,75.8,0,0.0
2021-08-02,75.8,61.3,68.8,0.0,0.0,0.0,5.6,10.5,3,79.5,80.4,64.8,69.7,0.004,0.0,14.3,10.1,83.62857142857142,0.20800000000000046,8,214,78.5,0,0.0
2021-08-03,78.5,59.6,70.1,0.012,0.012,0.0,5.9,13.4,51,75.8,79.6,61.3,64.0,0.0,0.035,5.6,8.4,82.18571428571428,0.22000000000000047,8,215,80.7,0,0.0
2021-08-04,80.7,60.2,70.7,0.0,0.0,0.0,6.3,13.4,3,78.5,79.5,59.6,64.8,0.012,0.004,5.9,14.3,80.64285714285714,0.11400000000000045,8,216,75.2,0,0.0
2021-08-05,75.2,64.2,69.6,0.185,0.185,0.0,13.9,25.7,61,80.7,75.8,60.2,61.3,0.0,0.0,6.3,5.6,78.52857142857142,0.23600000000000043,8,217,83.6,0,0.0
2021-08-06,83.6,67.2,75.3,0.043,0.043,0.0,9.6,20.6,51,75.2,78.5,64.2,59.6,0.185,0.012,13.9,5.9,78.98571428571428,0.2790000000000004,8,218,88.0,0,0.0
2021-08-07,88.0,71.2,79.6,0.0,0.0,0.0,15.3,28.2,3,83.6,80.7,67.2,60.2,0.043,0.0,9.6,6.3,80.18571428571428,0.24400000000000044,8,219,83.4,0,0.0
2021-08-08,83.4,72.6,78.1,0.465,0.465,0.0,14.5,31.3,63,88.0,75.2,71.2,64.2,0.0,0.185,15.3,13.9,80.74285714285713,0.7050000000000005,8,220,89.3,0,0.0
2021-08-09,89.3,69.5,79.3,0.39,0.39,0.0,13.3,23.0,63,83.4,83.6,72.6,67.2,0.465,0.043,14.5,9.6,82.67142857142858,1.0950000000000004,8,221,91.8,0,0.0
2021-08-10,91.8,73.1,80.4,0.244,0.244,0.0,13.4,40.3,63,89.3,88.0,69.5,71.2,0.39,0.0,13.3,15.3,84.57142857142857,1.3270000000000004,8,222,90.6,0,0.0
2021-08-11,90.6,69.3,79.6,1.157,1.157,0.0,20.1,49.9,65,91.8,83.4,73.1,72.6,0.244,0.465,13.4,14.5,85.98571428571428,2.4840000000000004,8,223,87.7,0,0.0
2021-08-12,87.7,69.4,78.3,0.024,0.024,0.0,15.4,27.7,51,90.6,89.3,69.3,69.5,1.157,0.39,20.1,13.3,87.77142857142859,2.3230000000000004,8,224,80.6,0,0.0
2021-08-13,80.6,65.0,73.0,0.0,0.0,0.0,8.5,14.3,3,87.7,91.8,69.4,73.1,0.024,0.244,15.4,13.4,87.34285714285714,2.2800000000000002,8,225,78.1,0,0.0
2021-08-14,78.1,58.5,69.0,0.0,0.0,0.0,6.1,9.8,3,80.6,90.6,65.0,69.3,0.0,1.157,8.5,20.1,85.92857142857143,2.2800000000000002,8,226,77.8,0,0.0
2021-08-15,77.8,57.5,67.6,0.0,0.0,0.0,7.9,16.8,2,78.1,87.7,58.5,69.4,0.0,0.024,6.1,15.4,85.12857142857142,1.8150000000000004,8,227,78.4,0,0.0
2021-08-16,78.4,55.4,68.0,0.0,0.0,0.0,6.5,14.5,3,77.8,80.6,57.5,65.0,0.0,0.0,7.9,8.5,83.57142857142857,1.4250000000000005,8,228,82.6,0,0.0
2021-08-17,82.6,60.4,72.2,0.0,0.0,0.0,6.2,14.8,3,78.4,78.1,55.4,58.5,0.0,0.0,6.5,6.1,82.25714285714285,1.1810000000000005,8,229,84.2,0,0.0
2021-08-18,84.2,63.3,74.4,0.004,0.004,0.0,7.4,16.1,51,82.6,77.8,60.4,57.5,0.0,0.0,6.2,7.9,81.34285714285714,0.028000000000000445,8,230,86.1,0,0.0
2021-08-19,86.1,65.1,76.5,0.012,0.012,0.0,6.0,13.4,51,84.2,78.4,63.3,55.4,0.004,0.0,7.4,6.5,81.11428571428571,0.016000000000000444,8,231,87.2,0,0.0
2021-08-20,87.2,66.7,77.8,0.004,0.004,0.0,14.5,27.3,51,86.1,82.6,65.1,60.4,0.012,0.0,6.0,6.2,82.05714285714285,0.020000000000000445,8,232,85.0,0,0.0
2021-08-21,85.0,69.2,77.0,0.126,0.126,0.0,12.6,24.4,61,87.2,84.2,66.7,63.3,0.004,0.004,14.5,7.4,83.04285714285713,0.14600000000000043,8,233,79.5,0,0.0
2021-08-22,79.5,60.3,70.2,0.0,0.0,0.0,8.3,13.9,1,85.0,86.1,69.2,65.1,0.126,0.012,12.6,6.0,83.28571428571429,0.14600000000000043,8,234,88.5,0,0.0
2021-08-23,88.5,67.4,76.9,0.268,0.268,0.0,11.2,26.2,63,79.5,87.2,60.3,66.7,0.0,0.004,8.3,14.5,84.72857142857143,0.4140000000000005,8,235,91.8,0,0.0
2021-08-24,91.8,74.9,81.4,0.035,0.035,0.0,14.9,28.6,53,88.5,85.0,67.4,69.2,0.268,0.126,11.2,12.6,86.04285714285713,0.4490000000000005,8,236,86.7,0,0.0
2021-08-25,86.7,73.6,78.2,1.406,1.406,0.0,13.8,24.6,65,91.8,79.5,74.9,60.3,0.035,0.0,14.9,8.3,86.39999999999999,1.8510000000000004,8,237,87.5,0,0.0
2021-08-26,87.5,69.5,78.6,0.0,0.0,0.0,11.7,21.7,3,86.7,88.5,73.6,67.4,1.406,0.268,13.8,11.2,86.60000000000001,1.8390000000000004,8,238,91.3,0,0.0
2021-08-27,91.3,73.2,81.5,0.004,0.004,0.0,14.8,29.8,51,87.5,91.8,69.5,74.9,0.0,0.035,11.7,14.9,87.18571428571428,1.8390000000000004,8,239,90.9,0,0.0
2021-08-28,90.9,74.4,83.0,0.004,0.004,0.0,14.2,27.1,51,91.3,86.7,73.2,73.6,0.004,1.406,14.8,13.8,88.02857142857144,1.7170000000000005,8,240,85.6,0,0.0
2021-08-29,85.6,72.1,79.1,0.0,0.0,0.0,13.3,28.0,3,90.9,87.5,74.4,69.5,0.004,0.0,14.2,11.7,88.89999999999999,1.7170000000000005,8,241,82.7,0,0.0
2021-08-30,82.7,65.1,74.2,0.0,0.0,0.0,6.5,12.1,2,85.6,91.3,72.1,73.2,0.0,0.004,13.3,14.8,88.07142857142857,1.4490000000000003,8,242,77.4,0,0.0
2021-08-31,77.4,65.4,70.8,0.004,0.004,0.0,9.5,17.7,51,82.7,90.9,65.1,74.4,0.0,0.004,6.5,14.2,86.01428571428572,1.4180000000000004,8,243,78.4,0,0.0
2021-09-01,78.4,61.2,69.2,0.0,0.0,0.0,10.0,21.0,2,77.4,85.6,65.4,72.1,0.004,0.0,9.5,13.3,84.82857142857142,0.012000000000000444,9,244,75.6,0,0.0
2021-09-02,75.6,58.7,68.0,0.0,0.0,0.0,10.8,20.4,3,78.4,82.7,61.2,65.1,0.0,0.0,10.0,6.5,83.12857142857142,0.012000000000000444,9,245,72.8,0,0.0
2021-09-03,72.8,64.1,68.2,0.709,0.709,0.0,16.1,28.9,63,75.6,77.4,58.7,65.4,0.0,0.004,10.8,9.5,80.4857142857143,0.7170000000000004,9,246,75.2,0,0.0
2021-09-04,75.2,62.2,68.8,0.0,0.0,0.0,11.8,22.4,3,72.8,78.4,64.1,61.2,0.709,0.0,16.1,10.0,78.24285714285715,0.7130000000000004,9,247,80.5,0,0.0
2021-09-05,80.5,58.9,69.7,0.0,0.0,0.0,9.5,18.3,1,75.2,75.6,62.2,58.7,0.0,0.0,11.8,10.8,77.51428571428572,0.7130000000000004,9,248,83.2,0,0.0
2021-09-06,83.2,63.0,73.7,0.0,0.0,0.0,10.3,17.4,3,80.5,72.8,58.9,64.1,0.0,0.709,9.5,16.1,77.58571428571429,0.7130000000000004,9,249,86.4,0,0.0
2021-09-07,86.4,65.9,75.8,0.004,0.004,0.0,18.0,32.9,51,83.2,75.2,63.0,62.2,0.0,0.0,10.3,11.8,78.87142857142858,0.7130000000000004,9,250,76.0,0,0.0
2021-09-08,76.0,59.5,68.1,0.0,0.0,0.0,17.1,31.3,1,86.4,80.5,65.9,58.9,0.004,0.0,18.0,9.5,78.52857142857144,0.7130000000000004,9,251,77.6,0,0.0
2021-09-09,77.6,55.7,66.1,0.0,0.0,0.0,7.5,16.1,2,76.0,83.2,59.5,63.0,0.0,0.0,17.1,10.3,78.81428571428572,0.7130000000000004,9,252,80.5,0,0.0
2021-09-10,80.5,55.2,68.2,0.0,0.0,0.0,12.3,23.9,3,77.6,86.4,55.7,65.9,0.0,0.004,7.5,18.0,79.91428571428571,0.004000000000000444,9,253,89.9,0,0.0
2021-09-11,89.9,63.2,75.9,0.0,0.0,0.0,12.3,21.9,3,80.5,76.0,55.2,59.5,0.0,0.0,12.3,17.1,82.01428571428572,0.004000000000000444,9,254,89.8,0,0.0
2021-09-12,89.8,70.4,78.4,0.0,0.0,0.0,13.7,25.3,3,89.9,77.6,63.2,55.7,0.0,0.0,12.3,7.5,83.34285714285714,0.004000000000000444,9,255,85.3,0,0.0
2021-09-13,85.3,66.9,75.8,0.0,0.0,0.0,13.5,24.4,3,89.8,80.5,70.4,55.2,0.0,0.0,13.7,12.3,83.64285714285714,0.004000000000000444,9,256,78.4,0,0.0
2021-09-14,78.4,65.3,73.8,0.0,0.0,0.0,15.5,26.4,3,85.3,89.9,66.9,63.2,0.0,0.0,13.5,12.3,82.5,0.0,9,257,76.2,0,0.0
2021-09-15,76.2,56.9,66.8,0.0,0.0,0.0,6.3,10.5,2,78.4,89.8,65.3,70.4,0.0,0.0,15.5,13.7,82.52857142857144,0.0,9,258,81.9,0,0.0
2021-09-16,81.9,58.8,70.3,0.0,0.0,0.0,14.2,26.8,0,76.2,85.3,56.9,66.9,0.0,0.0,6.3,13.5,83.14285714285714,0.0,9,259,83.9,0,0.0
2021-09-17,83.9,62.6,71.9,0.02,0.02,0.0,12.8,21.9,51,81.9,78.4,58.8,65.3,0.0,0.0,14.2,15.5,83.62857142857142,0.020000000000000445,9,260,82.2,0,0.0
2021-09-18,82.2,60.5,71.4,0.0,0.0,0.0,8.0,14.3,2,83.9,76.2,62.6,56.9,0.02,0.0,12.8,6.3,82.52857142857144,0.020000000000000445,9,261,87.7,0,0.0
2021-09-19,87.7,66.3,77.2,0.0,0.0,0.0,13.9,25.5,0,82.2,81.9,60.5,58.8,0.0,0.0,8.0,14.2,82.22857142857143,0.020000000000000445,9,262,86.3,0,0.0
2021-09-20,86.3,64.5,75.5,0.732,0.732,0.0,17.0,38.3,65,87.7,83.9,66.3,62.6,0.0,0.02,13.9,12.8,82.37142857142858,0.7520000000000004,9,263,70.1,0,0.0
2021-09-21,70.1,57.4,63.2,0.008,0.008,0.0,15.9,29.3,51,86.3,82.2,64.5,60.5,0.732,0.0,17.0,8.0,81.18571428571428,0.7600000000000005,9,264,67.1,0,0.0
2021-09-22,67.1,52.0,59.6,0.0,0.0,0.0,12.1,23.7,3,70.1,87.7,57.4,66.3,0.008,0.0,15.9,13.9,79.88571428571429,0.7600000000000005,9,265,69.5,0,0.0
2021-09-23,69.5,46.9,58.1,0.0,0.0,0.0,7.3,16.3,0,67.1,86.3,52.0,64.5,0.0,0.732,12.1,17.0,78.11428571428571,0.7600000000000005,9,266,74.9,0,0.0
2021-09-24,74.9,54.2,62.1,0.008,0.008,0.0,16.8,37.6,51,69.5,70.1,46.9,57.4,0.0,0.008,7.3,15.9,76.82857142857142,0.7480000000000004,9,267,71.1,0,0.0
2021-09-25,71.1,47.8,59.9,0.0,0.0,0.0,13.7,25.9,2,74.9,67.1,54.2,52.0,0.008,0.0,16.8,12.1,75.24285714285713,0.7480000000000004,9,268,81.6,0,0.0
2021-09-26,81.6,58.5,69.8,0.0,0.0,0.0,13.7,25.5,2,71.1,69.5,47.8,46.9,0.0,0.0,13.7,7.3,74.37142857142855,0.7480000000000004,9,269,86.0,0,0.0
2021-09-27,86.0,64.8,75.0,0.0,0.0,0.0,10.6,20.4,0,81.6,74.9,58.5,54.2,0.0,0.008,13.7,16.8,74.32857142857142,0.016000000000000444,9,270,81.9,0,0.0
2021-09-28,81.9,58.3,70.0,0.0,0.0,0.0,10.4,20.6,1,86.0,71.1,64.8,47.8,0.0,0.0,10.6,13.7,76.01428571428572,0.008000000000000444,9,271,85.6,0,0.0
2021-09-29,85.6,60.7,72.5,0.0,0.0,0.0,9.7,19.2,3,81.9,81.6,58.3,58.5,0.0,0.0,10.4,13.7,78.65714285714284,0.008000000000000444,9,272,84.5,0,0.0
2021-09-30,84.5,64.0,74.3,0.0,0.0,0.0,11.1,21.7,3,85.6,86.0,60.7,64.8,0.0,0.0,9.7,10.6,80.79999999999998,0.008000000000000444,9,273,81.9,0,0.0
2021-10-01,81.9,65.3,73.0,0.161,0.161,0.0,15.9,34.0,61,84.5,81.9,64.0,58.3,0.0,0.0,11.1,10.4,81.8,0.16100000000000045,10,274,79.6,0,0.0
2021-10-02,79.6,67.1,72.4,0.114,0.114,0.0,9.9,19.5,55,81.9,85.6,65.3,60.7,0.161,0.0,15.9,9.7,83.0142857142857,0.27500000000000047,10,275,77.1,0,0.0
2021-10-03,77.1,64.2,68.9,0.102,0.102,0.0,13.9,25.5,55,79.6,84.5,67.1,64.0,0.114,0.0,9.9,11.1,82.37142857142858,0.37700000000000045,10,276,71.8,0,0.0
2021-10-04,71.8,58.3,66.0,0.0,0.0,0.0,12.8,24.6,3,77.1,81.9,64.2,65.3,0.102,0.161,13.9,15.9,80.34285714285714,0.37700000000000045,10,277,72.1,0,0.0
2021-10-05,72.1,59.7,66.2,0.012,0.012,0.0,10.4,20.8,51,71.8,79.6,58.3,67.1,0.0,0.114,12.8,9.9,78.94285714285715,0.38900000000000046,10,278,75.4,0,0.0
2021-10-06,75.4,61.3,67.7,0.059,0.059,0.0,13.0,24.2,53,72.1,77.1,59.7,64.2,0.012,0.102,10.4,13.9,77.48571428571428,0.44800000000000045,10,279,70.0,0,0.0
2021-10-07,70.0,64.7,66.9,0.15,0.15,0.0,7.9,15.4,53,75.4,71.8,61.3,58.3,0.059,0.0,13.0,12.8,75.41428571428571,0.5980000000000004,10,280,75.6,0,0.0
2021-10-08,75.6,62.2,67.5,0.134,0.134,0.0,7.6,16.3,61,70.0,72.1,64.7,59.7,0.15,0.012,7.9,10.4,74.51428571428572,0.5710000000000004,10,281,81.7,0,0.0
2021-10-09,81.7,61.2,71.2,0.0,0.0,0.0,16.3,29.3,3,75.6,75.4,62.2,61.3,0.134,0.059,7.6,13.0,74.81428571428572,0.4570000000000004,10,282,78.1,0,0.0
2021-10-10,78.1,67.7,73.5,0.008,0.008,0.0,15.6,30.2,51,81.7,70.0,61.2,64.7,0.0,0.15,16.3,7.9,74.95714285714284,0.36300000000000043,10,283,65.8,0,0.0
2021-10-11,65.8,57.6,61.0,0.591,0.591,0.0,13.5,28.4,63,78.1,75.6,67.7,62.2,0.008,0.134,15.6,7.6,74.10000000000001,0.9540000000000004,10,284,69.2,0,0.0
2021-10-12,69.2,52.7,60.0,0.0,0.0,0.0,11.5,22.6,3,65.8,81.7,57.6,61.2,0.591,0.0,13.5,16.3,73.68571428571428,0.9420000000000004,10,285,72.9,0,0.0
2021-10-13,72.9,56.8,63.6,0.323,0.323,0.0,19.3,33.6,61,69.2,78.1,52.7,67.7,0.0,0.008,11.5,15.6,73.32857142857142,1.2060000000000004,10,286,65.3,0,0.0
2021-10-14,65.3,53.6,59.3,0.0,0.0,0.0,10.9,20.1,3,72.9,65.8,56.8,57.6,0.323,0.591,19.3,13.5,72.65714285714286,1.0560000000000005,10,287,61.0,0,0.0
2021-10-15,61.0,46.2,53.5,0.008,0.008,0.0,12.9,22.8,51,65.3,69.2,53.6,52.7,0.0,0.0,10.9,11.5,70.57142857142857,0.9300000000000004,10,288,59.2,0,0.0
2021-10-16,59.2,43.5,50.7,0.0,0.0,0.0,14.9,26.6,0,61.0,72.9,46.2,56.8,0.008,0.323,12.9,19.3,67.35714285714286,0.9300000000000004,10,289,65.4,0,0.0
2021-10-17,65.4,43.3,53.9,0.0,0.0,0.0,10.8,17.4,3,59.2,65.3,43.5,53.6,0.0,0.0,14.9,10.9,65.54285714285713,0.9220000000000004,10,290,69.6,0,0.0
2021-10-18,69.6,44.0,56.6,0.0,0.0,0.0,8.6,15.9,0,65.4,61.0,43.3,46.2,0.0,0.008,10.8,12.9,66.08571428571429,0.33100000000000046,10,291,70.2,0,0.0
2021-10-19,70.2,51.1,59.9,0.004,0.004,0.0,12.1,21.9,51,69.6,59.2,44.0,43.5,0.0,0.0,8.6,14.9,66.22857142857143,0.33500000000000046,10,292,72.2,0,0.0
2021-10-20,72.2,53.7,61.1,0.008,0.008,0.0,17.5,30.4,51,70.2,65.4,51.1,43.3,0.004,0.0,12.1,10.8,66.12857142857142,0.020000000000000445,10,293,55.0,0,0.0
2021-10-21,55.0,44.5,50.2,0.024,0.024,0.0,17.7,32.4,51,72.2,69.6,53.7,44.0,0.008,0.0,17.5,8.6,64.65714285714286,0.04400000000000044,10,294,52.2,0,0.0
2021-10-22,52.2,37.2,44.0,0.008,0.008,0.0,8.1,18.3,51,55.0,70.2,44.5,51.1,0.024,0.004,17.7,12.1,63.4,0.04400000000000044,10,295,54.0,0,0.0
2021-10-23,54.0,34.1,43.7,0.0,0.0,0.0,8.7,15.9,3,52.2,72.2,37.2,53.7,0.008,0.008,8.1,17.5,62.65714285714286,0.04400000000000044,10,296,49.4,0,0.0
2021-10-24,49.4,43.8,46.6,1.598,1.598,0.0,22.8,39.4,63,54.0,55.0,34.1,44.5,0.0,0.024,8.7,17.7,60.371428571428574,1.6420000000000006,10,297,54.3,0,0.0
2021-10-25,54.3,41.5,47.5,0.626,0.626,0.0,22.7,38.7,63,49.4,52.2,43.8,37.2,1.598,0.008,22.8,8.1,58.18571428571429,2.2680000000000007,10,298,56.0,0,0.0
2021-10-26,56.0,37.0,46.2,0.0,0.0,0.0,13.5,22.8,3,54.3,54.0,41.5,34.1,0.626,0.0,22.7,8.7,56.15714285714286,2.2640000000000007,10,299,57.6,0,0.0
2021-10-27,57.6,46.5,51.5,0.0,0.0,0.0,16.5,28.2,3,56.0,49.4,37.0,43.8,0.0,1.598,13.5,22.8,54.07142857142857,2.2560000000000007,10,300,51.6,0,0.0
2021-10-28,51.6,46.9,49.0,0.638,0.638,0.0,16.8,29.1,61,57.6,54.3,46.5,41.5,0.0,0.626,16.5,22.7,53.58571428571428,2.8700000000000006,10,301,54.1,0,0.0
2021-10-29,54.1,47.8,51.0,0.079,0.079,0.0,19.9,33.3,53,51.6,56.0,46.9,37.0,0.638,0.0,16.8,13.5,53.857142857142854,2.9410000000000007,10,302,57.6,0,0.0
2021-10-30,57.6,41.2,48.3,0.0,0.0,0.0,11.5,19.5,3,54.1,57.6,47.8,46.5,0.079,0.0,19.9,16.5,54.37142857142857,2.9410000000000007,10,303,51.5,0,0.0
2021-10-31,51.5,38.8,46.2,0.0,0.0,0.0,17.6,30.9,3,57.6,51.6,41.2,46.9,0.0,0.638,11.5,16.8,54.67142857142857,1.3430000000000004,10,304,47.6,0,0.0
2021-11-01,47.6,32.5,39.4,0.0,0.0,0.0,13.1,23.3,3,51.5,54.1,38.8,47.8,0.0,0.079,17.6,19.9,53.714285714285715,0.7170000000000004,11,305,45.6,0,0.0
2021-11-02,45.6,29.3,36.2,0.0,0.0,0.0,12.2,22.4,3,47.6,57.6,32.5,41.2,0.0,0.0,13.1,11.5,52.228571428571435,0.7170000000000004,11,306,44.6,0,0.0
2021-11-03,44.6,26.3,34.8,0.0,0.0,0.0,8.4,13.4,3,45.6,51.5,29.3,38.8,0.0,0.0,12.2,17.6,50.37142857142857,0.7170000000000004,11,307,51.6,0,0.0
2021-11-04,51.6,37.2,42.7,0.0,0.0,0.0,11.8,21.3,3,44.6,47.6,26.3,32.5,0.0,0.0,8.4,13.1,50.371428571428574,0.07900000000000044,11,308,52.3,0,0.0
2021-11-05,52.3,35.3,42.9,0.0,0.0,0.0,16.1,28.4,3,51.6,45.6,37.2,29.3,0.0,0.0,11.8,12.2,50.114285714285714,0.0,11,309,59.5,0,0.0
2021-11-06,59.5,39.9,48.4,0.0,0.0,0.0,11.2,18.8,0,52.3,44.6,35.3,26.3,0.0,0.0,16.1,8.4,50.38571428571429,0.0,11,310,62.9,0,0.0
2021-11-07,62.9,45.4,53.5,0.0,0.0,0.0,13.5,23.0,3,59.5,51.6,39.9,37.2,0.0,0.0,11.2,11.8,52.01428571428572,0.0,11,311,63.8,0,0.0
2021-11-08,63.8,47.0,55.0,0.0,0.0,0.0,9.8,18.3,3,62.9,52.3,45.4,35.3,0.0,0.0,13.5,16.1,54.32857142857143,0.0,11,312,60.5,0,0.0
2021-11-09,60.5,48.7,53.9,0.0,0.0,0.0,10.8,19.7,3,63.8,59.5,47.0,39.9,0.0,0.0,9.8,11.2,56.457142857142856,0.0,11,313,58.0,0,0.0
2021-11-10,58.0,41.9,49.6,0.327,0.327,0.0,18.1,30.9,63,60.5,62.9,48.7,45.4,0.0,0.0,10.8,13.5,58.371428571428574,0.32700000000000046,11,314,57.2,0,0.0
2021-11-11,57.2,41.6,49.7,0.366,0.366,0.0,22.2,38.5,63,58.0,63.8,41.9,47.0,0.327,0.0,18.1,9.8,59.17142857142857,0.6930000000000005,11,315,41.2,0,0.0
2021-11-12,41.2,35.3,37.3,0.047,0.008,0.276,22.3,38.5,71,57.2,60.5,41.6,48.7,0.366,0.0,22.2,10.8,57.58571428571428,0.7400000000000004,11,316,38.8,0,0.0
2021-11-13,38.8,32.8,35.7,0.012,0.0,0.083,15.2,25.9,71,41.2,58.0,35.3,41.9,0.047,0.327,22.3,18.1,54.628571428571426,0.7520000000000004,11,317,42.8,0,0.0
2021-11-14,42.8,27.9,35.3,0.0,0.0,0.0,24.5,42.7,3,38.8,57.2,32.8,41.6,0.012,0.366,15.2,22.2,51.75714285714286,0.7520000000000004,11,318,40.9,0,0.0
2021-11-15,40.9,27.0,33.2,0.004,0.0,0.028,11.8,22.4,71,42.8,41.2,27.9,35.3,0.0,0.047,24.5,22.3,48.48571428571428,0.7560000000000004,11,319,54.3,0,0.0
2021-11-16,54.3,30.3,42.1,0.0,0.0,0.0,15.4,26.2,3,40.9,38.8,27.0,32.8,0.004,0.012,11.8,15.2,47.6,0.7560000000000004,11,320,55.3,0,0.0
2021-11-17,55.3,37.1,46.6,0.004,0.004,0.0,16.3,28.9,51,54.3,42.8,30.3,27.9,0.0,0.0,15.4,24.5,47.214285714285715,0.43300000000000044,11,321,35.9,0,0.0
2021-11-18,35.9,26.4,32.4,0.0,0.0,0.0,20.6,35.8,3,55.3,40.9,37.1,27.0,0.004,0.004,16.3,11.8,44.17142857142857,0.06700000000000045,11,322,41.1,0,0.0
2021-11-19,41.1,21.6,31.2,0.0,0.0,0.0,13.4,24.4,3,35.9,54.3,26.4,30.3,0.0,0.0,20.6,15.4,44.15714285714286,0.020000000000000445,11,323,52.1,0,0.0
2021-11-20,52.1,35.5,42.5,0.0,0.0,0.0,10.8,18.6,3,41.1,55.3,21.6,37.1,0.0,0.004,13.4,16.3,46.05714285714286,0.008000000000000444,11,324,51.2,0,0.0
2021-11-21,51.2,26.4,38.9,0.004,0.004,0.0,20.2,35.8,51,52.1,35.9,35.5,26.4,0.0,0.0,10.8,20.6,47.25714285714285,0.012000000000000444,11,325,35.4,0,0.0
2021-11-22,35.4,20.3,26.6,0.0,0.0,0.0,13.2,22.8,3,51.2,41.1,26.4,21.6,0.004,0.0,20.2,13.4,46.471428571428575,0.008000000000000444,11,326,48.7,0,0.0
2021-11-23,48.7,25.6,35.9,0.0,0.0,0.0,16.3,27.1,3,35.4,52.1,20.3,35.5,0.0,0.0,13.2,10.8,45.67142857142857,0.008000000000000444,11,327,57.6,0,0.0
2021-11-24,57.6,42.3,48.6,0.0,0.0,0.0,15.0,26.6,3,48.7,51.2,25.6,26.4,0.0,0.004,16.3,20.2,46.0,0.004000000000000444,11,328,41.9,0,0.0
2021-11-25,41.9,20.6,28.6,0.0,0.0,0.0,17.6,30.9,3,57.6,35.4,42.3,20.3,0.0,0.0,15.0,13.2,46.857142857142854,0.004000000000000444,11,329,37.5,0,0.0
2021-11-26,37.5,19.0,27.3,0.0,0.0,0.0,11.3,20.8,3,41.9,48.7,20.6,25.6,0.0,0.0,17.6,16.3,46.34285714285714,0.004000000000000444,11,330,52.8,0,0.0
2021-11-27,52.8,27.4,38.4,0.012,0.012,0.0,13.9,23.9,51,37.5,57.6,19.0,42.3,0.0,0.0,11.3,15.0,46.44285714285714,0.016000000000000444,11,331,39.7,0,0.0
2021-11-28,39.7,27.6,32.8,0.0,0.0,0.0,13.4,22.1,3,52.8,41.9,27.4,20.6,0.012,0.0,13.9,17.6,44.8,0.012000000000000444,11,332,51.2,0,0.0
2021-11-29,51.2,28.0,40.2,0.0,0.0,0.0,13.0,23.5,3,39.7,37.5,27.6,19.0,0.0,0.0,13.4,11.3,47.05714285714286,0.012000000000000444,11,333,50.6,0,0.0
2021-11-30,50.6,34.5,42.2,0.0,0.0,0.0,12.0,19.9,3,51.2,52.8,28.0,27.4,0.0,0.012,13.0,13.9,47.32857142857143,0.012000000000000444,11,334,54.2,0,0.0
2021-12-01,54.2,38.9,46.3,0.047,0.047,0.0,14.8,24.6,53,50.6,39.7,34.5,27.6,0.0,0.0,12.0,13.4,46.84285714285714,0.05900000000000044,12,335,53.8,0,0.0
2021-12-02,53.8,39.1,49.5,0.0,0.0,0.0,13.7,23.7,3,54.2,51.2,38.9,28.0,0.047,0.0,14.8,13.0,48.542857142857144,0.05900000000000044,12,336,52.3,0,0.0
2021-12-03,52.3,37.7,43.0,0.0,0.0,0.0,9.0,16.8,3,53.8,50.6,39.1,34.5,0.0,0.0,13.7,12.0,50.65714285714286,0.05900000000000044,12,337,41.5,0,0.0
2021-12-04,41.5,30.1,36.4,0.0,0.0,0.0,10.3,17.2,3,52.3,54.2,37.7,38.9,0.0,0.047,9.0,14.8,49.042857142857144,0.047000000000000444,12,338,45.1,0,0.0
2021-12-05,45.1,33.2,38.7,0.063,0.063,0.0,16.4,27.7,53,41.5,53.8,30.1,39.1,0.0,0.0,10.3,13.7,49.81428571428571,0.11000000000000044,12,339,37.8,0,0.0
2021-12-06,37.8,14.8,23.9,0.0,0.0,0.0,23.6,41.4,3,45.1,52.3,33.2,37.7,0.063,0.0,16.4,9.0,47.9,0.11000000000000044,12,340,29.7,0,0.0
2021-12-07,29.7,14.6,20.9,0.008,0.0,0.055,13.2,23.3,71,37.8,41.5,14.8,30.1,0.0,0.0,23.6,10.3,44.91428571428571,0.11800000000000044,12,341,32.1,0,0.0
2021-12-08,32.1,19.6,26.1,0.0,0.0,0.0,10.8,17.7,3,29.7,45.1,14.6,33.2,0.008,0.063,13.2,16.4,41.75714285714286,0.07100000000000045,12,342,50.5,0,0.0
2021-12-09,50.5,28.3,37.9,0.0,0.0,0.0,15.2,25.5,3,32.1,37.8,19.6,14.8,0.0,0.0,10.8,23.6,41.285714285714285,0.07100000000000045,12,343,44.8,0,0.0
2021-12-10,44.8,31.2,37.6,0.287,0.287,0.0,15.0,26.2,63,50.5,29.7,28.3,14.6,0.0,0.008,15.2,13.2,40.214285714285715,0.35800000000000043,12,344,43.3,0,0.0
2021-12-11,43.3,29.8,35.4,0.039,0.016,0.165,24.8,42.5,73,44.8,32.1,31.2,19.6,0.287,0.0,15.0,10.8,40.47142857142857,0.3970000000000004,12,345,48.0,0,0.0
2021-12-12,48.0,31.5,39.6,0.0,0.0,0.0,15.6,26.4,3,43.3,50.5,29.8,28.3,0.039,0.0,24.8,15.2,40.885714285714286,0.3340000000000004,12,346,49.2,0,0.0
2021-12-13,49.2,33.0,39.8,0.0,0.0,0.0,11.2,19.0,3,48.0,44.8,31.5,31.2,0.0,0.287,15.6,15.0,42.51428571428572,0.3340000000000004,12,347,53.9,0,0.0
2021-12-14,53.9,34.2,43.4,0.004,0.004,0.0,13.5,22.4,51,49.2,43.3,33.0,29.8,0.0,0.039,11.2,24.8,45.971428571428575,0.3300000000000004,12,348,71.2,0,0.0
2021-12-15,71.2,55.2,64.1,0.067,0.067,0.0,34.2,61.1,61,53.9,48.0,34.2,31.5,0.004,0.0,13.5,15.6,51.55714285714286,0.3970000000000004,12,349,59.5,0,0.0
2021-12-16,59.5,28.0,36.8,0.0,0.0,0.0,31.3,60.6,1,71.2,49.2,55.2,33.0,0.067,0.0,34.2,11.2,52.84285714285714,0.3970000000000004,12,350,38.7,0,0.0
2021-12-17,38.7,21.7,30.7,0.0,0.0,0.0,10.1,19.0,3,59.5,53.9,28.0,34.2,0.0,0.004,31.3,13.5,51.971428571428575,0.11000000000000044,12,351,36.0,0,0.0
2021-12-18,36.0,22.8,30.3,0.0,0.0,0.0,13.4,24.8,3,38.7,71.2,21.7,55.2,0.0,0.067,10.1,34.2,50.92857142857143,0.07100000000000045,12,352,32.5,0,0.0
2021-12-19,32.5,18.7,24.9,0.0,0.0,0.0,13.5,22.4,3,36.0,59.5,22.8,28.0,0.0,0.0,13.4,31.3,48.714285714285715,0.07100000000000045,12,353,40.8,0,0.0
2021-12-20,40.8,25.1,31.2,0.0,0.0,0.0,11.6,20.8,3,32.5,38.7,18.7,21.7,0.0,0.0,13.5,10.1,47.51428571428572,0.07100000000000045,12,354,39.0,0,0.0
2021-12-21,39.0,19.3,27.0,0.0,0.0,0.0,15.9,28.2,3,40.8,36.0,25.1,22.8,0.0,0.0,11.6,13.4,45.38571428571429,0.06700000000000045,12,355,34.3,0,0.0
2021-12-22,34.3,15.4,24.5,0.0,0.0,0.0,11.7,21.7,2,39.0,32.5,19.3,18.7,0.0,0.0,15.9,13.5,40.114285714285714,0.0,12,356,49.5,0,0.0
2021-12-23,49.5,27.3,36.4,0.0,0.0,0.0,12.9,22.8,3,34.3,40.8,15.4,25.1,0.0,0.0,11.7,11.6,38.68571428571429,0.0,12,357,59.7,0,0.0
2021-12-24,59.7,34.7,46.3,0.0,0.0,0.0,13.3,22.1,3,49.5,39.0,27.3,19.3,0.0,0.0,12.9,15.9,41.68571428571429,0.0,12,358,45.8,0,0.0
2021-12-25,45.8,30.1,40.1,0.024,0.024,0.0,13.9,23.3,51,59.7,34.3,34.7,15.4,0.0,0.0,13.3,11.7,43.08571428571429,0.024000000000000445,12,359,46.3,0,0.0
2021-12-26,46.3,23.3,35.1,0.472,0.472,0.0,21.6,38.7,63,45.8,49.5,30.1,27.3,0.024,0.0,13.9,12.9,45.05714285714286,0.49600000000000044,12,360,39.8,0,0.0
2021-12-27,39.8,26.2,35.3,0.122,0.122,0.0,16.2,28.4,61,46.3,59.7,23.3,34.7,0.472,0.0,21.6,13.3,44.91428571428571,0.6180000000000004,12,361,36.9,0,0.0
2021-12-28,36.9,26.2,31.6,0.362,0.02,2.398,15.5,26.2,75,39.8,45.8,26.2,30.1,0.122,0.024,16.2,13.9,44.614285714285714,0.9800000000000004,12,362,28.3,0,0.0
2021-12-29,28.3,10.7,18.4,0.091,0.0,0.634,11.4,19.7,73,36.9,46.3,26.2,23.3,0.362,0.472,15.5,21.6,43.75714285714285,1.0710000000000004,12,363,32.6,0,0.0
2021-12-30,32.6,9.3,21.3,0.0,0.0,0.0,7.7,10.5,3,28.3,39.8,10.7,26.2,0.091,0.122,11.4,16.2,41.34285714285714,1.0710000000000004,12,364,34.8,0,0.0
2021-12-31,34.8,13.8,26.7,0.0,0.0,0.0,12.1,20.4,3,32.6,36.9,9.3,26.2,0.0,0.362,7.7,15.5,37.785714285714285,1.0710000000000004,12,365,27.8,0,0.0
2022-01-01,27.8,9.5,15.7,0.39,0.0,2.728,17.5,29.5,75,34.8,28.3,13.8,10.7,0.0,0.091,12.1,11.4,35.21428571428571,1.4370000000000003,1,1,8.7,0,0.0
2022-01-02,8.7,-8.2,-2.1,0.016,0.0,0.11,14.1,23.0,73,27.8,32.6,9.5,9.3,0.39,0.0,17.5,7.7,29.842857142857138,0.9810000000000004,1,2,21.2,0,0.0
2022-01-03,21.2,-9.2,5.7,0.0,0.0,0.0,11.0,17.2,1,8.7,34.8,-8.2,13.8,0.016,0.0,14.1,12.1,27.185714285714283,0.8590000000000004,1,3,34.2,0,0.0
2022-01-04,34.2,21.5,27.5,0.0,0.0,0.0,15.7,25.5,3,21.2,27.8,-9.2,9.5,0.0,0.39,11.0,17.5,26.800000000000004,0.49700000000000044,1,4,30.1,0,0.0
2022-01-05,30.1,4.7,12.0,0.0,0.0,0.0,21.9,40.0,3,34.2,8.7,21.5,-8.2,0.0,0.016,15.7,14.1,27.057142857142857,0.40600000000000047,1,5,5.7,0,0.0
2022-01-06,5.7,-6.6,-0.1,0.0,0.0,0.0,14.8,25.1,3,30.1,21.2,4.7,-9.2,0.0,0.0,21.9,11.0,23.214285714285715,0.40600000000000047,1,6,8.4,0,0.0
2022-01-07,8.4,-11.1,-2.5,0.0,0.0,0.0,12.1,19.7,3,5.7,34.2,-6.6,21.5,0.0,0.0,14.8,15.7,19.442857142857147,0.40600000000000047,1,7,33.3,0,0.0
2022-01-08,33.3,9.4,22.5,0.004,0.004,0.0,16.0,27.3,51,8.4,30.1,-11.1,4.7,0.0,0.0,12.1,21.9,20.22857142857143,0.020000000000000445,1,8,31.4,0,0.0
2022-01-09,31.4,3.0,12.0,0.0,0.0,0.0,20.0,36.7,3,33.3,5.7,9.4,-6.6,0.004,0.0,16.0,14.8,23.47142857142857,0.004000000000000444,1,9,10.7,0,0.0
2022-01-10,10.7,4.0,7.8,0.0,0.0,0.0,9.6,16.6,3,31.4,8.4,3.0,-11.1,0.0,0.0,20.0,12.1,21.97142857142857,0.004000000000000444,1,10,41.5,0,0.0
2022-01-11,41.5,-2.0,20.8,0.0,0.0,0.0,19.5,32.0,3,10.7,33.3,4.0,9.4,0.0,0.004,9.6,16.0,23.014285714285712,0.004000000000000444,1,11,40.4,0,0.0
2022-01-12,40.4,27.0,32.5,0.0,0.0,0.0,9.4,16.8,3,41.5,31.4,-2.0,3.0,0.0,0.0,19.5,20.0,24.485714285714288,0.004000000000000444,1,12,44.2,0,0.0
2022-01-13,44.2,24.1,32.7,0.004,0.004,0.0,9.6,15.9,51,40.4,10.7,27.0,4.0,0.0,0.0,9.4,9.6,29.985714285714284,0.008000000000000444,1,13,34.1,0,0.0
2022-01-14,34.1,24.5,29.5,0.339,0.004,2.343,17.3,30.0,73,44.2,41.5,24.1,-2.0,0.004,0.0,9.6,19.5,33.65714285714286,0.3470000000000005,1,14,23.7,0,0.0
2022-01-15,23.7,1.4,14.6,0.161,0.0,1.13,18.5,31.1,73,34.1,40.4,24.5,27.0,0.339,0.0,17.3,9.4,32.285714285714285,0.5040000000000004,1,15,23.9,0,0.0
2022-01-16,23.9,1.1,16.0,0.0,0.0,0.0,12.8,20.1,3,23.7,44.2,1.4,24.1,0.161,0.004,18.5,9.6,31.214285714285715,0.5040000000000004,1,16,27.3,0,0.0
2022-01-17,27.3,18.4,24.0,0.0,0.0,0.0,15.6,25.3,3,23.9,34.1,1.1,24.5,0.0,0.339,12.8,17.3,33.58571428571428,0.5040000000000004,1,17,37.8,0,0.0
2022-01-18,37.8,18.3,29.6,0.0,0.0,0.0,14.4,22.6,3,27.3,23.7,18.4,1.4,0.0,0.161,15.6,18.5,33.05714285714286,0.5040000000000004,1,18,30.7,0,0.0
2022-01-19,30.7,0.7,8.5,0.0,0.0,0.0,18.7,32.7,3,37.8,23.9,18.3,1.1,0.0,0.0,14.4,12.8,31.67142857142857,0.5040000000000004,1,19,0.6,0,0.0
2022-01-20,0.6,-9.2,-3.7,0.0,0.0,0.0,10.8,18.1,0,30.7,27.3,0.7,18.4,0.0,0.0,18.7,15.6,25.442857142857143,0.5000000000000004,1,20,13.2,0,0.0
2022-01-21,13.2,-8.2,2.7,0.0,0.0,0.0,12.4,20.6,3,0.6,37.8,-9.2,18.3,0.0,0.0,10.8,14.4,22.45714285714286,0.16100000000000045,1,21,27.1,0,0.0
2022-01-22,27.1,13.5,20.5,0.012,0.0,0.083,15.6,26.8,71,13.2,30.7,-8.2,0.7,0.0,0.0,12.4,18.7,22.942857142857143,0.012000000000000444,1,22,36.5,0,0.0
2022-01-23,36.5,5.3,15.3,0.02,0.004,0.11,19.6,34.9,71,27.1,0.6,13.5,-9.2,0.012,0.0,15.6,10.8,24.74285714285714,0.032000000000000445,1,23,30.8,0,0.0
2022-01-24,30.8,2.8,19.2,0.055,0.0,0.386,18.3,31.5,73,36.5,13.2,5.3,-8.2,0.02,0.0,19.6,12.4,25.242857142857144,0.08700000000000044,1,24,1.5,0,0.0
2022-01-25,1.5,-8.4,-3.1,0.0,0.0,0.0,10.7,18.1,0,30.8,27.1,2.8,13.5,0.055,0.012,18.3,15.6,20.057142857142857,0.08700000000000044,1,25,17.4,0,0.0
2022-01-26,17.4,-16.4,2.5,0.0,0.0,0.0,13.2,21.9,3,1.5,36.5,-8.4,5.3,0.0,0.02,10.7,19.6,18.15714285714286,0.08700000000000044,1,26,34.2,0,0.0
2022-01-27,34.2,18.0,25.0,0.0,0.0,0.0,14.7,25.7,3,17.4,30.8,-16.4,2.8,0.0,0.055,13.2,18.3,22.957142857142856,0.08700000000000044,1,27,21.4,0,0.0
2022-01-28,21.4,1.0,9.9,0.0,0.0,0.0,11.6,19.9,3,34.2,1.5,18.0,-8.4,0.0,0.0,14.7,10.7,24.12857142857143,0.08700000000000044,1,28,31.0,0,0.0
2022-01-29,31.0,2.8,17.3,0.0,0.0,0.0,10.8,19.5,3,21.4,17.4,1.0,-16.4,0.0,0.0,11.6,13.2,24.685714285714287,0.07500000000000046,1,29,25.2,0,0.0
2022-01-30,25.2,15.3,20.9,0.0,0.0,0.0,13.6,23.0,3,31.0,34.2,2.8,18.0,0.0,0.0,10.8,14.7,23.071428571428577,0.055000000000000444,1,30,37.3,0,0.0
2022-01-31,37.3,8.6,24.9,0.0,0.0,0.0,14.2,23.5,3,25.2,21.4,15.3,1.0,0.0,0.0,13.6,11.6,24.0,0.0,1,31,38.4,0,0.0
2022-02-01,38.4,17.0,31.4,0.0,0.0,0.0,17.5,30.2,3,37.3,31.0,8.6,2.8,0.0,0.0,14.2,10.8,29.271428571428572,0.0,2,32,15.9,0,0.0
2022-02-02,15.9,9.2,11.8,0.063,0.0,0.441,17.0,30.9,71,38.4,25.2,17.0,15.3,0.0,0.0,17.5,13.6,29.057142857142857,0.06300000000000044,2,33,11.7,0,0.0
2022-02-03,11.7,2.4,7.1,0.0,0.0,0.0,12.9,23.3,3,15.9,37.3,9.2,8.6,0.063,0.0,17.0,14.2,25.842857142857138,0.06300000000000044,2,34,20.6,0,0.0
2022-02-04,20.6,-5.4,7.2,0.008,0.0,0.055,18.6,31.8,71,11.7,38.4,2.4,17.0,0.0,0.0,12.9,17.5,25.728571428571428,0.07100000000000045,2,35,31.3,0,0.0
2022-02-05,31.3,-5.8,13.6,0.0,0.0,0.0,17.0,30.2,2,20.6,15.9,-5.4,9.2,0.008,0.063,18.6,17.0,25.771428571428572,0.07100000000000045,2,36,42.1,0,0.0
2022-02-06,42.1,17.4,29.8,0.0,0.0,0.0,16.2,28.9,3,31.3,11.7,-5.8,2.4,0.0,0.0,17.0,12.9,28.185714285714283,0.07100000000000045,2,37,28.9,0,0.0
2022-02-07,28.9,8.8,17.8,0.0,0.0,0.0,14.6,26.4,3,42.1,20.6,17.4,-5.4,0.0,0.008,16.2,18.6,26.985714285714288,0.07100000000000045,2,38,54.1,0,0.0
2022-02-08,54.1,23.6,34.5,0.0,0.0,0.0,14.6,25.7,3,28.9,31.3,8.8,-5.8,0.0,0.0,14.6,17.0,29.228571428571428,0.07100000000000045,2,39,42.6,0,0.0
2022-02-09,42.6,29.9,35.0,0.031,0.02,0.083,20.3,35.3,71,54.1,42.1,23.6,17.4,0.0,0.0,14.6,16.2,33.04285714285714,0.039000000000000444,2,40,40.0,0,0.0
2022-02-10,40.0,21.5,30.2,0.0,0.0,0.0,18.2,30.4,3,42.6,28.9,29.9,8.8,0.031,0.0,20.3,14.6,37.08571428571429,0.039000000000000444,2,41,44.8,0,0.0
2022-02-11,44.8,14.2,33.0,0.067,0.067,0.0,22.3,41.4,53,40.0,54.1,21.5,23.6,0.0,0.0,18.2,14.6,40.542857142857144,0.09800000000000045,2,42,19.0,0,0.0
2022-02-12,19.0,7.8,13.0,0.0,0.0,0.0,18.6,32.7,3,44.8,42.6,14.2,29.9,0.067,0.031,22.3,20.3,38.785714285714285,0.09800000000000045,2,43,16.0,0,0.0
2022-02-13,16.0,10.6,13.8,0.028,0.0,0.193,12.0,23.5,71,19.0,40.0,7.8,21.5,0.0,0.0,18.6,18.2,35.05714285714286,0.12600000000000044,2,44,33.7,0,0.0
2022-02-14,33.7,12.8,21.8,0.0,0.0,0.0,8.7,14.5,3,16.0,44.8,10.6,14.2,0.028,0.067,12.0,22.3,35.74285714285714,0.12600000000000044,2,45,49.1,0,0.0
2022-02-15,49.1,20.6,33.6,0.0,0.0,0.0,17.1,30.6,3,33.7,19.0,12.8,7.8,0.0,0.0,8.7,18.6,35.028571428571425,0.12600000000000044,2,46,57.7,0,0.0
2022-02-16,57.7,31.3,45.5,0.185,0.169,0.11,17.5,29.3,71,49.1,16.0,20.6,10.6,0.0,0.028,17.1,12.0,37.18571428571429,0.28000000000000047,2,47,30.4,0,0.0
2022-02-17,30.4,12.2,20.6,0.079,0.004,0.524,19.3,32.7,73,57.7,33.7,31.3,12.8,0.185,0.0,17.5,8.7,35.81428571428572,0.35900000000000043,2,48,42.7,0,0.0
2022-02-18,42.7,11.6,25.5,0.02,0.0,0.138,22.1,39.1,73,30.4,49.1,12.2,20.6,0.079,0.0,19.3,17.1,35.51428571428571,0.31200000000000044,2,49,27.3,0,0.0
2022-02-19,27.3,8.9,17.9,0.0,0.0,0.0,20.5,34.4,3,42.7,57.7,11.6,31.3,0.02,0.185,22.1,17.5,36.699999999999996,0.31200000000000044,2,50,59.2,0,0.0
2022-02-20,59.2,23.5,41.5,0.0,0.0,0.0,21.3,37.8,3,27.3,30.4,8.9,12.2,0.0,0.079,20.5,19.3,42.871428571428574,0.2840000000000004,2,51,58.6,0,0.0
2022-02-21,58.6,30.3,41.7,0.0,0.0,0.0,15.7,27.7,3,59.2,42.7,23.5,11.6,0.0,0.02,21.3,22.1,46.42857142857143,0.2840000000000004,2,52,36.9,0,0.0
2022-02-22,36.9,11.4,26.7,0.335,0.327,0.055,19.8,34.9,71,58.6,27.3,30.3,8.9,0.0,0.0,15.7,20.5,44.68571428571429,0.6190000000000004,2,53,22.2,0,0.0
2022-02-23,22.2,6.4,13.5,0.0,0.0,0.0,16.7,28.9,3,36.9,59.2,11.4,23.5,0.335,0.0,19.8,21.3,39.614285714285714,0.4340000000000005,2,54,26.1,0,0.0
2022-02-24,26.1,12.7,19.8,0.067,0.0,0.469,11.4,21.5,73,22.2,58.6,6.4,30.3,0.0,0.0,16.7,15.7,39.0,0.4220000000000005,2,55,27.0,0,0.0
2022-02-25,27.0,13.0,20.0,0.016,0.0,0.11,10.5,19.9,73,26.1,36.9,12.7,11.4,0.067,0.335,11.4,19.8,36.75714285714286,0.4180000000000005,2,56,39.4,0,0.0
2022-02-26,39.4,11.5,23.6,0.0,0.0,0.0,13.3,25.3,0,27.0,22.2,13.0,6.4,0.016,0.0,10.5,16.7,38.48571428571428,0.4180000000000005,2,57,43.5,0,0.0
2022-02-27,43.5,22.1,31.5,0.0,0.0,0.0,12.3,19.9,3,39.4,26.1,11.5,12.7,0.0,0.067,13.3,11.4,36.24285714285715,0.4180000000000005,2,58,55.5,0,0.0
2022-02-28,55.5,27.8,40.1,0.0,0.0,0.0,11.9,19.2,3,43.5,27.0,22.1,13.0,0.0,0.016,12.3,10.5,35.8,0.4180000000000005,2,59,58.4,0,0.0
2022-03-01,58.4,32.5,43.9,0.0,0.0,0.0,10.6,19.2,3,55.5,39.4,27.8,11.5,0.0,0.0,11.9,13.3,38.87142857142857,0.08300000000000045,3,60,62.7,0,0.0
2022-03-02,62.7,30.3,43.8,0.0,0.0,0.0,14.0,24.4,3,58.4,43.5,32.5,22.1,0.0,0.0,10.6,12.3,44.65714285714286,0.08300000000000045,3,61,34.9,0,0.0
2022-03-03,34.9,27.2,30.9,0.031,0.0,0.22,11.1,20.1,73,62.7,55.5,30.3,27.8,0.0,0.0,14.0,11.9,45.91428571428571,0.047000000000000444,3,62,47.9,0,0.0
2022-03-04,47.9,24.8,35.1,0.0,0.0,0.0,15.0,26.8,3,34.9,58.4,27.2,32.5,0.031,0.0,11.1,10.6,48.89999999999999,0.031000000000000444,3,63,63.3,0,0.0
2022-03-05,63.3,42.4,54.1,0.571,0.571,0.0,21.7,39.1,63,47.9,62.7,24.8,30.3,0.0,0.0,15.0,14.0,52.31428571428571,0.6020000000000004,3,64,47.2,0,0.0
2022-03-06,47.2,28.7,35.8,0.016,0.0,0.11,23.5,40.9,73,63.3,34.9,42.4,27.2,0.571,0.031,21.7,11.1,52.84285714285714,0.6180000000000004,3,65,33.1,0,0.0
2022-03-07,33.1,22.2,28.3,0.299,0.0,2.094,16.0,29.1,75,47.2,47.9,28.7,24.8,0.016,0.0,23.5,15.0,49.642857142857146,0.9170000000000005,3,66,40.7,0,0.0
2022-03-08,40.7,16.3,28.3,0.0,0.0,0.0,11.1,21.9,3,33.1,63.3,22.2,42.4,0.299,0.571,16.0,21.7,47.114285714285714,0.9170000000000005,3,67,32.8,0,0.0
2022-03-09,32.8,23.1,27.8,0.0,0.0,0.0,12.7,25.1,3,40.7,47.2,16.3,28.7,0.0,0.016,11.1,23.5,42.84285714285714,0.9170000000000005,3,68,24.5,0,0.0
2022-03-10,24.5,17.5,21.0,0.043,0.004,0.276,11.9,21.0,71,32.8,33.1,23.1,22.2,0.0,0.299,12.7,16.0,41.357142857142854,0.9290000000000004,3,69,30.6,0,0.0
2022-03-11,30.6,13.2,21.8,0.0,0.0,0.0,19.8,36.2,3,24.5,40.7,17.5,16.3,0.043,0.0,11.9,11.1,38.885714285714286,0.9290000000000004,3,70,29.4,0,0.0
2022-03-12,29.4,7.2,17.3,0.0,0.0,0.0,14.2,25.5,3,30.6,32.8,13.2,23.1,0.0,0.0,19.8,12.7,34.042857142857144,0.35800000000000043,3,71,55.7,0,0.0
2022-03-13,55.7,21.8,37.8,0.0,0.0,0.0,13.8,23.0,3,29.4,24.5,7.2,17.5,0.0,0.043,14.2,11.9,35.25714285714286,0.3420000000000004,3,72,60.3,0,0.0
2022-03-14,60.3,33.3,46.7,0.0,0.0,0.0,12.8,23.7,3,55.7,30.6,21.8,13.2,0.0,0.0,13.8,19.8,39.142857142857146,0.04300000000000044,3,73,57.2,0,0.0
2022-03-15,57.2,30.2,41.7,0.0,0.0,0.0,7.6,15.4,3,60.3,29.4,33.3,7.2,0.0,0.0,12.8,14.2,41.5,0.04300000000000044,3,74,66.3,0,0.0
2022-03-16,66.3,34.3,48.9,0.0,0.0,0.0,14.5,26.2,3,57.2,55.7,30.2,21.8,0.0,0.0,7.6,13.8,46.285714285714285,0.04300000000000044,3,75,53.5,0,0.0
2022-03-17,53.5,42.2,47.9,0.075,0.075,0.0,13.9,23.3,53,66.3,60.3,34.3,33.3,0.0,0.0,14.5,12.8,50.42857142857143,0.07500000000000044,3,76,46.5,0,0.0
2022-03-18,46.5,34.9,40.1,1.047,1.004,0.303,19.8,34.2,73,53.5,57.2,42.2,30.2,0.075,0.0,13.9,7.6,52.699999999999996,1.1220000000000003,3,77,53.4,0,0.0
2022-03-19,53.4,35.2,41.4,0.055,0.055,0.0,14.8,25.5,53,46.5,66.3,34.9,34.3,1.047,0.0,19.8,14.5,56.128571428571426,1.1770000000000003,3,78,63.9,0,0.0
2022-03-20,63.9,32.5,47.7,0.0,0.0,0.0,11.0,17.9,3,53.4,53.5,35.2,42.2,0.055,0.075,14.8,13.9,57.300000000000004,1.1770000000000003,3,79,71.2,0,0.0
2022-03-21,71.2,50.5,59.6,0.0,0.0,0.0,15.8,28.0,3,63.9,46.5,32.5,34.9,0.0,1.047,11.0,19.8,58.857142857142854,1.1770000000000003,3,80,59.4,0,0.0
2022-03-22,59.4,49.3,53.0,0.543,0.543,0.0,17.1,29.5,61,71.2,53.4,50.5,35.2,0.0,0.055,15.8,14.8,59.17142857142857,1.7200000000000004,3,81,52.2,0,0.0
2022-03-23,52.2,38.7,46.2,0.622,0.622,0.0,16.7,29.3,63,59.4,63.9,49.3,32.5,0.543,0.0,17.1,11.0,57.15714285714286,2.3420000000000005,3,82,41.9,0,0.0
2022-03-24,41.9,35.2,38.4,0.043,0.043,0.0,12.8,22.8,51,52.2,71.2,38.7,50.5,0.622,0.0,16.7,15.8,55.5,2.31,3,83,49.6,0,0.0
2022-03-25,49.6,37.3,42.6,0.0,0.0,0.0,27.3,49.0,3,41.9,59.4,35.2,49.3,0.043,0.543,12.8,17.1,55.94285714285714,1.2630000000000006,3,84,37.3,0,0.0
2022-03-26,37.3,24.3,30.8,0.0,0.0,0.0,20.0,35.6,3,49.6,52.2,37.3,38.7,0.0,0.622,27.3,16.7,53.642857142857146,1.2080000000000006,3,85,36.8,0,0.0
2022-03-27,36.8,22.6,28.7,0.0,0.0,0.0,11.0,20.6,3,37.3,41.9,24.3,35.2,0.0,0.043,20.0,12.8,49.771428571428565,1.2080000000000006,3,86,41.4,0,0.0
2022-03-28,41.4,22.6,31.6,0.0,0.0,0.0,11.5,19.7,3,36.8,49.6,22.6,37.3,0.0,0.0,11.0,27.3,45.51428571428572,1.2080000000000006,3,87,46.0,0,0.0
2022-03-29,46.0,31.7,38.6,0.0,0.0,0.0,19.9,35.1,3,41.4,37.3,22.6,24.3,0.0,0.0,11.5,20.0,43.60000000000001,0.6650000000000005,3,88,56.2,0,0.0
2022-03-30,56.2,36.0,47.9,0.579,0.579,0.0,19.5,34.9,63,46.0,36.8,31.7,22.6,0.0,0.0,19.9,11.0,44.17142857142857,0.6220000000000004,3,89,40.3,0,0.0
2022-03-31,40.3,32.4,35.9,0.197,0.043,1.075,18.0,31.5,73,56.2,41.4,36.0,22.6,0.579,0.0,19.5,11.5,43.942857142857136,0.7760000000000005,3,90,46.0,0,0.0
2022-04-01,46.0,23.9,35.5,0.0,0.0,0.0,7.6,14.1,3,40.3,46.0,32.4,31.7,0.197,0.0,18.0,19.9,43.42857142857143,0.7760000000000005,4,91,48.7,0,0.0
2022-04-02,48.7,32.7,39.4,0.24,0.098,0.992,16.6,30.2,75,46.0,56.2,23.9,36.0,0.0,0.579,7.6,19.5,45.05714285714286,1.0160000000000005,4,92,52.4,0,0.0
2022-04-03,52.4,27.1,40.9,0.177,0.177,0.0,11.4,19.2,55,48.7,40.3,32.7,32.4,0.24,0.197,16.6,18.0,47.285714285714285,1.1930000000000005,4,93,51.7,0,0.0
2022-04-04,51.7,33.9,42.7,0.055,0.055,0.0,16.9,28.9,61,52.4,46.0,27.1,23.9,0.177,0.0,11.4,7.6,48.75714285714286,1.2480000000000004,4,94,56.6,0,0.0
2022-04-05,56.6,32.8,43.9,0.461,0.461,0.0,14.9,28.0,63,51.7,48.7,33.9,32.7,0.055,0.24,16.9,16.6,50.271428571428565,1.7090000000000005,4,95,53.9,0,0.0
2022-04-06,53.9,41.1,45.9,0.031,0.031,0.0,25.1,43.4,53,56.6,52.4,32.8,27.1,0.461,0.177,14.9,11.4,49.94285714285714,1.1610000000000005,4,96,43.7,0,0.0
2022-04-07,43.7,35.1,39.8,0.063,0.063,0.0,20.9,37.4,51,53.9,51.7,41.1,33.9,0.031,0.055,25.1,16.9,50.42857142857143,1.0270000000000004,4,97,42.1,0,0.0
2022-04-08,42.1,32.0,36.7,0.035,0.004,0.22,18.7,32.7,71,43.7,56.6,35.1,32.8,0.063,0.461,20.9,14.9,49.871428571428574,1.0620000000000003,4,98,51.8,0,0.0
2022-04-09,51.8,27.5,39.7,0.0,0.0,0.0,7.8,16.6,3,42.1,53.9,32.0,41.1,0.035,0.031,18.7,25.1,50.314285714285724,0.8220000000000004,4,99,65.4,0,0.0
2022-04-10,65.4,36.8,51.3,0.008,0.008,0.0,21.1,37.4,51,51.8,43.7,27.5,35.1,0.0,0.063,7.8,20.9,52.17142857142857,0.6530000000000005,4,100,59.8,0,0.0
2022-04-11,59.8,41.0,50.6,0.0,0.0,0.0,14.7,29.8,3,65.4,42.1,36.8,32.0,0.008,0.035,21.1,18.7,53.32857142857143,0.5980000000000004,4,101,71.2,0,0.0
2022-04-12,71.2,40.1,56.3,0.008,0.008,0.0,24.7,42.1,51,59.8,51.8,41.0,27.5,0.0,0.0,14.7,7.8,55.41428571428572,0.14500000000000046,4,102,68.7,0,0.0
2022-04-13,68.7,36.2,50.6,0.224,0.173,0.358,20.9,35.3,73,71.2,65.4,40.1,36.8,0.008,0.008,24.7,21.1,57.528571428571425,0.3380000000000004,4,103,48.3,0,0.0
2022-04-14,48.3,30.5,38.8,0.0,0.0,0.0,29.7,52.1,3,68.7,59.8,36.2,41.0,0.224,0.0,20.9,14.7,58.18571428571429,0.27500000000000047,4,104,48.8,0,0.0
2022-04-15,48.8,32.1,39.7,0.016,0.0,0.11,10.0,18.8,73,48.3,71.2,30.5,40.1,0.0,0.008,29.7,24.7,59.142857142857146,0.25600000000000045,4,105,45.3,0,0.0
2022-04-16,45.3,28.2,36.0,0.0,0.0,0.0,12.2,24.2,3,48.8,68.7,32.1,36.2,0.016,0.224,10.0,20.9,58.214285714285715,0.25600000000000045,4,106,42.7,0,0.0
2022-04-17,42.7,27.4,36.0,0.039,0.035,0.028,11.4,21.5,71,45.3,48.3,28.2,30.5,0.0,0.0,12.2,29.7,54.971428571428575,0.2870000000000004,4,107,46.0,0,0.0
2022-04-18,46.0,31.4,37.4,0.008,0.008,0.0,24.7,42.7,51,42.7,48.8,27.4,32.1,0.039,0.016,11.4,10.0,53.0,0.29500000000000043,4,108,48.7,0,0.0
2022-04-19,48.7,26.1,38.5,0.0,0.0,0.0,11.4,20.1,3,46.0,45.3,31.4,28.2,0.008,0.0,24.7,12.2,49.785714285714285,0.2870000000000004,4,109,54.0,0,0.0
2022-04-20,54.0,43.9,48.4,0.102,0.102,0.0,23.2,41.2,53,48.7,42.7,26.1,27.4,0.0,0.039,11.4,11.4,47.68571428571429,0.16500000000000042,4,110,66.2,0,0.0
2022-04-21,66.2,40.1,53.7,0.0,0.0,0.0,10.9,18.3,3,54.0,46.0,43.9,31.4,0.102,0.008,23.2,24.7,50.24285714285714,0.16500000000000042,4,111,76.2,0,0.0
2022-04-22,76.2,52.4,62.0,1.043,1.043,0.0,19.7,34.7,63,66.2,48.7,40.1,26.1,0.0,0.0,10.9,11.4,54.15714285714286,1.1920000000000004,4,112,79.2,0,0.0
2022-04-23,79.2,62.7,70.9,0.189,0.189,0.0,25.0,43.4,63,76.2,54.0,52.4,43.9,1.043,0.102,19.7,23.2,59.00000000000001,1.3810000000000004,4,113,64.2,0,0.0
2022-04-24,64.2,48.6,58.2,0.217,0.217,0.0,20.4,38.7,61,79.2,66.2,62.7,40.1,0.189,0.0,25.0,10.9,62.07142857142857,1.5590000000000004,4,114,47.2,0,0.0
2022-04-25,47.2,35.2,42.6,0.0,0.0,0.0,18.1,32.7,3,64.2,76.2,48.6,52.4,0.217,1.043,20.4,19.7,62.24285714285714,1.5510000000000004,4,115,53.0,0,0.0
2022-04-26,53.0,29.3,40.5,0.0,0.0,0.0,11.5,22.1,0,47.2,79.2,35.2,62.7,0.0,0.189,18.1,25.0,62.857142857142854,1.5510000000000004,4,116,58.6,0,0.0
2022-04-27,58.6,34.0,45.3,0.0,0.0,0.0,19.2,34.2,3,53.0,64.2,29.3,48.6,0.0,0.217,11.5,20.4,63.51428571428572,1.4490000000000003,4,117,61.8,0,0.0
2022-04-28,61.8,39.0,49.3,0.15,0.15,0.0,16.6,29.1,61,58.6,47.2,34.0,35.2,0.0,0.0,19.2,18.1,62.88571428571429,1.5990000000000004,4,118,62.1,0,0.0
2022-04-29,62.1,51.8,56.9,0.598,0.598,0.0,18.2,30.2,63,61.8,53.0,39.0,29.3,0.15,0.0,16.6,11.5,60.87142857142857,1.1540000000000004,4,119,67.6,0,0.0
2022-04-30,67.6,51.9,59.8,0.819,0.819,0.0,24.4,43.4,63,62.1,58.6,51.8,34.0,0.598,0.0,18.2,19.2,59.214285714285715,1.7840000000000003,4,120,55.5,0,0.0
2022-05-01,55.5,46.6,50.5,0.0,0.0,0.0,18.8,32.9,3,67.6,61.8,51.9,39.0,0.819,0.15,24.4,16.6,57.971428571428575,1.5670000000000004,5,121,56.0,0,0.0
2022-05-02,56.0,38.7,49.5,0.008,0.008,0.0,13.1,21.5,51,55.5,62.1,46.6,51.8,0.0,0.598,18.8,18.2,59.228571428571435,1.5750000000000004,5,122,52.7,0,0.0
2022-05-03,52.7,46.2,49.3,1.24,1.24,0.0,17.2,30.0,63,56.0,67.6,38.7,51.9,0.008,0.819,13.1,24.4,59.18571428571429,2.8150000000000004,5,123,61.1,0,0.0
2022-05-04,61.1,36.9,49.7,0.0,0.0,0.0,9.2,19.0,3,52.7,55.5,46.2,46.6,1.24,0.0,17.2,18.8,59.542857142857144,2.8150000000000004,5,124,59.3,0,0.0
2022-05-05,59.3,48.7,53.8,0.043,0.043,0.0,14.8,25.9,51,61.1,56.0,36.9,38.7,0.0,0.008,9.2,13.1,59.185714285714276,2.7080000000000006,5,125,63.8,0,0.0
2022-05-06,63.8,49.1,55.1,0.063,0.063,0.0,13.9,25.5,53,59.3,52.7,48.7,46.2,0.043,1.24,14.8,17.2,59.42857142857143,2.173,5,126,67.2,0,0.0
2022-05-07,67.2,43.1,56.1,0.0,0.0,0.0,13.4,22.1,3,63.8,61.1,49.1,36.9,0.063,0.0,13.9,9.2,59.371428571428574,1.3540000000000005,5,127,68.4,0,0.0
2022-05-08,68.4,52.5,60.0,0.024,0.024,0.0,19.6,34.2,51,67.2,59.3,43.1,48.7,0.0,0.043,13.4,14.8,61.214285714285715,1.3780000000000003,5,128,85.1,0,0.0
2022-05-09,85.1,60.5,73.0,0.0,0.0,0.0,21.9,38.5,3,68.4,63.8,52.5,49.1,0.024,0.063,19.6,13.9,65.37142857142858,1.3700000000000003,5,129,87.0,0,0.0
2022-05-10,87.0,69.6,78.9,0.161,0.161,0.0,16.7,33.1,63,85.1,67.2,60.5,43.1,0.0,0.0,21.9,13.4,70.27142857142857,0.2910000000000005,5,130,87.3,0,0.0
2022-05-11,87.3,68.2,78.0,0.126,0.126,0.0,13.0,23.7,61,87.0,68.4,69.6,52.5,0.161,0.024,16.7,19.6,74.01428571428572,0.4170000000000005,5,131,89.0,0,0.0
2022-05-12,89.0,70.1,80.6,0.0,0.0,0.0,16.7,29.3,3,87.3,85.1,68.2,60.5,0.126,0.0,13.0,21.9,78.25714285714287,0.37400000000000044,5,132,83.3,0,0.0
2022-05-13,83.3,64.5,74.9,0.055,0.055,0.0,13.3,24.4,53,89.0,87.0,70.1,69.6,0.0,0.161,16.7,16.7,81.04285714285713,0.3660000000000005,5,133,82.6,0,0.0
2022-05-14,82.6,57.2,70.9,0.0,0.0,0.0,10.4,17.2,3,83.3,87.3,64.5,68.2,0.055,0.126,13.3,13.0,83.24285714285713,0.3660000000000005,5,134,72.5,0,0.0
2022-05-15,72.5,58.3,64.3,0.217,0.217,0.0,17.6,34.2,61,82.6,89.0,57.2,70.1,0.0,0.0,10.4,16.7,83.82857142857142,0.5590000000000004,5,135,76.2,0,0.0
2022-05-16,76.2,53.4,65.1,0.0,0.0,0.0,18.0,32.4,3,72.5,83.3,58.3,64.5,0.217,0.055,17.6,13.3,82.55714285714285,0.5590000000000004,5,136,75.6,0,0.0
2022-05-17,75.6,51.3,64.3,0.004,0.004,0.0,14.1,23.5,51,76.2,82.6,53.4,57.2,0.0,0.0,18.0,10.4,80.92857142857143,0.4020000000000004,5,137,73.5,0,0.0
2022-05-18,73.5,59.9,65.3,0.039,0.039,0.0,10.5,19.0,51,75.6,72.5,51.3,58.3,0.004,0.217,14.1,17.6,78.95714285714287,0.31500000000000045,5,138,83.1,0,0.0
2022-05-19,83.1,60.0,72.8,0.0,0.0,0.0,16.3,28.6,3,73.5,76.2,59.9,53.4,0.039,0.0,10.5,18.0,78.11428571428571,0.3150000000000004,5,139,71.8,0,0.0
2022-05-20,71.8,57.4,64.9,0.531,0.531,0.0,15.1,25.3,65,83.1,75.6,60.0,51.3,0.0,0.004,16.3,14.1,76.47142857142856,0.7910000000000004,5,140,61.3,0,0.0
2022-05-21,61.3,50.9,55.7,0.0,0.0,0.0,11.2,21.5,3,71.8,73.5,57.4,59.9,0.531,0.039,15.1,10.5,73.42857142857143,0.7910000000000005,5,141,62.1,0,0.0
2022-05-22,62.1,44.5,53.6,0.0,0.0,0.0,14.7,26.8,3,61.3,83.1,50.9,60.0,0.0,0.0,11.2,16.3,71.94285714285714,0.5740000000000005,5,142,62.0,0,0.0
2022-05-23,62.0,43.7,54.6,0.0,0.0,0.0,8.5,17.0,3,62.1,71.8,44.5,57.4,0.0,0.531,14.7,15.1,69.91428571428571,0.5740000000000005,5,143,61.2,0,0.0
2022-05-24,61.2,51.2,56.2,0.161,0.161,0.0,18.9,32.4,63,62.0,61.3,43.7,50.9,0.0,0.0,8.5,11.2,67.85714285714286,0.7310000000000005,5,144,71.5,0,0.0
2022-05-25,71.5,52.0,61.9,1.012,1.012,0.0,15.8,32.4,63,61.2,62.1,51.2,44.5,0.161,0.0,18.9,14.7,67.57142857142857,1.7040000000000006,5,145,72.9,0,0.0
2022-05-26,72.9,59.4,64.9,0.268,0.268,0.0,14.2,24.4,63,71.5,62.0,52.0,43.7,1.012,0.0,15.8,8.5,66.11428571428571,1.9720000000000006,5,146,69.8,0,0.0
2022-05-27,69.8,55.0,61.5,0.012,0.012,0.0,15.2,25.9,51,72.9,61.2,59.4,51.2,0.268,0.161,14.2,18.9,65.82857142857144,1.4530000000000007,5,147,77.1,0,0.0
2022-05-28,77.1,54.4,66.2,0.0,0.0,0.0,18.3,32.2,3,69.8,71.5,55.0,52.0,0.012,1.012,15.2,15.8,68.08571428571429,1.4530000000000007,5,148,83.9,0,0.0
2022-05-29,83.9,64.5,73.8,0.0,0.0,0.0,19.6,33.3,3,77.1,72.9,54.4,59.4,0.0,0.268,18.3,14.2,71.2,1.4530000000000007,5,149,85.1,0,0.0
2022-05-30,85.1,69.1,78.0,0.0,0.0,0.0,22.9,39.6,3,83.9,69.8,64.5,55.0,0.0,0.012,19.6,15.2,74.5,1.4530000000000007,5,150,80.9,0,0.0
2022-05-31,80.9,67.0,73.0,0.5,0.5,0.0,17.2,28.9,63,85.1,77.1,69.1,54.4,0.0,0.0,22.9,18.3,77.31428571428572,1.7920000000000007,5,151,71.2,0,0.0
2022-06-01,71.2,58.1,64.7,0.0,0.0,0.0,11.5,20.1,3,80.9,83.9,67.0,64.5,0.5,0.0,17.2,19.6,77.27142857142857,0.7800000000000007,6,152,73.1,0,0.0
2022-06-02,73.1,54.0,63.9,0.0,0.0,0.0,12.9,24.6,3,71.2,85.1,58.1,69.1,0.0,0.0,11.5,22.9,77.3,0.5120000000000007,6,153,75.5,0,0.0
2022-06-03,75.5,53.1,65.1,0.0,0.0,0.0,9.8,19.0,3,73.1,80.9,54.0,67.0,0.0,0.5,12.9,17.2,78.11428571428571,0.5000000000000007,6,154,75.5,0,0.0
2022-06-04,75.5,53.7,65.0,0.004,0.004,0.0,14.3,23.7,51,75.5,71.2,53.1,58.1,0.0,0.0,9.8,11.5,77.88571428571429,0.5040000000000007,6,155,81.4,0,0.0
2022-06-05,81.4,57.3,69.5,0.323,0.323,0.0,11.3,21.3,63,75.5,73.1,53.7,54.0,0.004,0.0,14.3,12.9,77.52857142857144,0.8270000000000006,6,156,76.8,0,0.0
2022-06-06,76.8,63.0,68.6,0.724,0.724,0.0,9.9,20.1,63,81.4,75.5,57.3,53.1,0.323,0.0,11.3,9.8,76.34285714285714,1.5510000000000006,6,157,75.8,0,0.0
2022-06-07,75.8,55.9,66.9,0.0,0.0,0.0,7.3,14.5,3,76.8,75.5,63.0,53.7,0.724,0.004,9.9,14.3,75.61428571428571,1.0510000000000006,6,158,73.4,0,0.0
2022-06-08,73.4,59.7,66.2,0.622,0.622,0.0,14.0,25.9,63,75.8,81.4,55.9,57.3,0.0,0.323,7.3,11.3,75.92857142857143,1.6730000000000005,6,159,75.7,0,0.0
2022-06-09,75.7,55.8,67.3,0.0,0.0,0.0,7.8,15.7,3,73.4,76.8,59.7,63.0,0.622,0.724,14.0,9.9,76.3,1.6730000000000005,6,160,70.1,0,0.0
2022-06-10,70.1,61.2,65.0,0.311,0.311,0.0,6.3,11.9,63,75.7,75.8,55.8,55.9,0.0,0.0,7.8,7.3,75.52857142857144,1.9840000000000007,6,161,79.2,0,0.0
2022-06-11,79.2,57.7,68.3,0.071,0.071,0.0,11.1,21.0,53,70.1,73.4,61.2,59.7,0.311,0.622,6.3,14.0,76.05714285714285,2.0510000000000006,6,162,84.5,0,0.0
2022-06-12,84.5,64.0,74.3,0.035,0.035,0.0,11.0,20.4,53,79.2,75.7,57.7,55.8,0.071,0.0,11.1,7.8,76.5,1.7630000000000006,6,163,88.8,0,0.0
2022-06-13,88.8,68.4,77.6,0.563,0.563,0.0,16.6,33.1,65,84.5,70.1,64.0,61.2,0.035,0.311,11.0,6.3,78.21428571428571,1.6020000000000008,6,164,94.5,0,0.0
2022-06-14,94.5,78.5,85.7,0.0,0.0,0.0,17.7,30.4,0,88.8,79.2,68.4,57.7,0.563,0.071,16.6,11.1,80.88571428571429,1.6020000000000008,6,165,90.1,0,0.0
2022-06-15,90.1,71.4,80.3,0.028,0.028,0.0,19.4,35.3,53,94.5,84.5,78.5,64.0,0.0,0.035,17.7,11.0,83.27142857142857,1.0080000000000007,6,166,85.6,0,0.0
2022-06-16,85.6,67.7,76.3,0.0,0.0,0.0,13.0,23.9,3,90.1,88.8,71.4,68.4,0.028,0.563,19.4,16.6,84.68571428571428,1.0080000000000007,6,167,81.7,0,0.0
2022-06-17,81.7,65.8,73.9,0.0,0.0,0.0,9.2,17.0,3,85.6,94.5,67.7,78.5,0.0,0.0,13.0,17.7,86.34285714285714,0.6970000000000007,6,168,80.2,0,0.0
2022-06-18,80.2,62.2,70.9,0.0,0.0,0.0,11.6,21.7,2,81.7,90.1,65.8,71.4,0.0,0.028,9.2,19.4,86.48571428571428,0.6260000000000007,6,169,84.6,0,0.0
2022-06-19,84.6,58.0,71.8,0.0,0.0,0.0,11.8,21.7,0,80.2,85.6,62.2,67.7,0.0,0.0,11.6,13.0,86.5,0.5910000000000006,6,170,90.9,0,0.0
2022-06-20,90.9,64.8,78.2,0.0,0.0,0.0,12.8,21.0,0,84.6,81.7,58.0,65.8,0.0,0.0,11.8,9.2,86.79999999999998,0.028000000000000667,6,171,94.9,0,0.0
2022-06-21,94.9,74.2,82.5,0.051,0.051,0.0,14.4,26.2,61,90.9,80.2,64.8,62.2,0.0,0.0,12.8,11.6,86.85714285714286,0.07900000000000067,6,172,84.4,0,0.0
2022-06-22,84.4,68.4,76.6,0.0,0.0,0.0,10.6,20.6,3,94.9,84.6,74.2,58.0,0.051,0.0,14.4,11.8,86.04285714285716,0.05100000000000066,6,173,88.8,0,0.0
2022-06-23,88.8,65.4,77.9,0.0,0.0,0.0,7.5,15.2,3,84.4,90.9,68.4,64.8,0.0,0.0,10.6,12.8,86.5,0.051000000000000656,6,174,88.1,0,0.0
2022-06-24,88.1,68.4,78.5,0.0,0.0,0.0,12.5,23.7,3,88.8,94.9,65.4,74.2,0.0,0.051,7.5,14.4,87.41428571428571,0.051000000000000656,6,175,88.7,0,0.0
2022-06-25,88.7,68.9,76.9,1.858,1.858,0.0,15.5,28.0,65,88.1,84.4,68.4,68.4,0.0,0.0,12.5,10.6,88.62857142857145,1.9090000000000007,6,176,74.5,0,0.0
2022-06-26,74.5,60.3,69.5,0.0,0.0,0.0,16.3,28.4,3,88.7,88.8,68.9,65.4,1.858,0.0,15.5,7.5,87.1857142857143,1.9090000000000007,6,177,78.4,0,0.0
2022-06-27,78.4,56.8,68.2,0.0,0.0,0.0,8.1,15.2,1,74.5,88.1,60.3,68.4,0.0,0.0,16.3,12.5,85.4,1.9090000000000007,6,178,82.7,0,0.0
2022-06-28,82.7,57.1,71.5,0.0,0.0,0.0,13.8,24.6,0,78.4,88.7,56.8,68.9,0.0,1.858,8.1,15.5,83.65714285714286,1.8580000000000008,6,179,89.2,0,0.0
2022-06-29,89.2,64.7,77.2,0.0,0.0,0.0,10.4,18.6,1,82.7,74.5,57.1,60.3,0.0,0.0,13.8,16.3,84.34285714285714,1.8580000000000008,6,180,90.2,0,0.0
2022-06-30,90.2,70.5,80.0,0.0,0.0,0.0,17.4,30.6,3,89.2,78.4,64.7,56.8,0.0,0.0,10.4,8.1,84.54285714285716,1.8580000000000008,6,181,79.2,0,0.0
2022-07-01,79.2,65.2,74.9,0.024,0.024,0.0,12.2,23.0,51,90.2,82.7,70.5,57.1,0.0,0.0,17.4,13.8,83.27142857142857,1.8820000000000008,7,182,82.9,0,0.0
2022-07-02,82.9,60.4,72.4,0.0,0.0,0.0,9.1,18.3,3,79.2,89.2,65.2,64.7,0.024,0.0,12.2,10.4,82.44285714285715,0.024000000000000667,7,183,85.8,0,0.0
2022-07-03,85.8,60.1,74.4,0.0,0.0,0.0,11.0,21.3,1,82.9,90.2,60.4,70.5,0.0,0.0,9.1,17.4,84.05714285714286,0.024000000000000667,7,184,92.8,0,0.0
2022-07-04,92.8,70.5,80.4,0.142,0.142,0.0,18.8,32.7,55,85.8,79.2,60.1,65.2,0.0,0.024,11.0,12.2,86.11428571428571,0.16600000000000065,7,185,94.3,0,0.0
2022-07-05,94.3,75.5,83.9,0.323,0.323,0.0,10.6,23.9,63,92.8,82.9,70.5,60.4,0.142,0.0,18.8,9.1,87.77142857142857,0.48900000000000066,7,186,81.1,0,0.0
2022-07-06,81.1,71.1,76.2,0.028,0.028,0.0,9.8,18.6,51,94.3,85.8,75.5,60.1,0.323,0.0,10.6,11.0,86.61428571428571,0.5170000000000007,7,187,78.3,0,0.0
2022-07-07,78.3,70.5,74.3,0.531,0.531,0.0,9.5,18.8,63,81.1,92.8,71.1,70.5,0.028,0.142,9.8,18.8,84.91428571428571,1.0480000000000007,7,188,80.2,0,0.0
2022-07-08,80.2,70.7,74.8,0.055,0.055,0.0,13.5,25.1,51,78.3,94.3,70.5,75.5,0.531,0.323,9.5,10.6,85.05714285714286,1.0790000000000006,7,189,81.0,0,0.0
2022-07-09,81.0,64.0,72.5,0.0,0.0,0.0,9.3,18.6,3,80.2,81.1,70.7,71.1,0.055,0.028,13.5,9.8,84.78571428571429,1.0790000000000006,7,190,82.8,0,0.0
2022-07-10,82.8,63.4,73.8,0.0,0.0,0.0,14.5,24.8,3,81.0,78.3,64.0,70.5,0.0,0.531,9.3,9.5,84.35714285714286,1.0790000000000006,7,191,83.9,0,0.0
2022-07-11,83.9,71.5,76.2,0.016,0.016,0.0,14.8,26.4,51,82.8,80.2,63.4,70.7,0.0,0.055,14.5,13.5,83.08571428571429,0.9530000000000007,7,192,81.4,0,0.0
2022-07-12,81.4,63.6,73.2,0.0,0.0,0.0,11.7,20.8,1,83.9,81.0,71.5,64.0,0.016,0.0,14.8,9.3,81.24285714285715,0.6300000000000007,7,193,83.1,0,0.0
2022-07-13,83.1,64.7,74.0,0.0,0.0,0.0,8.5,16.8,1,81.4,82.8,63.6,63.4,0.0,0.0,11.7,14.5,81.52857142857144,0.6020000000000006,7,194,84.0,0,0.0
2022-07-14,84.0,66.7,75.0,0.024,0.024,0.0,11.7,19.0,51,83.1,83.9,64.7,71.5,0.0,0.016,8.5,14.8,82.34285714285714,0.09500000000000067,7,195,85.0,0,0.0
2022-07-15,85.0,70.7,76.5,0.106,0.106,0.0,13.8,25.5,61,84.0,81.4,66.7,63.6,0.024,0.0,11.7,11.7,83.02857142857144,0.14600000000000066,7,196,79.2,0,0.0
2022-07-16,79.2,67.0,73.2,0.008,0.008,0.0,10.5,19.2,51,85.0,83.1,70.7,64.7,0.106,0.0,13.8,8.5,82.77142857142857,0.15400000000000066,7,197,81.8,0,0.0
2022-07-17,81.8,66.9,74.6,0.0,0.0,0.0,8.5,17.0,3,79.2,84.0,67.0,66.7,0.008,0.024,10.5,11.7,82.62857142857142,0.15400000000000066,7,198,85.6,0,0.0
2022-07-18,85.6,65.3,75.8,0.0,0.0,0.0,5.4,10.7,2,81.8,85.0,66.9,70.7,0.0,0.106,8.5,13.8,82.87142857142858,0.13800000000000068,7,199,89.8,0,0.0
2022-07-19,89.8,68.4,79.9,0.0,0.0,0.0,15.8,28.6,3,85.6,79.2,65.3,67.0,0.0,0.008,5.4,10.5,84.07142857142857,0.13800000000000068,7,200,85.5,0,0.0
2022-07-20,85.5,72.9,78.6,0.0,0.0,0.0,17.8,31.3,0,89.8,81.8,68.4,66.9,0.0,0.0,15.8,8.5,84.41428571428571,0.13800000000000068,7,201,89.4,0,0.0
2022-07-21,89.4,68.9,78.5,0.0,0.0,0.0,15.8,28.6,1,85.5,85.6,72.9,65.3,0.0,0.0,17.8,5.4,85.18571428571428,0.11400000000000066,7,202,91.7,0,0.0
2022-07-22,91.7,63.7,76.7,0.0,0.0,0.0,12.9,23.3,3,89.4,89.8,68.9,68.4,0.0,0.0,15.8,15.8,86.14285714285714,0.00800000000000068,7,203,93.7,0,0.0
2022-07-23,93.7,73.6,81.9,0.15,0.15,0.0,19.3,33.3,63,91.7,85.5,63.7,72.9,0.0,0.0,12.9,17.8,88.21428571428571,0.1500000000000007,7,204,86.3,0,0.0
2022-07-24,86.3,67.7,78.4,0.327,0.327,0.0,18.5,31.8,63,93.7,89.4,73.6,68.9,0.15,0.0,19.3,15.8,88.85714285714286,0.47700000000000065,7,205,75.4,0,0.0
2022-07-25,75.4,61.7,69.1,0.0,0.0,0.0,6.5,10.7,3,86.3,91.7,67.7,63.7,0.327,0.0,18.5,12.9,87.39999999999999,0.47700000000000065,7,206,80.0,0,0.0
2022-07-26,80.0,59.6,70.7,0.0,0.0,0.0,6.7,13.4,3,75.4,93.7,61.7,73.6,0.0,0.15,6.5,19.3,86.0,0.47700000000000065,7,207,81.7,0,0.0
2022-07-27,81.7,70.0,75.1,0.012,0.012,0.0,13.4,24.8,51,80.0,86.3,59.6,67.7,0.0,0.327,6.7,18.5,85.45714285714287,0.48900000000000066,7,208,76.6,0,0.0
2022-07-28,76.6,64.6,70.8,0.039,0.039,0.0,11.6,23.5,53,81.7,75.4,70.0,61.7,0.012,0.0,13.4,6.5,83.62857142857142,0.5280000000000007,7,209,77.2,0,0.0
2022-07-29,77.2,59.7,68.1,0.0,0.0,0.0,9.9,19.2,3,76.6,80.0,64.6,59.6,0.039,0.0,11.6,6.7,81.55714285714285,0.5280000000000007,7,210,80.3,0,0.0
2022-07-30,80.3,58.6,70.4,0.0,0.0,0.0,6.7,11.6,3,77.2,81.7,59.7,70.0,0.0,0.012,9.9,13.4,79.64285714285714,0.3780000000000006,7,211,81.5,0,0.0
2022-07-31,81.5,62.7,72.9,0.028,0.028,0.0,12.3,22.4,51,80.3,76.6,58.6,64.6,0.0,0.039,6.7,11.6,78.95714285714287,0.07900000000000067,7,212,84.8,0,0.0
2022-08-01,84.8,69.4,76.5,0.004,0.004,0.0,12.0,20.1,51,81.5,77.2,62.7,59.7,0.028,0.0,12.3,9.9,80.3,0.08300000000000067,8,213,90.1,0,0.0
2022-08-02,90.1,68.1,79.3,0.008,0.008,0.0,14.8,28.0,51,84.8,80.3,69.4,58.6,0.004,0.0,12.0,6.7,81.74285714285713,0.09100000000000066,8,214,87.4,0,0.0
2022-08-03,87.4,77.7,81.2,0.146,0.146,0.0,17.7,31.5,61,90.1,81.5,68.1,62.7,0.008,0.028,14.8,12.3,82.55714285714285,0.22500000000000064,8,215,83.2,0,0.0
2022-08-04,83.2,66.1,75.4,0.0,0.0,0.0,10.2,17.0,1,87.4,84.8,77.7,69.4,0.146,0.004,17.7,12.0,83.5,0.18600000000000066,8,216,87.3,0,0.0
2022-08-05,87.3,68.7,77.1,0.008,0.008,0.0,8.9,16.6,51,83.2,90.1,66.1,68.1,0.0,0.008,10.2,14.8,84.94285714285715,0.19400000000000067,8,217,93.7,0,0.0
2022-08-06,93.7,72.0,82.7,0.0,0.0,0.0,11.4,21.7,3,87.3,87.4,68.7,77.7,0.008,0.146,8.9,17.7,86.85714285714286,0.19400000000000067,8,218,85.8,0,0.0
2022-08-07,85.8,74.5,80.8,0.406,0.406,0.0,12.2,19.9,65,93.7,83.2,72.0,66.1,0.0,0.0,11.4,10.2,87.47142857142858,0.5720000000000007,8,219,80.5,0,0.0
2022-08-08,80.5,64.7,74.0,1.567,1.567,0.0,14.4,27.5,65,85.8,87.3,74.5,68.7,0.406,0.008,12.2,8.9,86.85714285714286,2.1350000000000007,8,220,78.1,0,0.0
2022-08-09,78.1,59.0,68.9,0.0,0.0,0.0,5.7,13.0,3,80.5,93.7,64.7,72.0,1.567,0.0,14.4,11.4,85.14285714285714,2.1270000000000007,8,221,81.5,0,0.0
2022-08-10,81.5,61.2,71.5,0.0,0.0,0.0,5.8,10.3,2,78.1,85.8,59.0,74.5,0.0,0.406,5.7,12.2,84.3,1.9810000000000008,8,222,81.0,0,0.0
2022-08-11,81.0,66.3,73.3,0.008,0.008,0.0,9.0,15.7,51,81.5,80.5,61.2,64.7,0.0,1.567,5.8,14.4,83.98571428571428,1.9890000000000008,8,223,77.4,0,0.0
2022-08-12,77.4,63.9,69.7,0.012,0.012,0.0,10.3,19.2,51,81.0,78.1,66.3,59.0,0.008,0.0,9.0,5.7,82.57142857142857,1.9930000000000008,8,224,89.1,0,0.0
2022-08-13,89.1,66.6,75.6,0.0,0.0,0.0,13.6,24.6,3,77.4,81.5,63.9,61.2,0.012,0.0,10.3,5.8,81.91428571428571,1.9930000000000008,8,225,78.6,0,0.0
2022-08-14,78.6,66.9,71.8,0.016,0.016,0.0,11.4,20.8,51,89.1,81.0,66.6,66.3,0.0,0.008,13.6,9.0,80.88571428571429,1.6030000000000006,8,226,74.8,0,0.0
2022-08-15,74.8,60.5,68.8,0.0,0.0,0.0,7.6,15.2,3,78.6,77.4,66.9,63.9,0.016,0.012,11.4,10.3,80.07142857142857,0.03600000000000067,8,227,78.3,0,0.0
2022-08-16,78.3,63.0,70.6,0.0,0.0,0.0,9.0,18.1,3,74.8,89.1,60.5,66.6,0.0,0.0,7.6,13.6,80.1,0.03600000000000067,8,228,79.7,0,0.0
2022-08-17,79.7,59.4,70.2,0.0,0.0,0.0,6.8,13.9,2,78.3,78.6,63.0,66.9,0.0,0.016,9.0,11.4,79.84285714285714,0.03600000000000067,8,229,81.4,0,0.0
2022-08-18,81.4,57.9,71.6,0.004,0.004,0.0,9.6,17.0,51,79.7,74.8,59.4,60.5,0.0,0.0,6.8,7.6,79.89999999999999,0.03200000000000067,8,230,81.8,0,0.0
2022-08-19,81.8,65.0,71.4,0.657,0.657,0.0,13.2,24.4,63,81.4,78.3,57.9,63.0,0.004,0.0,9.6,9.0,80.52857142857144,0.6770000000000007,8,231,75.9,0,0.0
2022-08-20,75.9,63.7,69.6,0.197,0.197,0.0,12.2,23.9,61,81.8,79.7,65.0,59.4,0.657,0.0,13.2,6.8,78.64285714285714,0.8740000000000008,8,232,78.6,0,0.0
2022-08-21,78.6,62.7,70.2,0.004,0.004,0.0,10.0,19.5,51,75.9,81.4,63.7,57.9,0.197,0.004,12.2,9.6,78.64285714285714,0.8620000000000007,8,233,78.8,0,0.0
2022-08-22,78.8,59.8,69.7,0.0,0.0,0.0,5.4,12.5,3,78.6,81.8,62.7,65.0,0.004,0.657,10.0,13.2,79.21428571428571,0.8620000000000007,8,234,79.4,0,0.0
2022-08-23,79.4,62.2,71.2,0.0,0.0,0.0,7.2,11.4,3,78.8,75.9,59.8,63.7,0.0,0.197,5.4,12.2,79.37142857142858,0.8620000000000007,8,235,83.5,0,0.0
2022-08-24,83.5,62.9,72.9,0.114,0.114,0.0,10.9,17.4,61,79.4,78.6,62.2,62.7,0.0,0.004,7.2,10.0,79.91428571428571,0.9760000000000008,8,236,81.1,0,0.0
2022-08-25,81.1,68.1,74.1,0.031,0.031,0.0,11.2,21.7,51,83.5,78.8,62.9,59.8,0.114,0.0,10.9,5.4,79.87142857142858,1.0030000000000008,8,237,79.8,0,0.0
2022-08-26,79.8,63.5,71.7,0.008,0.008,0.0,8.2,14.1,51,81.1,79.4,68.1,62.2,0.031,0.0,11.2,7.2,79.58571428571429,0.3540000000000007,8,238,85.2,0,0.0
2022-08-27,85.2,66.0,73.6,0.555,0.555,0.0,12.7,23.3,65,79.8,83.5,63.5,62.9,0.008,0.114,8.2,10.9,80.91428571428571,0.7120000000000007,8,239,82.9,0,0.0
2022-08-28,82.9,71.3,76.7,0.035,0.035,0.0,16.8,29.3,51,85.2,81.1,66.0,68.1,0.555,0.031,12.7,11.2,81.52857142857144,0.7430000000000008,8,240,81.2,0,0.0
2022-08-29,81.2,67.6,76.2,0.835,0.835,0.0,13.0,30.6,65,82.9,79.8,71.3,63.5,0.035,0.008,16.8,8.2,81.87142857142858,1.5780000000000007,8,241,77.2,0,0.0
2022-08-30,77.2,62.0,69.1,0.0,0.0,0.0,14.7,26.6,0,81.2,85.2,67.6,66.0,0.835,0.555,13.0,12.7,81.55714285714286,1.5780000000000007,8,242,83.7,0,0.0
2022-08-31,83.7,59.5,71.1,0.0,0.0,0.0,7.6,15.4,0,77.2,82.9,62.0,71.3,0.0,0.035,14.7,16.8,81.58571428571429,1.4640000000000006,8,243,83.7,0,0.0
2022-09-01,83.7,64.8,74.6,0.0,0.0,0.0,13.2,23.9,3,83.7,81.2,59.5,67.6,0.0,0.835,7.6,13.0,81.95714285714287,1.4330000000000007,9,244,83.5,0,0.0
2022-09-02,83.5,66.6,74.4,0.016,0.016,0.0,12.6,23.7,51,83.7,77.2,64.8,62.0,0.0,0.0,13.2,14.7,82.48571428571428,1.4410000000000007,9,245,80.8,0,0.0
2022-09-03,80.8,66.7,72.4,0.154,0.154,0.0,12.7,21.3,53,83.5,83.7,66.6,59.5,0.016,0.0,12.6,7.6,81.85714285714286,1.0400000000000007,9,246,76.5,0,0.0
2022-09-04,76.5,62.7,68.7,0.0,0.0,0.0,10.4,20.8,3,80.8,83.7,66.7,64.8,0.154,0.0,12.7,13.2,80.94285714285715,1.0050000000000008,9,247,74.8,0,0.0
2022-09-05,74.8,61.3,67.6,0.008,0.008,0.0,7.4,15.0,51,76.5,83.5,62.7,66.6,0.0,0.016,10.4,12.6,80.02857142857144,0.17800000000000066,9,248,78.1,0,0.0
2022-09-06,78.1,61.0,69.2,0.0,0.0,0.0,5.3,13.0,3,74.8,80.8,61.3,66.7,0.008,0.154,7.4,12.7,80.15714285714286,0.17800000000000066,9,249,81.1,0,0.0
2022-09-07,81.1,61.3,70.7,0.0,0.0,0.0,7.9,15.0,3,78.1,76.5,61.0,62.7,0.0,0.0,5.3,10.4,79.78571428571429,0.17800000000000066,9,250,81.6,0,0.0
2022-09-08,81.6,59.7,70.8,0.0,0.0,0.0,10.9,19.9,0,81.1,74.8,61.3,61.3,0.0,0.008,7.9,7.4,79.48571428571428,0.17800000000000066,9,251,83.1,0,0.0
2022-09-09,83.1,62.6,72.5,0.0,0.0,0.0,11.7,22.1,2,81.6,78.1,59.7,61.0,0.0,0.0,10.9,5.3,79.42857142857143,0.16200000000000064,9,252,76.2,0,0.0
2022-09-10,76.2,59.6,67.6,0.823,0.823,0.0,15.0,26.6,63,83.1,81.1,62.6,61.3,0.0,0.0,11.7,7.9,78.77142857142857,0.8310000000000006,9,253,70.4,0,0.0
2022-09-11,70.4,58.3,62.9,0.697,0.697,0.0,17.2,30.2,63,76.2,81.6,59.6,59.7,0.823,0.0,15.0,10.9,77.89999999999999,1.5280000000000005,9,254,70.5,0,0.0
2022-09-12,70.5,56.8,62.1,0.059,0.059,0.0,14.4,25.7,53,70.4,83.1,58.3,62.6,0.697,0.0,17.2,11.7,77.28571428571429,1.5790000000000006,9,255,74.5,0,0.0
2022-09-13,74.5,51.6,62.6,0.0,0.0,0.0,6.5,12.3,0,70.5,76.2,56.8,59.6,0.059,0.823,14.4,15.0,76.77142857142857,1.5790000000000006,9,256,79.9,0,0.0
2022-09-14,79.9,53.0,66.5,0.0,0.0,0.0,9.1,16.8,3,74.5,70.4,51.6,58.3,0.0,0.697,6.5,17.2,76.60000000000001,1.5790000000000006,9,257,81.5,0,0.0
2022-09-15,81.5,60.9,71.1,0.0,0.0,0.0,11.7,21.3,3,79.9,70.5,53.0,56.8,0.0,0.059,9.1,14.4,76.58571428571429,1.5790000000000006,9,258,82.2,0,0.0
2022-09-16,82.2,63.4,72.4,0.0,0.0,0.0,12.6,22.8,3,81.5,74.5,60.9,51.6,0.0,0.0,11.7,6.5,76.45714285714287,1.5790000000000006,9,259,79.4,0,0.0
2022-09-17,79.4,67.9,72.4,0.043,0.043,0.0,16.8,29.3,53,82.2,79.9,63.4,53.0,0.0,0.0,12.6,9.1,76.91428571428573,0.7990000000000006,9,260,83.6,0,0.0
2022-09-18,83.6,64.8,73.5,0.795,0.795,0.0,15.5,25.5,65,79.4,81.5,67.9,60.9,0.043,0.0,16.8,11.7,78.8,0.8970000000000007,9,261,80.0,0,0.0
2022-09-19,80.0,63.8,71.4,0.0,0.0,0.0,8.7,15.4,3,83.6,82.2,64.8,63.4,0.795,0.0,15.5,12.6,80.15714285714286,0.8380000000000007,9,262,89.3,0,0.0
2022-09-20,89.3,70.4,79.2,0.039,0.039,0.0,13.2,23.7,53,80.0,79.4,63.8,67.9,0.0,0.043,8.7,16.8,82.27142857142857,0.8770000000000008,9,263,78.4,0,0.0
2022-09-21,78.4,61.5,70.9,0.0,0.0,0.0,16.5,30.2,3,89.3,83.6,70.4,64.8,0.039,0.795,13.2,15.5,82.05714285714285,0.8770000000000007,9,264,64.1,0,0.0
2022-09-22,64.1,52.2,58.4,0.0,0.0,0.0,14.3,25.3,3,78.4,80.0,61.5,63.8,0.0,0.0,16.5,8.7,79.57142857142857,0.8770000000000007,9,265,57.9,0,0.0
2022-09-23,57.9,52.0,54.7,0.071,0.071,0.0,13.0,23.9,53,64.1,89.3,52.2,70.4,0.0,0.039,14.3,13.2,76.1,0.9480000000000006,9,266,76.8,0,0.0
2022-09-24,76.8,49.5,62.8,0.004,0.004,0.0,14.2,24.6,51,57.9,78.4,52.0,61.5,0.071,0.0,13.0,16.5,75.72857142857143,0.9090000000000007,9,267,72.2,0,0.0
2022-09-25,72.2,56.6,64.0,0.0,0.0,0.0,19.7,34.9,1,76.8,64.1,49.5,52.2,0.004,0.0,14.2,14.3,74.1,0.11400000000000066,9,268,63.0,0,0.0
2022-09-26,63.0,50.5,57.3,0.0,0.0,0.0,17.4,31.1,3,72.2,57.9,56.6,52.0,0.0,0.071,19.7,13.0,71.67142857142856,0.11400000000000066,9,269,62.3,0,0.0
2022-09-27,62.3,45.9,53.6,0.0,0.0,0.0,12.0,21.9,2,63.0,76.8,50.5,49.5,0.0,0.004,17.4,14.2,67.81428571428572,0.07500000000000065,9,270,59.2,0,0.0
2022-09-28,59.2,40.5,49.4,0.0,0.0,0.0,7.2,14.1,0,62.3,72.2,45.9,56.6,0.0,0.0,12.0,19.7,65.07142857142857,0.07500000000000065,9,271,63.8,0,0.0
2022-09-29,63.8,41.8,52.4,0.0,0.0,0.0,8.3,16.8,3,59.2,63.0,40.5,50.5,0.0,0.0,7.2,17.4,65.02857142857144,0.07500000000000065,9,272,67.7,0,0.0
2022-09-30,67.7,43.2,55.2,0.0,0.0,0.0,7.8,16.8,0,63.8,62.3,41.8,45.9,0.0,0.0,8.3,12.0,66.42857142857143,0.004000000000000666,9,273,69.1,0,0.0
2022-10-01,69.1,45.7,57.5,0.0,0.0,0.0,7.0,14.5,1,67.7,59.2,43.2,40.5,0.0,0.0,7.8,7.2,65.32857142857144,0.0,10,274,71.7,0,0.0
2022-10-02,71.7,49.9,60.5,0.0,0.0,0.0,8.5,14.8,3,69.1,63.8,45.7,41.8,0.0,0.0,7.0,8.3,65.25714285714285,0.0,10,275,70.2,0,0.0
2022-10-03,70.2,49.6,59.5,0.0,0.0,0.0,7.4,14.3,3,71.7,67.7,49.9,43.2,0.0,0.0,8.5,7.8,66.28571428571429,0.0,10,276,72.0,0,0.0
2022-10-04,72.0,46.1,58.9,0.0,0.0,0.0,9.1,18.3,3,70.2,69.1,49.6,45.7,0.0,0.0,7.4,7.0,67.67142857142858,0.0,10,277,70.9,0,0.0
2022-10-05,70.9,48.7,58.8,0.016,0.016,0.0,6.8,15.7,51,72.0,71.7,46.1,49.9,0.0,0.0,9.1,8.5,69.34285714285714,0.016000000000000666,10,278,71.2,0,0.0
2022-10-06,71.2,50.2,58.7,0.0,0.0,0.0,16.8,30.6,3,70.9,70.2,48.7,49.6,0.016,0.0,6.8,7.4,70.4,0.016000000000000666,10,279,55.2,0,0.0
2022-10-07,55.2,40.6,47.7,0.0,0.0,0.0,12.1,21.9,3,71.2,72.0,50.2,46.1,0.0,0.0,16.8,9.1,68.61428571428571,0.016000000000000666,10,280,58.2,0,0.0
2022-10-08,58.2,33.6,46.3,0.0,0.0,0.0,13.3,24.4,0,55.2,70.9,40.6,48.7,0.0,0.016,12.1,6.8,67.05714285714286,0.016000000000000666,10,281,70.3,0,0.0
2022-10-09,70.3,42.4,55.3,0.0,0.0,0.0,10.0,19.0,3,58.2,71.2,33.6,50.2,0.0,0.0,13.3,16.8,66.85714285714286,0.016000000000000666,10,282,72.5,0,0.0
2022-10-10,72.5,43.7,57.7,0.0,0.0,0.0,7.7,15.0,2,70.3,55.2,42.4,40.6,0.0,0.0,10.0,12.1,67.18571428571428,0.016000000000000666,10,283,71.6,0,0.0
2022-10-11,71.6,56.2,63.2,0.161,0.161,0.0,22.5,39.1,63,72.5,58.2,43.7,33.6,0.0,0.0,7.7,13.3,67.12857142857142,0.17700000000000066,10,284,67.1,0,0.0
2022-10-12,67.1,47.2,59.8,0.307,0.307,0.0,25.8,45.9,63,71.6,70.3,56.2,42.4,0.161,0.0,22.5,10.0,66.58571428571429,0.4680000000000007,10,285,52.0,0,0.0
2022-10-13,52.0,35.9,46.1,0.0,0.0,0.0,23.6,41.8,3,67.1,72.5,47.2,43.7,0.307,0.0,25.8,7.7,63.84285714285714,0.4680000000000007,10,286,59.0,0,0.0
2022-10-14,59.0,32.7,43.5,0.016,0.016,0.0,23.3,40.5,51,52.0,71.6,35.9,56.2,0.0,0.161,23.6,22.5,64.38571428571429,0.4840000000000007,10,287,58.3,0,0.0
2022-10-15,58.3,33.7,45.8,0.0,0.0,0.0,15.4,27.5,3,59.0,67.1,32.7,47.2,0.016,0.307,23.3,25.8,64.39999999999999,0.4840000000000007,10,288,55.1,0,0.0
2022-10-16,55.1,41.3,47.2,0.0,0.0,0.0,19.9,35.3,3,58.3,52.0,33.7,35.9,0.0,0.0,15.4,23.6,62.22857142857142,0.4840000000000007,10,289,43.7,0,0.0
2022-10-17,43.7,32.7,38.0,0.0,0.0,0.0,20.3,36.2,3,55.1,59.0,41.3,32.7,0.0,0.016,19.9,23.3,58.11428571428571,0.4840000000000007,10,290,45.0,0,0.0
2022-10-18,45.0,27.4,35.3,0.0,0.0,0.0,17.3,30.6,0,43.7,58.3,32.7,33.7,0.0,0.0,20.3,15.4,54.31428571428571,0.32300000000000073,10,291,45.2,0,0.0
2022-10-19,45.2,25.4,35.9,0.0,0.0,0.0,12.2,22.6,3,45.0,55.1,27.4,41.3,0.0,0.0,17.3,19.9,51.18571428571429,0.016000000000000722,10,292,63.0,0,0.0
2022-10-20,63.0,35.9,47.2,0.0,0.0,0.0,9.0,18.3,3,45.2,43.7,25.4,32.7,0.0,0.0,12.2,20.3,52.75714285714286,0.016000000000000722,10,293,75.2,0,0.0
2022-10-21,75.2,43.6,58.5,0.0,0.0,0.0,13.7,25.1,3,63.0,45.0,35.9,27.4,0.0,0.0,9.0,17.3,55.07142857142857,0.0,10,294,81.0,0,0.0
2022-10-22,81.0,58.8,69.0,0.0,0.0,0.0,18.2,30.9,1,75.2,45.2,43.6,25.4,0.0,0.0,13.7,12.2,58.314285714285724,0.0,10,295,77.4,0,0.0
2022-10-23,77.4,62.8,69.5,0.075,0.075,0.0,21.5,38.0,55,81.0,63.0,58.8,35.9,0.0,0.0,18.2,9.0,61.5,0.07500000000000072,10,296,74.2,0,0.0
2022-10-24,74.2,51.7,66.9,0.965,0.965,0.0,19.8,38.0,63,77.4,75.2,62.8,43.6,0.075,0.0,21.5,13.7,65.85714285714286,1.0400000000000007,10,297,50.4,0,0.0
2022-10-25,50.4,45.5,47.7,0.039,0.039,0.0,15.9,27.5,53,74.2,81.0,51.7,58.8,0.965,0.0,19.8,18.2,66.62857142857143,1.0790000000000006,10,298,54.9,0,0.0
2022-10-26,54.9,36.7,45.4,0.0,0.0,0.0,12.2,24.2,3,50.4,77.4,45.5,62.8,0.039,0.075,15.9,21.5,68.01428571428572,1.0790000000000006,10,299,55.8,0,0.0
2022-10-27,55.8,38.1,46.4,0.0,0.0,0.0,11.5,21.5,3,54.9,74.2,36.7,51.7,0.0,0.965,12.2,19.8,66.98571428571428,1.0790000000000006,10,300,58.2,0,0.0
2022-10-28,58.2,36.7,46.1,0.0,0.0,0.0,8.6,14.3,3,55.8,50.4,38.1,45.5,0.0,0.039,11.5,15.9,64.55714285714285,1.0790000000000006,10,301,61.3,0,0.0
2022-10-29,61.3,36.0,47.9,0.0,0.0,0.0,6.5,11.9,3,58.2,54.9,36.7,36.7,0.0,0.0,8.6,12.2,61.74285714285714,1.0790000000000006,10,302,62.8,0,0.0
2022-10-30,62.8,43.7,51.5,0.0,0.0,0.0,8.0,14.8,3,61.3,55.8,36.0,38.1,0.0,0.0,6.5,11.5,59.65714285714285,1.0040000000000007,10,303,64.9,0,0.0
2022-10-31,64.9,46.8,54.0,0.0,0.0,0.0,6.7,13.2,3,62.8,58.2,43.7,36.7,0.0,0.0,8.0,8.6,58.32857142857142,0.03900000000000078,10,304,69.7,0,0.0
2022-11-01,69.7,38.8,53.8,0.0,0.0,0.0,12.0,21.9,0,64.9,61.3,46.8,36.0,0.0,0.0,6.7,6.5,61.08571428571429,0.0,11,305,72.2,0,0.0
2022-11-02,72.2,46.9,59.2,0.0,0.0,0.0,12.8,21.7,3,69.7,62.8,38.8,43.7,0.0,0.0,12.0,8.0,63.557142857142864,0.0,11,306,72.5,0,0.0
2022-11-03,72.5,56.1,64.6,0.0,0.0,0.0,18.9,33.6,3,72.2,64.9,46.9,46.8,0.0,0.0,12.8,6.7,65.94285714285715,0.0,11,307,67.3,0,0.0
2022-11-04,67.3,49.7,58.8,1.508,1.508,0.0,16.0,31.5,63,72.5,69.7,56.1,38.8,0.0,0.0,18.9,12.0,67.24285714285715,1.508000000000001,11,308,56.9,0,0.0
2022-11-05,56.9,44.9,49.3,0.768,0.768,0.0,25.3,43.2,63,67.3,72.2,49.7,46.9,1.508,0.0,16.0,12.8,66.61428571428571,2.2760000000000007,11,309,58.4,0,0.0
2022-11-06,58.4,42.3,50.0,0.0,0.0,0.0,15.3,25.5,3,56.9,72.5,44.9,56.1,0.768,0.0,25.3,18.9,65.98571428571428,2.2760000000000007,11,310,48.7,0,0.0
2022-11-07,48.7,34.0,41.6,0.0,0.0,0.0,10.7,18.8,3,58.4,67.3,42.3,49.7,0.0,1.508,15.3,16.0,63.67142857142858,2.2760000000000007,11,311,55.0,0,0.0
2022-11-08,55.0,38.2,46.4,0.0,0.0,0.0,13.7,24.8,3,48.7,56.9,34.0,44.9,0.0,0.768,10.7,25.3,61.57142857142857,2.2760000000000007,11,312,73.9,0,0.0
2022-11-09,73.9,52.4,62.1,0.0,0.0,0.0,15.8,28.2,3,55.0,58.4,38.2,42.3,0.0,0.0,13.7,15.3,61.81428571428571,2.2760000000000007,11,313,71.7,0,0.0
2022-11-10,71.7,41.9,62.3,0.268,0.268,0.0,22.6,39.8,63,73.9,48.7,52.4,34.0,0.0,0.0,15.8,10.7,61.699999999999996,2.544000000000001,11,314,40.2,0,0.0
2022-11-11,40.2,24.4,31.0,0.276,0.197,0.551,16.0,28.6,73,71.7,55.0,41.9,38.2,0.268,0.0,22.6,13.7,57.82857142857143,1.312000000000001,11,315,32.8,0,0.0
2022-11-12,32.8,26.3,29.5,0.0,0.0,0.0,14.4,26.4,3,40.2,73.9,24.4,52.4,0.276,0.0,16.0,15.8,54.38571428571429,0.5440000000000009,11,316,33.5,0,0.0
2022-11-13,33.5,21.9,26.9,0.0,0.0,0.0,8.4,14.1,3,32.8,71.7,26.3,41.9,0.0,0.268,14.4,22.6,50.828571428571436,0.5440000000000009,11,317,38.3,0,0.0
2022-11-14,38.3,25.6,31.3,0.0,0.0,0.0,11.2,21.0,3,33.5,40.2,21.9,24.4,0.0,0.276,8.4,16.0,49.34285714285714,0.5440000000000009,11,318,35.7,0,0.0
2022-11-15,35.7,30.8,33.1,0.13,0.0,0.909,6.9,14.3,73,38.3,32.8,25.6,26.3,0.0,0.0,11.2,14.4,46.58571428571429,0.6740000000000009,11,319,32.4,0,0.0
2022-11-16,32.4,27.5,29.7,0.055,0.0,0.386,14.1,24.8,73,35.7,33.5,30.8,21.9,0.13,0.0,6.9,8.4,40.65714285714286,0.729000000000001,11,320,35.4,0,0.0
2022-11-17,35.4,20.5,26.9,0.035,0.0,0.248,18.5,32.0,73,32.4,38.3,27.5,25.6,0.055,0.0,14.1,11.2,35.471428571428575,0.49600000000000094,11,321,24.9,0,0.0
2022-11-18,24.9,18.3,21.2,0.0,0.0,0.0,16.0,29.1,3,35.4,35.7,20.5,30.8,0.035,0.13,18.5,6.9,33.285714285714285,0.2200000000000009,11,322,26.4,0,0.0
2022-11-19,26.4,17.3,21.9,0.0,0.0,0.0,23.2,40.7,3,24.9,32.4,18.3,27.5,0.0,0.055,16.0,14.1,32.371428571428574,0.2200000000000009,11,323,40.8,0,0.0
2022-11-20,40.8,16.7,27.8,0.0,0.0,0.0,15.1,27.7,2,26.4,35.4,17.3,20.5,0.0,0.035,23.2,18.5,33.41428571428571,0.2200000000000009,11,324,44.5,0,0.0
2022-11-21,44.5,27.0,34.9,0.0,0.0,0.0,14.5,24.2,3,40.8,24.9,16.7,18.3,0.0,0.0,15.1,16.0,34.3,0.2200000000000009,11,325,49.5,0,0.0
2022-11-22,49.5,23.6,34.2,0.0,0.0,0.0,6.8,12.3,3,44.5,26.4,27.0,17.3,0.0,0.0,14.5,23.2,36.271428571428565,0.09000000000000088,11,326,51.2,0,0.0
2022-11-23,51.2,31.7,41.0,0.0,0.0,0.0,8.4,15.7,3,49.5,40.8,23.6,16.7,0.0,0.0,6.8,15.1,38.957142857142856,0.03500000000000089,11,327,53.1,0,0.0
2022-11-24,53.1,37.5,45.9,0.024,0.024,0.0,12.9,21.3,53,51.2,44.5,31.7,27.0,0.0,0.0,8.4,14.5,41.48571428571429,0.02400000000000089,11,328,49.4,0,0.0
2022-11-25,49.4,28.1,37.8,0.0,0.0,0.0,12.0,20.4,0,53.1,49.5,37.5,23.6,0.024,0.0,12.9,6.8,44.98571428571428,0.02400000000000089,11,329,51.3,0,0.0
2022-11-26,51.3,32.8,41.3,0.0,0.0,0.0,12.1,22.8,3,49.4,51.2,28.1,31.7,0.0,0.0,12.0,8.4,48.542857142857144,0.02400000000000089,11,330,47.1,0,0.0
2022-11-27,47.1,32.4,40.6,0.098,0.098,0.0,14.2,25.7,53,51.3,53.1,32.8,37.5,0.0,0.024,12.1,12.9,49.442857142857136,0.12200000000000089,11,331,47.5,0,0.0
2022-11-28,47.5,24.4,35.6,0.0,0.0,0.0,12.8,22.6,3,47.1,49.4,32.4,28.1,0.098,0.0,14.2,12.0,49.87142857142857,0.12200000000000089,11,332,58.0,0,0.0
2022-11-29,58.0,24.3,39.8,0.016,0.016,0.0,21.9,38.3,51,47.5,51.3,24.4,32.8,0.0,0.0,12.8,12.1,51.08571428571428,0.1380000000000009,11,333,28.5,0,0.0
2022-11-30,28.5,19.2,23.4,0.0,0.0,0.0,19.7,35.1,3,58.0,47.1,24.3,32.4,0.016,0.098,21.9,14.2,47.84285714285714,0.1380000000000009,11,334,38.5,0,0.0
2022-12-01,38.5,16.0,26.9,0.0,0.0,0.0,15.7,27.7,3,28.5,47.5,19.2,24.4,0.0,0.0,19.7,12.8,45.75714285714285,0.11400000000000089,12,335,55.0,0,0.0
2022-12-02,55.0,32.2,42.3,0.004,0.004,0.0,21.0,37.8,51,38.5,58.0,16.0,24.3,0.0,0.016,15.7,21.9,46.55714285714286,0.11800000000000088,12,336,27.2,0,0.0
2022-12-03,27.2,14.4,21.1,0.0,0.0,0.0,23.6,40.7,3,55.0,28.5,32.2,19.2,0.004,0.0,21.0,19.7,43.114285714285714,0.11800000000000088,12,337,39.9,0,0.0
2022-12-04,39.9,21.1,28.5,0.0,0.0,0.0,9.8,19.2,3,27.2,38.5,14.4,16.0,0.0,0.0,23.6,15.7,42.08571428571429,0.020000000000000875,12,338,42.3,0,0.0
2022-12-05,42.3,27.5,34.1,0.0,0.0,0.0,8.6,14.3,3,39.9,55.0,21.1,32.2,0.0,0.004,9.8,21.0,41.34285714285714,0.020000000000000875,12,339,41.4,0,0.0
2022-12-06,41.4,27.6,33.6,0.02,0.004,0.11,8.8,14.8,73,42.3,27.2,27.5,14.4,0.0,0.0,8.6,23.6,38.971428571428575,0.024000000000000875,12,340,45.2,0,0.0
2022-12-07,45.2,24.8,32.5,0.0,0.0,0.0,8.5,13.9,3,41.4,39.9,27.6,21.1,0.02,0.0,8.8,9.8,41.357142857142854,0.024000000000000875,12,341,40.5,0,0.0
2022-12-08,40.5,24.6,31.8,0.008,0.008,0.0,13.1,21.9,51,45.2,42.3,24.8,27.5,0.0,0.0,8.5,8.6,41.642857142857146,0.032000000000000875,12,342,38.4,0,0.0
2022-12-09,38.4,34.8,36.2,0.705,0.642,0.441,15.7,26.8,75,40.5,41.4,24.6,27.6,0.008,0.02,13.1,8.8,39.271428571428565,0.7330000000000009,12,343,41.7,0,0.0
2022-12-10,41.7,33.3,37.5,0.004,0.004,0.0,8.4,14.8,51,38.4,45.2,34.8,24.8,0.705,0.0,15.7,8.5,41.34285714285714,0.7370000000000009,12,344,38.7,0,0.0
2022-12-11,38.7,24.6,30.0,0.0,0.0,0.0,5.8,9.4,3,41.7,40.5,33.3,24.6,0.004,0.008,8.4,13.1,41.17142857142857,0.7370000000000009,12,345,39.0,0,0.0
2022-12-12,39.0,25.4,31.0,0.0,0.0,0.0,13.0,23.7,3,38.7,38.4,24.6,34.8,0.0,0.705,5.8,15.7,40.699999999999996,0.7370000000000009,12,346,41.7,0,0.0
2022-12-13,41.7,31.0,35.1,0.5,0.496,0.028,21.0,36.5,71,39.0,41.7,25.4,33.3,0.0,0.004,13.0,8.4,40.74285714285715,1.217000000000001,12,347,49.0,0,0.0
2022-12-14,49.0,35.2,43.4,0.339,0.331,0.055,18.4,33.8,71,41.7,38.7,31.0,24.6,0.5,0.0,21.0,5.8,41.285714285714285,1.556000000000001,12,348,34.3,0,0.0
2022-12-15,34.3,27.7,31.0,0.008,0.0,0.055,18.9,33.1,71,49.0,39.0,35.2,25.4,0.339,0.0,18.4,13.0,40.4,1.556000000000001,12,349,27.7,0,0.0
2022-12-16,27.7,23.3,25.2,0.016,0.0,0.138,19.7,34.0,71,34.3,41.7,27.7,31.0,0.008,0.5,18.9,21.0,38.871428571428574,0.8670000000000009,12,350,22.7,0,0.0
2022-12-17,22.7,16.5,20.6,0.024,0.0,0.165,17.2,30.0,71,27.7,49.0,23.3,35.2,0.016,0.339,19.7,18.4,36.15714285714286,0.8870000000000009,12,351,21.6,0,0.0
2022-12-18,21.6,8.3,14.7,0.0,0.0,0.0,12.7,24.8,0,22.7,34.3,16.5,27.7,0.024,0.008,17.2,18.9,33.714285714285715,0.8870000000000009,12,352,30.6,0,0.0
2022-12-19,30.6,12.6,21.4,0.008,0.0,0.055,9.3,17.2,71,21.6,27.7,8.3,23.3,0.0,0.016,12.7,19.7,32.51428571428571,0.8950000000000009,12,353,29.7,0,0.0
2022-12-20,29.7,8.3,19.4,0.008,0.0,0.055,13.6,23.7,71,30.6,22.7,12.6,16.5,0.008,0.024,9.3,17.2,30.8,0.4030000000000009,12,354,24.8,0,0.0
2022-12-21,24.8,6.8,15.4,0.063,0.0,0.469,11.1,16.8,73,29.7,21.6,8.3,8.3,0.008,0.0,13.6,12.7,27.342857142857145,0.1270000000000009,12,355,26.3,0,0.0
2022-12-22,26.3,-12.8,0.7,0.232,0.0,1.626,19.7,33.6,73,24.8,30.6,6.8,12.6,0.063,0.008,11.1,9.3,26.2,0.35100000000000087,12,356,-0.9,0,0.0
2022-12-23,-0.9,-12.4,-7.2,0.0,0.0,0.0,28.1,48.5,3,26.3,29.7,-12.8,8.3,0.232,0.008,19.7,13.6,22.114285714285717,0.33500000000000085,12,357,5.0,0,0.0
2022-12-24,5.0,-1.3,1.6,0.0,0.0,0.0,21.8,36.2,3,-0.9,24.8,-12.4,6.8,0.0,0.063,28.1,11.1,19.58571428571429,0.31100000000000094,12,358,14.9,0,0.0
2022-12-25,14.9,1.0,7.0,0.055,0.0,0.386,16.7,28.9,73,5.0,26.3,-1.3,-12.8,0.0,0.232,21.8,19.7,18.62857142857143,0.36600000000000094,12,359,16.2,0,0.0
2022-12-26,16.2,-3.9,11.1,0.106,0.0,0.744,12.3,21.9,73,14.9,-0.9,1.0,-12.4,0.055,0.0,16.7,28.1,16.571428571428573,0.4640000000000009,12,360,28.4,0,0.0
2022-12-27,28.4,-5.7,13.0,0.0,0.0,0.0,14.2,23.9,3,16.2,5.0,-3.9,-1.3,0.106,0.0,12.3,21.8,16.385714285714286,0.4560000000000009,12,361,46.0,0,0.0
2022-12-28,46.0,29.3,37.2,0.0,0.0,0.0,18.6,30.6,3,28.4,14.9,-5.7,1.0,0.0,0.055,14.2,16.7,19.414285714285715,0.3930000000000009,12,362,62.2,0,0.0
2022-12-29,62.2,40.4,51.3,0.0,0.0,0.0,19.6,32.7,3,46.0,16.2,29.3,-3.9,0.0,0.106,18.6,12.3,24.542857142857144,0.1610000000000009,12,363,44.8,0,0.0
2022-12-30,44.8,24.3,31.1,0.0,0.0,0.0,14.7,29.8,3,62.2,28.4,40.4,-5.7,0.0,0.0,19.6,14.2,31.071428571428573,0.1610000000000009,12,364,37.8,0,0.0
2022-12-31,37.8,23.1,30.4,0.228,0.067,1.13,10.2,18.1,75,44.8,46.0,24.3,29.3,0.0,0.0,14.7,18.6,35.75714285714286,0.3890000000000009,12,365,43.3,0,0.0
2023-01-01,43.3,28.8,35.3,0.0,0.0,0.0,7.2,11.6,3,37.8,62.2,23.1,40.4,0.228,0.0,10.2,19.6,39.81428571428571,0.3340000000000009,1,1,43.7,0,0.0
2023-01-02,43.7,29.1,36.1,0.154,0.154,0.0,14.0,23.5,61,43.3,44.8,28.8,24.3,0.0,0.0,7.2,14.7,43.74285714285714,0.3820000000000009,1,2,56.2,0,0.0
2023-01-03,56.2,36.9,41.2,0.646,0.646,0.0,14.7,25.1,63,43.7,37.8,29.1,23.1,0.154,0.228,14.0,10.2,47.714285714285715,1.028000000000001,1,3,35.4,0,0.0
2023-01-04,35.4,30.0,31.8,0.031,0.0,0.22,13.8,23.7,71,56.2,43.3,36.9,28.8,0.646,0.0,14.7,7.2,46.199999999999996,1.0590000000000008,1,4,34.2,0,0.0
2023-01-05,34.2,24.5,30.4,0.039,0.0,0.276,16.0,27.5,71,35.4,43.7,30.0,29.1,0.031,0.154,13.8,14.0,42.199999999999996,1.098000000000001,1,5,33.5,0,0.0
2023-01-06,33.5,20.8,26.3,0.0,0.0,0.0,10.1,17.9,3,34.2,56.2,24.5,36.9,0.039,0.646,16.0,14.7,40.58571428571429,1.098000000000001,1,6,32.5,0,0.0
2023-01-07,32.5,16.0,21.8,0.0,0.0,0.0,7.0,14.5,3,33.5,35.4,20.8,30.0,0.0,0.031,10.1,13.8,39.82857142857143,0.8700000000000009,1,7,34.6,0,0.0
2023-01-08,34.6,19.1,24.8,0.0,0.0,0.0,6.5,13.6,3,32.5,34.2,16.0,24.5,0.0,0.039,7.0,16.0,38.58571428571429,0.8700000000000009,1,8,46.2,0,0.0
2023-01-09,46.2,23.5,32.9,0.0,0.0,0.0,10.3,18.6,3,34.6,33.5,19.1,20.8,0.0,0.0,6.5,10.1,38.94285714285714,0.7160000000000009,1,9,41.3,0,0.0
2023-01-10,41.3,28.0,33.3,0.0,0.0,0.0,7.0,12.8,3,46.2,32.5,23.5,16.0,0.0,0.0,10.3,7.0,36.81428571428571,0.0700000000000009,1,10,47.5,0,0.0
2023-01-11,47.5,31.6,37.0,0.0,0.0,0.0,9.0,15.0,3,41.3,34.6,28.0,19.1,0.0,0.0,7.0,6.5,38.542857142857144,0.03900000000000089,1,11,33.5,0,0.0
2023-01-12,33.5,23.3,29.9,0.004,0.0,0.028,18.3,32.0,71,47.5,46.2,31.6,23.5,0.0,0.0,9.0,10.3,38.44285714285714,0.004000000000000888,1,12,32.3,0,0.0
2023-01-13,32.3,19.7,25.3,0.0,0.0,0.0,14.1,24.6,3,33.5,41.3,23.3,28.0,0.004,0.0,18.3,7.0,38.271428571428565,0.004000000000000888,1,13,37.3,0,0.0
2023-01-14,37.3,18.4,26.7,0.0,0.0,0.0,13.7,22.6,3,32.3,47.5,19.7,31.6,0.0,0.0,14.1,9.0,38.957142857142856,0.004000000000000888,1,14,44.2,0,0.0
2023-01-15,44.2,30.0,37.1,0.004,0.004,0.0,17.4,29.5,51,37.3,33.5,18.4,23.3,0.0,0.004,13.7,18.3,40.32857142857142,0.008000000000000888,1,15,55.1,0,0.0
2023-01-16,55.1,39.9,45.3,0.417,0.417,0.0,16.3,29.3,61,44.2,32.3,30.0,19.7,0.004,0.0,17.4,14.1,41.6,0.4250000000000009,1,16,39.2,0,0.0
2023-01-17,39.2,32.3,36.1,0.0,0.0,0.0,17.1,29.3,3,55.1,37.3,39.9,18.4,0.417,0.0,16.3,13.7,41.3,0.4250000000000009,1,17,38.7,0,0.0
2023-01-18,38.7,28.5,33.3,0.315,0.13,1.295,20.0,33.6,75,39.2,44.2,32.3,30.0,0.0,0.004,17.1,17.4,40.042857142857144,0.7400000000000009,1,18,34.2,0,0.0
2023-01-19,34.2,30.6,32.7,0.067,0.012,0.413,19.9,34.9,73,38.7,55.1,28.5,39.9,0.315,0.417,20.0,16.3,40.142857142857146,0.8030000000000008,1,19,31.9,0,0.0
2023-01-20,31.9,21.1,28.4,0.0,0.0,0.0,14.4,25.9,3,34.2,39.2,30.6,32.3,0.067,0.0,19.9,17.1,40.08571428571429,0.8030000000000008,1,20,36.9,0,0.0
2023-01-21,36.9,20.4,27.3,0.087,0.0,0.606,6.1,13.0,73,31.9,38.7,21.1,28.5,0.0,0.315,14.4,20.0,40.028571428571425,0.8900000000000009,1,21,33.2,0,0.0
2023-01-22,33.2,24.1,29.3,0.126,0.0,0.882,8.6,14.5,73,36.9,34.2,20.4,30.6,0.087,0.067,6.1,19.9,38.457142857142856,1.012000000000001,1,22,33.1,0,0.0
2023-01-23,33.1,19.5,25.5,0.0,0.0,0.0,12.7,24.8,3,33.2,31.9,24.1,21.1,0.126,0.0,8.6,14.4,35.31428571428572,0.5950000000000009,1,23,39.0,0,0.0
2023-01-24,39.0,23.5,30.2,0.0,0.0,0.0,7.4,15.7,3,33.1,36.9,19.5,20.4,0.0,0.087,12.7,6.1,35.285714285714285,0.5950000000000009,1,24,33.5,0,0.0
2023-01-25,33.5,25.5,30.2,0.138,0.004,0.937,14.2,24.2,73,39.0,33.2,23.5,24.1,0.0,0.126,7.4,8.6,34.542857142857144,0.4180000000000009,1,25,23.4,0,0.0
2023-01-26,23.4,13.0,18.3,0.02,0.0,0.165,15.0,27.3,71,33.5,33.1,25.5,19.5,0.138,0.0,14.2,12.7,33.0,0.3710000000000009,1,26,39.8,0,0.0
2023-01-27,39.8,15.5,27.2,0.063,0.016,0.331,20.7,35.8,73,23.4,39.0,13.0,23.5,0.02,0.0,15.0,7.4,34.128571428571426,0.4340000000000009,1,27,24.0,0,0.0
2023-01-28,24.0,17.2,20.2,0.122,0.0,0.854,13.4,23.9,73,39.8,33.5,15.5,25.5,0.063,0.138,20.7,14.2,32.285714285714285,0.46900000000000086,1,28,18.0,0,0.0
2023-01-29,18.0,5.6,10.9,0.016,0.0,0.11,15.0,25.7,71,24.0,23.4,17.2,13.0,0.122,0.02,13.4,15.0,30.11428571428571,0.3590000000000009,1,29,8.7,0,0.0
2023-01-30,8.7,-0.0,4.5,0.004,0.0,0.028,11.5,20.6,71,18.0,39.8,5.6,15.5,0.016,0.063,15.0,20.7,26.62857142857143,0.3630000000000009,1,30,17.8,0,0.0
2023-01-31,17.8,-6.4,5.5,0.0,0.0,0.0,8.8,13.9,3,8.7,24.0,-0.0,17.2,0.004,0.122,11.5,13.4,23.599999999999998,0.3630000000000009,1,31,34.5,0,0.0
2023-02-01,34.5,8.1,19.6,0.0,0.0,0.0,10.8,17.7,3,17.8,18.0,-6.4,5.6,0.0,0.016,8.8,15.0,23.74285714285714,0.2250000000000009,2,32,29.6,0,0.0
2023-02-02,29.6,5.5,21.2,0.0,0.0,0.0,18.6,32.0,0,34.5,8.7,8.1,-0.0,0.0,0.004,10.8,11.5,24.628571428571426,0.2050000000000009,2,33,13.2,0,0.0
2023-02-03,13.2,-4.5,4.3,0.0,0.0,0.0,14.6,24.8,3,29.6,17.8,5.5,-6.4,0.0,0.0,18.6,8.8,20.82857142857143,0.1420000000000009,2,34,51.3,0,0.0
2023-02-04,51.3,14.3,32.5,0.0,0.0,0.0,14.1,24.6,3,13.2,34.5,-4.5,8.1,0.0,0.0,14.6,10.8,24.72857142857143,0.02000000000000089,2,35,41.5,0,0.0
2023-02-05,41.5,24.8,33.6,0.0,0.0,0.0,13.7,25.3,3,51.3,29.6,14.3,5.5,0.0,0.0,14.1,18.6,28.08571428571429,0.004000000000000888,2,36,53.3,0,0.0
2023-02-06,53.3,23.2,37.5,0.012,0.012,0.0,24.3,40.9,51,41.5,13.2,24.8,-4.5,0.0,0.0,13.7,14.6,34.457142857142856,0.012000000000000888,2,37,46.7,0,0.0
2023-02-07,46.7,27.3,36.3,0.0,0.0,0.0,15.7,26.2,0,53.3,51.3,23.2,14.3,0.012,0.0,24.3,14.1,38.58571428571429,0.012000000000000888,2,38,46.0,0,0.0
2023-02-08,46.0,24.7,34.4,0.0,0.0,0.0,8.6,16.3,3,46.7,41.5,27.3,24.8,0.0,0.0,15.7,13.7,40.228571428571435,0.012000000000000888,2,39,35.7,0,0.0
2023-02-09,35.7,32.1,33.8,1.197,0.488,4.961,19.7,33.3,75,46.0,53.3,24.7,23.2,0.0,0.012,8.6,24.3,41.1,1.209000000000001,2,40,32.1,0,0.0
2023-02-10,32.1,17.4,23.8,0.0,0.0,0.0,11.7,19.5,2,35.7,46.7,32.1,27.3,1.197,0.0,19.7,15.7,43.800000000000004,1.209000000000001,2,41,43.6,0,0.0
2023-02-11,43.6,21.3,30.8,0.0,0.0,0.0,11.3,21.0,0,32.1,46.0,17.4,24.7,0.0,0.0,11.7,8.6,42.699999999999996,1.209000000000001,2,42,50.5,0,0.0
2023-02-12,50.5,25.8,36.5,0.0,0.0,0.0,9.8,19.2,3,43.6,35.7,21.3,32.1,0.0,1.197,11.3,19.7,43.98571428571428,1.209000000000001,2,43,51.2,0,0.0
2023-02-13,51.2,29.5,38.5,0.0,0.0,0.0,9.2,15.0,3,50.5,32.1,25.8,17.4,0.0,0.0,9.8,11.7,43.68571428571429,1.197000000000001,2,44,50.7,0,0.0
2023-02-14,50.7,35.2,43.6,0.205,0.205,0.0,21.7,40.5,61,51.2,43.6,29.5,21.3,0.0,0.0,9.2,11.3,44.25714285714286,1.402000000000001,2,45,45.5,0,0.0
2023-02-15,45.5,26.5,37.1,0.004,0.004,0.0,23.6,39.8,51,50.7,50.5,35.2,25.8,0.205,0.0,21.7,9.8,44.18571428571429,1.406000000000001,2,46,29.8,0,0.0
2023-02-16,29.8,17.1,26.0,0.579,0.0,4.051,18.8,34.0,75,45.5,51.2,26.5,29.5,0.004,0.0,23.6,9.2,43.34285714285715,0.7880000000000008,2,47,22.7,0,0.0
2023-02-17,22.7,2.1,11.2,0.0,0.0,0.0,12.3,21.7,1,29.8,50.7,17.1,35.2,0.579,0.205,18.8,21.7,42.0,0.7880000000000008,2,48,39.0,0,0.0
2023-02-18,39.0,23.5,31.2,0.0,0.0,0.0,12.6,20.6,3,22.7,45.5,2.1,26.5,0.0,0.004,12.3,23.6,41.34285714285714,0.7880000000000008,2,49,42.8,0,0.0
2023-02-19,42.8,32.1,36.9,0.0,0.0,0.0,13.5,22.4,3,39.0,29.8,23.5,17.1,0.0,0.579,12.6,18.8,40.24285714285714,0.7880000000000008,2,50,48.7,0,0.0
2023-02-20,48.7,22.5,34.5,0.0,0.0,0.0,13.7,22.6,3,42.8,22.7,32.1,2.1,0.0,0.0,13.5,12.3,39.885714285714286,0.7880000000000008,2,51,36.3,0,0.0
2023-02-21,36.3,16.1,27.9,0.0,0.0,0.0,16.0,27.1,3,48.7,39.0,22.5,23.5,0.0,0.0,13.7,12.6,37.82857142857143,0.5830000000000009,2,52,34.8,0,0.0
2023-02-22,34.8,31.2,32.4,0.535,0.535,0.0,18.7,31.8,61,36.3,42.8,16.1,32.1,0.0,0.0,16.0,13.5,36.300000000000004,1.1140000000000008,2,53,34.8,0,0.0
2023-02-23,34.8,15.3,28.8,0.016,0.016,0.0,20.0,35.6,51,34.8,48.7,31.2,22.5,0.535,0.0,18.7,13.7,37.01428571428572,0.5510000000000009,2,54,27.0,0,0.0
2023-02-24,27.0,10.0,18.4,0.012,0.0,0.083,12.2,21.7,71,34.8,36.3,15.3,16.1,0.016,0.0,20.0,16.0,37.628571428571426,0.5630000000000009,2,55,39.9,0,0.0
2023-02-25,39.9,19.0,28.0,0.0,0.0,0.0,9.9,20.4,3,27.0,34.8,10.0,31.2,0.012,0.535,12.2,18.7,37.75714285714286,0.5630000000000009,2,56,52.3,0,0.0
2023-02-26,52.3,24.7,37.7,0.0,0.0,0.0,13.9,23.5,3,39.9,34.8,19.0,15.3,0.0,0.016,9.9,20.0,39.114285714285714,0.5630000000000009,2,57,50.1,0,0.0
2023-02-27,50.1,37.8,44.7,0.744,0.744,0.0,23.1,40.3,63,52.3,27.0,24.7,10.0,0.0,0.012,13.9,12.2,39.31428571428571,1.3070000000000008,2,58,47.9,0,0.0
2023-02-28,47.9,26.9,38.1,0.146,0.118,0.193,14.1,24.2,73,50.1,39.9,37.8,19.0,0.744,0.0,23.1,9.9,40.971428571428575,1.453000000000001,2,59,54.9,0,0.0
2023-03-01,54.9,29.5,40.5,0.0,0.0,0.0,15.9,28.0,3,47.9,52.3,26.9,24.7,0.146,0.0,14.1,13.9,43.84285714285714,0.9180000000000009,3,60,42.3,0,0.0
2023-03-02,42.3,29.7,34.4,0.0,0.0,0.0,12.6,22.4,3,54.9,50.1,29.5,37.8,0.0,0.744,15.9,23.1,44.91428571428572,0.9020000000000009,3,61,46.6,0,0.0
2023-03-03,46.6,29.9,35.4,0.0,0.0,0.0,11.5,21.7,3,42.3,47.9,29.7,26.9,0.0,0.146,12.6,14.1,47.71428571428571,0.8900000000000009,3,62,47.3,0,0.0
2023-03-04,47.3,25.3,34.6,0.055,0.055,0.0,9.4,17.4,53,46.6,54.9,29.9,29.5,0.0,0.0,11.5,15.9,48.771428571428565,0.9450000000000008,3,63,50.7,0,0.0
2023-03-05,50.7,27.3,39.1,0.154,0.154,0.0,20.3,33.3,63,47.3,42.3,25.3,29.7,0.055,0.0,9.4,12.6,48.54285714285714,1.0990000000000009,3,64,52.2,0,0.0
2023-03-06,52.2,37.4,43.6,0.0,0.0,0.0,18.1,34.4,3,50.7,46.6,27.3,29.9,0.154,0.0,20.3,11.5,48.84285714285715,0.35500000000000087,3,65,46.6,0,0.0
2023-03-07,46.6,31.4,38.9,0.0,0.0,0.0,14.9,27.1,3,52.2,47.3,37.4,25.3,0.0,0.055,18.1,9.4,48.65714285714285,0.20900000000000088,3,66,41.1,0,0.0
2023-03-08,41.1,36.5,38.7,0.031,0.0,0.22,13.7,23.0,73,46.6,50.7,31.4,27.3,0.0,0.154,14.9,20.3,46.68571428571429,0.24000000000000088,3,67,39.8,0,0.0
2023-03-09,39.8,33.0,35.9,0.48,0.008,3.307,14.3,24.6,75,41.1,52.2,36.5,37.4,0.031,0.0,13.7,18.1,46.32857142857143,0.7200000000000009,3,68,36.9,0,0.0
2023-03-10,36.9,27.7,31.9,0.004,0.0,0.028,13.4,23.9,71,39.8,46.6,33.0,31.4,0.48,0.0,14.3,14.9,44.94285714285714,0.7240000000000009,3,69,41.5,0,0.0
2023-03-11,41.5,25.9,32.5,0.22,0.055,1.157,17.3,29.5,73,36.9,41.1,27.7,36.5,0.004,0.031,13.4,13.7,44.114285714285714,0.8890000000000008,3,70,33.3,0,0.0
2023-03-12,33.3,26.1,31.0,0.024,0.008,0.11,15.9,27.7,71,41.5,39.8,25.9,33.0,0.22,0.48,17.3,14.3,41.62857142857143,0.7590000000000009,3,71,32.2,0,0.0
2023-03-13,32.2,25.1,28.2,0.012,0.004,0.055,15.8,26.6,71,33.3,36.9,26.1,27.7,0.024,0.004,15.9,13.4,38.771428571428565,0.7710000000000009,3,72,37.0,0,0.0
2023-03-14,37.0,13.6,27.0,0.0,0.0,0.0,9.2,15.0,3,32.2,41.5,25.1,25.9,0.012,0.22,15.8,17.3,37.39999999999999,0.7710000000000009,3,73,52.8,0,0.0
2023-03-15,52.8,28.8,40.9,0.102,0.0,0.717,17.5,29.3,75,37.0,33.3,13.6,26.1,0.0,0.024,9.2,15.9,39.07142857142857,0.8420000000000009,3,74,49.2,0,0.0
2023-03-16,49.2,31.5,43.8,0.445,0.327,0.827,21.2,36.2,73,52.8,32.2,28.8,25.1,0.102,0.012,17.5,15.8,40.41428571428571,0.8070000000000008,3,75,33.3,0,0.0
2023-03-17,33.3,17.8,24.9,0.012,0.0,0.083,21.6,36.5,73,49.2,37.0,31.5,13.6,0.445,0.0,21.2,9.2,39.9,0.8150000000000008,3,76,31.3,0,0.0
2023-03-18,31.3,9.8,18.6,0.0,0.0,0.0,21.0,37.1,3,33.3,52.8,17.8,28.8,0.012,0.102,21.6,17.5,38.44285714285714,0.5950000000000009,3,77,40.8,0,0.0
2023-03-19,40.8,13.8,26.5,0.0,0.0,0.0,13.9,24.6,3,31.3,49.2,9.8,31.5,0.0,0.445,21.0,21.2,39.51428571428571,0.5710000000000008,3,78,53.2,0,0.0
2023-03-20,53.2,28.1,40.1,0.012,0.0,0.083,15.5,28.2,71,40.8,33.3,13.8,17.8,0.0,0.012,13.9,21.6,42.51428571428572,0.5710000000000008,3,79,55.0,0,0.0
2023-03-21,55.0,35.6,44.2,0.0,0.0,0.0,15.6,28.2,3,53.2,31.3,28.1,9.8,0.012,0.0,15.5,21.0,45.08571428571429,0.5710000000000008,3,80,56.1,0,0.0
2023-03-22,56.1,41.1,46.6,0.0,0.0,0.0,11.6,20.1,3,55.0,40.8,35.6,13.8,0.0,0.0,15.6,13.9,45.55714285714286,0.4690000000000009,3,81,44.7,0,0.0
2023-03-23,44.7,34.9,38.6,0.043,0.043,0.0,16.2,30.4,53,56.1,53.2,41.1,28.1,0.0,0.012,11.6,15.5,44.91428571428571,0.06700000000000089,3,82,50.6,0,0.0
2023-03-24,50.6,28.7,39.8,0.004,0.004,0.0,14.8,24.8,51,44.7,55.0,34.9,35.6,0.043,0.0,16.2,15.6,47.385714285714286,0.059000000000000885,3,83,42.9,0,0.0
2023-03-25,42.9,31.4,36.2,0.449,0.039,2.866,13.0,23.0,75,50.6,56.1,28.7,41.1,0.004,0.0,14.8,11.6,49.04285714285714,0.5080000000000009,3,84,45.3,0,0.0
2023-03-26,45.3,32.2,36.9,0.173,0.154,0.138,13.0,25.3,73,42.9,44.7,31.4,34.9,0.449,0.043,13.0,16.2,49.68571428571429,0.6810000000000009,3,85,50.0,0,0.0
2023-03-27,50.0,27.4,38.0,0.0,0.0,0.0,10.5,17.0,3,45.3,50.6,32.2,28.7,0.173,0.004,13.0,14.8,49.228571428571435,0.6690000000000009,3,86,46.7,0,0.0
2023-03-28,46.7,29.5,36.7,0.0,0.0,0.0,11.3,19.2,3,50.0,42.9,27.4,31.4,0.0,0.449,10.5,13.0,48.042857142857144,0.6690000000000009,3,87,40.3,0,0.0
2023-03-29,40.3,29.1,34.2,0.0,0.0,0.0,12.7,22.4,3,46.7,45.3,29.5,32.2,0.0,0.173,11.3,13.0,45.785714285714285,0.6690000000000009,3,88,59.8,0,0.0
2023-03-30,59.8,28.9,44.3,0.004,0.004,0.0,17.7,32.4,51,40.3,50.0,29.1,27.4,0.0,0.0,12.7,10.5,47.94285714285714,0.6300000000000008,3,89,72.2,0,0.0
2023-03-31,72.2,41.1,59.0,0.28,0.28,0.0,26.9,51.7,61,59.8,46.7,28.9,29.5,0.004,0.0,17.7,11.3,51.028571428571425,0.9060000000000008,3,90,50.2,0,0.0
2023-04-01,50.2,35.1,40.7,0.016,0.004,0.083,27.1,47.9,71,72.2,40.3,41.1,29.1,0.28,0.0,26.9,12.7,52.07142857142857,0.4730000000000009,4,91,65.5,0,0.0
2023-04-02,65.5,30.4,47.2,0.0,0.0,0.0,17.9,31.5,3,50.2,59.8,35.1,28.9,0.016,0.004,27.1,17.7,54.957142857142856,0.30000000000000093,4,92,58.4,0,0.0
2023-04-03,58.4,38.7,48.0,0.051,0.051,0.0,15.9,26.8,53,65.5,72.2,30.4,41.1,0.0,0.28,17.9,26.9,56.15714285714286,0.3510000000000009,4,93,73.9,0,0.0
2023-04-04,73.9,44.0,57.8,0.039,0.039,0.0,23.9,39.6,51,58.4,50.2,38.7,35.1,0.051,0.016,15.9,27.1,60.042857142857144,0.3900000000000009,4,94,63.7,0,0.0
2023-04-05,63.7,36.5,47.8,0.346,0.346,0.0,20.0,36.0,63,73.9,65.5,44.0,30.4,0.039,0.0,23.9,17.9,63.385714285714286,0.7360000000000009,4,95,50.6,0,0.0
2023-04-06,50.6,27.0,38.5,0.0,0.0,0.0,11.1,21.5,2,63.7,58.4,36.5,38.7,0.346,0.051,20.0,15.9,62.07142857142857,0.7320000000000009,4,96,58.1,0,0.0
2023-04-07,58.1,29.6,44.7,0.0,0.0,0.0,11.5,21.0,0,50.6,73.9,27.0,44.0,0.0,0.039,11.1,23.9,60.05714285714286,0.45200000000000085,4,97,62.8,0,0.0
2023-04-08,62.8,38.4,50.6,0.0,0.0,0.0,12.2,23.0,1,58.1,63.7,29.6,36.5,0.0,0.346,11.5,20.0,61.857142857142854,0.43600000000000083,4,98,65.6,0,0.0
2023-04-09,65.6,41.5,54.1,0.0,0.0,0.0,13.6,24.2,3,62.8,50.6,38.4,27.0,0.0,0.0,12.2,11.1,61.871428571428574,0.43600000000000083,4,99,68.7,0,0.0
2023-04-10,68.7,45.6,56.7,0.0,0.0,0.0,10.2,19.5,3,65.6,58.1,41.5,29.6,0.0,0.0,13.6,11.5,63.34285714285714,0.38500000000000084,4,100,75.3,0,0.0
2023-04-11,75.3,45.2,61.1,0.0,0.0,0.0,14.1,25.3,3,68.7,62.8,45.6,38.4,0.0,0.0,10.2,12.2,63.542857142857144,0.34600000000000086,4,101,76.8,0,0.0
2023-04-12,76.8,57.9,67.0,0.0,0.0,0.0,18.0,32.0,0,75.3,65.6,45.2,41.5,0.0,0.0,14.1,13.6,65.41428571428571,0.0,4,102,76.8,0,0.0
2023-04-13,76.8,53.7,65.6,0.0,0.0,0.0,15.3,27.3,3,76.8,68.7,57.9,45.6,0.0,0.0,18.0,10.2,69.15714285714286,0.0,4,103,78.9,0,0.0
2023-04-14,78.9,54.3,67.6,0.0,0.0,0.0,13.0,23.0,3,76.8,75.3,53.7,45.2,0.0,0.0,15.3,14.1,72.12857142857143,0.0,4,104,72.8,0,0.0
2023-04-15,72.8,46.5,62.9,0.122,0.122,0.0,18.9,33.8,61,78.9,76.8,54.3,57.9,0.0,0.0,13.0,18.0,73.55714285714285,0.12200000000000089,4,105,45.1,0,0.0
2023-04-16,45.1,34.9,38.8,0.083,0.035,0.331,23.7,41.4,73,72.8,76.8,46.5,53.7,0.122,0.0,18.9,15.3,70.62857142857142,0.2050000000000009,4,106,56.0,0,0.0
2023-04-17,56.0,36.5,45.1,0.028,0.028,0.0,23.5,40.7,51,45.1,78.9,34.9,54.3,0.083,0.0,23.7,13.0,68.81428571428572,0.2330000000000009,4,107,58.4,0,0.0
2023-04-18,58.4,33.1,46.3,0.0,0.0,0.0,13.1,21.7,3,56.0,72.8,36.5,46.5,0.028,0.122,23.5,18.9,66.39999999999999,0.2330000000000009,4,108,74.5,0,0.0
2023-04-19,74.5,46.7,58.4,0.161,0.161,0.0,16.2,27.7,63,58.4,45.1,33.1,34.9,0.0,0.083,13.1,23.7,66.07142857142857,0.3940000000000009,4,109,69.6,0,0.0
2023-04-20,69.6,43.9,57.5,0.311,0.311,0.0,25.6,47.2,61,74.5,56.0,46.7,36.5,0.161,0.028,16.2,23.5,65.04285714285714,0.705000000000001,4,110,54.2,0,0.0
2023-04-21,54.2,38.4,45.8,0.0,0.0,0.0,21.3,37.8,3,69.6,58.4,43.9,33.1,0.311,0.0,25.6,13.1,61.51428571428571,0.705000000000001,4,111,43.2,0,0.0
2023-04-22,43.2,32.5,38.0,0.0,0.0,0.0,18.7,32.4,3,54.2,74.5,38.4,46.7,0.0,0.161,21.3,16.2,57.285714285714285,0.5830000000000009,4,112,45.0,0,0.0
2023-04-23,45.0,30.6,39.0,0.0,0.0,0.0,12.5,23.3,3,43.2,69.6,32.5,43.9,0.0,0.311,18.7,25.6,57.271428571428565,0.5000000000000009,4,113,54.9,0,0.0
2023-04-24,54.9,27.3,42.5,0.004,0.004,0.0,9.7,17.7,51,45.0,54.2,30.6,38.4,0.0,0.0,12.5,21.3,57.114285714285714,0.4760000000000009,4,114,56.3,0,0.0
2023-04-25,56.3,36.0,46.3,0.0,0.0,0.0,11.8,19.7,3,54.9,43.2,27.3,32.5,0.004,0.0,9.7,18.7,56.81428571428571,0.4760000000000009,4,115,54.7,0,0.0
2023-04-26,54.7,32.2,44.7,0.0,0.0,0.0,10.6,19.5,3,56.3,45.0,36.0,30.6,0.0,0.0,11.8,12.5,53.98571428571429,0.3150000000000009,4,116,66.4,0,0.0
2023-04-27,66.4,37.7,51.8,0.0,0.0,0.0,9.5,19.0,3,54.7,54.9,32.2,27.3,0.0,0.004,10.6,9.7,53.52857142857143,0.004000000000000888,4,117,69.1,0,0.0
2023-04-28,69.1,38.3,55.5,0.0,0.0,0.0,15.1,30.4,3,66.4,56.3,37.7,36.0,0.0,0.0,9.5,11.8,55.65714285714286,0.004000000000000888,4,118,58.9,0,0.0
2023-04-29,58.9,44.7,51.1,0.039,0.039,0.0,17.9,33.8,51,69.1,54.7,38.3,32.2,0.0,0.0,15.1,10.6,57.89999999999999,0.043000000000000885,4,119,50.4,0,0.0
2023-04-30,50.4,40.3,45.4,0.0,0.0,0.0,26.3,44.5,3,58.9,66.4,44.7,37.7,0.039,0.0,17.9,9.5,58.67142857142857,0.04300000000000089,4,120,58.8,0,0.0
2023-05-01,58.8,42.0,50.2,0.0,0.0,0.0,25.3,44.5,3,50.4,69.1,40.3,38.3,0.0,0.0,26.3,15.1,59.228571428571435,0.039000000000000895,5,121,59.5,0,0.0
2023-05-02,59.5,41.9,50.5,0.0,0.0,0.0,21.7,38.9,3,58.8,58.9,42.0,44.7,0.0,0.039,25.3,17.9,59.685714285714276,0.039000000000000895,5,122,63.4,0,0.0
2023-05-03,63.4,37.7,51.5,0.0,0.0,0.0,9.5,18.1,2,59.5,50.4,41.9,40.3,0.0,0.0,21.7,26.3,60.92857142857143,0.039000000000000895,5,123,74.2,0,0.0
2023-05-04,74.2,40.6,59.3,0.0,0.0,0.0,11.7,21.3,2,63.4,58.8,37.7,42.0,0.0,0.0,9.5,25.3,62.042857142857144,0.039000000000000895,5,124,73.4,0,0.0
2023-05-05,73.4,48.5,61.3,0.205,0.205,0.0,15.9,32.4,61,74.2,59.5,40.6,41.9,0.0,0.0,11.7,21.7,62.65714285714286,0.24400000000000088,5,125,79.2,0,0.0
2023-05-06,79.2,55.4,65.8,0.795,0.795,0.0,18.9,33.8,65,73.4,63.4,48.5,37.7,0.205,0.0,15.9,9.5,65.55714285714286,1.0000000000000009,5,126,84.6,0,0.0
2023-05-07,84.6,57.8,70.3,0.012,0.012,0.0,17.5,34.2,51,79.2,74.2,55.4,40.6,0.795,0.0,18.9,11.7,70.44285714285714,1.012000000000001,5,127,72.6,0,0.0
2023-05-08,72.6,56.5,65.2,0.189,0.189,0.0,16.8,32.2,61,84.6,73.4,57.8,48.5,0.012,0.205,17.5,15.9,72.41428571428571,1.201000000000001,5,128,73.0,0,0.0
2023-05-09,73.0,50.3,61.6,0.0,0.0,0.0,10.8,20.6,3,72.6,79.2,56.5,55.4,0.189,0.795,16.8,18.9,74.34285714285714,1.201000000000001,5,129,78.3,0,0.0
2023-05-10,78.3,54.4,66.7,0.0,0.0,0.0,11.2,21.7,3,73.0,84.6,50.3,57.8,0.0,0.012,10.8,17.5,76.47142857142856,1.201000000000001,5,130,81.1,0,0.0
2023-05-11,81.1,58.7,68.9,0.051,0.051,0.0,13.4,25.7,53,78.3,72.6,54.4,56.5,0.0,0.189,11.2,16.8,77.45714285714287,1.252000000000001,5,131,79.8,0,0.0
2023-05-12,79.8,63.9,70.1,0.303,0.303,0.0,9.5,18.8,61,81.1,73.0,58.7,50.3,0.051,0.0,13.4,10.8,78.37142857142858,1.3500000000000008,5,132,81.2,0,0.0
2023-05-13,81.2,63.0,69.4,0.059,0.059,0.0,14.6,26.2,53,79.8,78.3,63.9,54.4,0.303,0.0,9.5,11.2,78.65714285714284,0.6140000000000009,5,133,66.6,0,0.0
2023-05-14,66.6,54.9,60.8,0.028,0.028,0.0,18.1,31.3,51,81.2,81.1,63.0,58.7,0.059,0.051,14.6,13.4,76.08571428571429,0.6300000000000009,5,134,67.4,0,0.0
2023-05-15,67.4,54.1,60.3,0.0,0.0,0.0,12.6,21.0,3,66.6,79.8,54.9,63.9,0.028,0.303,18.1,9.5,75.34285714285714,0.4410000000000009,5,135,76.6,0,0.0
2023-05-16,76.6,55.5,65.4,0.0,0.0,0.0,8.6,17.0,3,67.4,81.2,54.1,63.0,0.0,0.059,12.6,14.6,75.85714285714286,0.4410000000000009,5,136,71.9,0,0.0
2023-05-17,71.9,50.2,61.2,0.0,0.0,0.0,12.3,21.7,1,76.6,66.6,55.5,54.9,0.0,0.028,8.6,18.1,74.94285714285715,0.4410000000000009,5,137,79.7,0,0.0
2023-05-18,79.7,51.1,66.0,0.0,0.0,0.0,10.3,18.8,3,71.9,67.4,50.2,54.1,0.0,0.0,12.3,12.6,74.74285714285715,0.3900000000000009,5,138,65.2,0,0.0
2023-05-19,65.2,53.9,60.4,0.13,0.13,0.0,15.6,27.5,61,79.7,76.6,51.1,55.5,0.0,0.0,10.3,8.6,72.65714285714286,0.2170000000000009,5,139,69.0,0,0.0
2023-05-20,69.0,46.4,58.6,0.0,0.0,0.0,9.9,19.7,0,65.2,71.9,53.9,50.2,0.13,0.0,15.6,12.3,70.91428571428571,0.1580000000000009,5,140,75.3,0,0.0
2023-05-21,75.3,47.0,63.5,0.0,0.0,0.0,6.7,14.8,3,69.0,79.7,46.4,51.1,0.0,0.0,9.9,10.3,72.15714285714286,0.1300000000000009,5,141,77.6,0,0.0
2023-05-22,77.6,53.4,66.3,0.0,0.0,0.0,7.6,16.6,3,75.3,65.2,47.0,53.9,0.0,0.13,6.7,15.6,73.61428571428571,0.1300000000000009,5,142,81.2,0,0.0
2023-05-23,81.2,51.7,68.5,0.0,0.0,0.0,7.4,14.8,0,77.6,69.0,53.4,46.4,0.0,0.0,7.6,9.9,74.27142857142857,0.1300000000000009,5,143,85.5,0,0.0
2023-05-24,85.5,57.1,71.8,0.0,0.0,0.0,16.1,27.1,2,81.2,75.3,51.7,47.0,0.0,0.0,7.4,6.7,76.21428571428571,0.1300000000000009,5,144,74.2,0,0.0
2023-05-25,74.2,55.4,64.4,0.0,0.0,0.0,14.1,27.3,3,85.5,77.6,57.1,53.4,0.0,0.0,16.1,7.6,75.42857142857143,0.1300000000000009,5,145,74.9,0,0.0
2023-05-26,74.9,47.2,62.2,0.0,0.0,0.0,10.1,18.8,1,74.2,81.2,55.4,51.7,0.0,0.0,14.1,7.4,76.8142857142857,0.0,5,146,79.3,0,0.0
2023-05-27,79.3,52.2,66.9,0.0,0.0,0.0,8.4,18.1,3,74.9,85.5,47.2,57.1,0.0,0.0,10.1,16.1,78.28571428571429,0.0,5,147,81.9,0,0.0
2023-05-28,81.9,58.3,71.0,0.0,0.0,0.0,9.0,18.3,3,79.3,74.2,52.2,55.4,0.0,0.0,8.4,14.1,79.22857142857143,0.0,5,148,84.7,0,0.0
2023-05-29,84.7,59.5,73.0,0.0,0.0,0.0,6.7,15.0,3,81.9,74.9,58.3,47.2,0.0,0.0,9.0,10.1,80.24285714285715,0.0,5,149,88.7,0,0.0
2023-05-30,88.7,59.1,75.2,0.0,0.0,0.0,8.8,18.1,3,84.7,79.3,59.5,52.2,0.0,0.0,6.7,8.4,81.31428571428572,0.0,5,150,89.6,0,0.0
2023-05-31,89.6,61.6,77.1,0.0,0.0,0.0,12.8,24.8,3,88.7,81.9,59.1,58.3,0.0,0.0,8.8,9.0,81.89999999999999,0.0,5,151,88.2,0,0.0
2023-06-01,88.2,66.0,76.8,0.012,0.012,0.0,7.9,19.2,51,89.6,84.7,61.6,59.5,0.0,0.0,12.8,6.7,83.9,0.012000000000000888,6,152,90.5,0,0.0
2023-06-02,90.5,66.7,79.2,0.008,0.008,0.0,12.3,21.9,51,88.2,88.7,66.0,59.1,0.012,0.0,7.9,8.8,86.12857142857145,0.02000000000000089,6,153,90.7,0,0.0
2023-06-03,90.7,68.3,80.2,0.0,0.0,0.0,11.2,21.0,3,90.5,89.6,66.7,61.6,0.008,0.0,12.3,12.8,87.75714285714285,0.02000000000000089,6,154,87.6,0,0.0
2023-06-04,87.6,66.7,76.8,0.102,0.102,0.0,10.3,21.0,63,90.7,88.2,68.3,66.0,0.0,0.012,11.2,7.9,88.57142857142857,0.12200000000000089,6,155,85.0,0,0.0
2023-06-05,85.0,61.9,74.0,0.0,0.0,0.0,7.8,16.1,3,87.6,90.5,66.7,66.7,0.102,0.008,10.3,12.3,88.61428571428571,0.12200000000000089,6,156,88.0,0,0.0
2023-06-06,88.0,62.3,75.2,0.008,0.008,0.0,11.5,26.2,51,85.0,90.7,61.9,68.3,0.0,0.0,7.8,11.2,88.51428571428572,0.1300000000000009,6,157,81.1,0,0.0
2023-06-07,81.1,64.8,72.5,0.012,0.012,0.0,10.3,21.0,51,88.0,87.6,62.3,66.7,0.008,0.102,11.5,10.3,87.3,0.14200000000000088,6,158,78.2,0,0.0
2023-06-08,78.2,55.6,67.8,0.0,0.0,0.0,9.9,16.6,3,81.1,85.0,64.8,61.9,0.012,0.0,10.3,7.8,85.87142857142855,0.13000000000000086,6,159,80.3,0,0.0
2023-06-09,80.3,54.1,68.7,0.0,0.0,0.0,7.2,11.9,3,78.2,88.0,55.6,62.3,0.0,0.008,9.9,11.5,84.41428571428571,0.12200000000000089,6,160,86.3,0,0.0
2023-06-10,86.3,58.5,73.0,0.0,0.0,0.0,12.8,22.1,3,80.3,81.1,54.1,64.8,0.0,0.012,7.2,10.3,83.78571428571429,0.12200000000000089,6,161,71.8,0,0.0
2023-06-11,71.8,55.2,65.2,0.114,0.114,0.0,14.9,28.4,53,86.3,78.2,58.5,55.6,0.0,0.0,12.8,9.9,81.52857142857144,0.1340000000000009,6,162,74.1,0,0.0
2023-06-12,74.1,49.1,61.8,0.0,0.0,0.0,15.0,26.4,3,71.8,80.3,55.2,54.1,0.114,0.0,14.9,7.2,79.97142857142856,0.1340000000000009,6,163,82.0,0,0.0
2023-06-13,82.0,59.4,70.5,0.0,0.0,0.0,14.8,27.1,3,74.1,86.3,49.1,58.5,0.0,0.0,15.0,12.8,79.11428571428571,0.1260000000000009,6,164,85.5,0,0.0
2023-06-14,85.5,60.1,74.2,0.0,0.0,0.0,12.6,22.1,3,82.0,71.8,59.4,55.2,0.0,0.114,14.8,14.9,79.74285714285713,0.11400000000000089,6,165,87.3,0,0.0
2023-06-15,87.3,62.0,75.6,0.0,0.0,0.0,11.9,20.1,3,85.5,74.1,60.1,49.1,0.0,0.0,12.6,15.0,81.04285714285713,0.11400000000000089,6,166,76.6,0,0.0
2023-06-16,76.6,54.9,66.1,0.0,0.0,0.0,13.1,22.6,3,87.3,82.0,62.0,59.4,0.0,0.0,11.9,14.8,80.51428571428572,0.11400000000000089,6,167,83.1,0,0.0
2023-06-17,83.1,56.8,71.1,0.0,0.0,0.0,9.4,17.4,3,76.6,85.5,54.9,60.1,0.0,0.0,13.1,12.6,80.05714285714285,0.11400000000000089,6,168,83.3,0,0.0
2023-06-18,83.3,67.2,73.4,0.197,0.197,0.0,14.8,27.5,61,83.1,87.3,56.8,62.0,0.0,0.0,9.4,11.9,81.7,0.1970000000000009,6,169,86.1,0,0.0
2023-06-19,86.1,62.2,75.1,0.0,0.0,0.0,8.3,17.0,2,83.3,76.6,67.2,54.9,0.197,0.0,14.8,13.1,83.41428571428571,0.1970000000000009,6,170,87.6,0,0.0
2023-06-20,87.6,63.5,76.5,0.0,0.0,0.0,10.3,20.6,0,86.1,83.1,62.2,56.8,0.0,0.0,8.3,9.4,84.21428571428571,0.1970000000000009,6,171,87.4,0,0.0
2023-06-21,87.4,67.2,78.0,0.012,0.012,0.0,11.5,22.8,51,87.6,83.3,63.5,67.2,0.0,0.197,10.3,14.8,84.48571428571428,0.2090000000000009,6,172,88.2,0,0.0
2023-06-22,88.2,67.3,78.4,0.0,0.0,0.0,7.3,15.9,1,87.4,86.1,67.2,62.2,0.012,0.0,11.5,8.3,84.61428571428571,0.2090000000000009,6,173,88.1,0,0.0
2023-06-23,88.1,62.5,76.9,0.0,0.0,0.0,7.1,14.1,3,88.2,87.6,67.3,63.5,0.0,0.0,7.3,10.3,86.25714285714285,0.2090000000000009,6,174,91.9,0,0.0
2023-06-24,91.9,67.4,78.4,0.11,0.11,0.0,15.6,28.0,61,88.1,87.4,62.5,67.2,0.0,0.012,7.1,11.5,87.5142857142857,0.3190000000000009,6,175,80.9,0,0.0
2023-06-25,80.9,68.7,73.6,0.039,0.039,0.0,26.4,45.6,53,91.9,88.2,67.4,67.3,0.11,0.0,15.6,7.3,87.17142857142858,0.1610000000000009,6,176,80.4,0,0.0
2023-06-26,80.4,65.3,72.3,0.039,0.039,0.0,19.0,34.9,51,80.9,88.1,68.7,62.5,0.039,0.0,26.4,7.1,86.35714285714286,0.2000000000000009,6,177,83.1,0,0.0
2023-06-27,83.1,61.7,72.5,0.0,0.0,0.0,7.4,13.4,3,80.4,91.9,65.3,67.4,0.039,0.11,19.0,15.6,85.71428571428574,0.2000000000000009,6,178,86.2,0,0.0
2023-06-28,86.2,65.6,74.7,0.004,0.004,0.0,15.2,28.2,51,83.1,80.9,61.7,68.7,0.0,0.039,7.4,26.4,85.54285714285713,0.19200000000000086,6,179,85.3,0,0.0
2023-06-29,85.3,70.2,77.1,0.193,0.193,0.0,12.0,21.9,61,86.2,80.4,65.6,65.3,0.004,0.039,15.2,19.0,85.12857142857142,0.3850000000000009,6,180,85.6,0,0.0
2023-06-30,85.6,68.1,75.8,0.161,0.161,0.0,9.6,18.6,61,85.3,83.1,70.2,61.7,0.193,0.0,12.0,7.4,84.77142857142857,0.5460000000000009,6,181,77.8,0,0.0
2023-07-01,77.8,69.6,72.9,0.315,0.315,0.0,7.3,14.8,63,85.6,86.2,68.1,65.6,0.161,0.004,9.6,15.2,82.75714285714285,0.7510000000000009,7,182,83.7,0,0.0
2023-07-02,83.7,67.8,75.2,0.539,0.539,0.0,8.1,17.4,63,77.8,85.3,69.6,70.2,0.315,0.193,7.3,12.0,83.15714285714286,1.2510000000000008,7,183,86.2,0,0.0
2023-07-03,86.2,65.3,76.6,0.0,0.0,0.0,5.7,11.2,3,83.7,85.6,67.8,68.1,0.539,0.161,8.1,9.6,83.98571428571428,1.212000000000001,7,184,88.2,0,0.0
2023-07-04,88.2,66.8,78.4,0.0,0.0,0.0,8.4,17.0,3,86.2,77.8,65.3,69.6,0.0,0.315,5.7,7.3,84.71428571428571,1.212000000000001,7,185,82.2,0,0.0
2023-07-05,82.2,69.3,76.3,0.094,0.094,0.0,12.3,23.0,61,88.2,83.7,66.8,67.8,0.0,0.539,8.4,8.1,84.14285714285714,1.302000000000001,7,186,76.7,0,0.0
2023-07-06,76.7,61.9,69.3,0.0,0.0,0.0,12.3,21.0,3,82.2,86.2,69.3,65.3,0.094,0.0,12.3,5.7,82.91428571428571,1.1090000000000009,7,187,74.8,0,0.0
2023-07-07,74.8,55.4,65.1,0.331,0.331,0.0,9.0,17.2,61,76.7,88.2,61.9,66.8,0.0,0.0,12.3,8.4,81.37142857142858,1.2790000000000008,7,188,79.2,0,0.0
2023-07-08,79.2,58.8,68.0,0.0,0.0,0.0,10.4,19.9,3,74.8,82.2,55.4,69.3,0.331,0.094,9.0,12.3,81.57142857142857,0.964000000000001,7,189,79.7,0,0.0
2023-07-09,79.7,59.2,70.2,0.0,0.0,0.0,8.1,16.6,2,79.2,76.7,58.8,61.9,0.0,0.0,10.4,12.3,81.0,0.42500000000000093,7,190,84.7,0,0.0
2023-07-10,84.7,61.3,73.7,0.0,0.0,0.0,13.3,24.4,3,79.7,74.8,59.2,55.4,0.0,0.331,8.1,9.0,80.78571428571429,0.42500000000000093,7,191,86.4,0,0.0
2023-07-11,86.4,65.8,77.3,0.071,0.071,0.0,11.0,23.3,61,84.7,79.2,61.3,58.8,0.0,0.0,13.3,10.4,80.52857142857144,0.49600000000000094,7,192,83.3,0,0.0
2023-07-12,83.3,66.7,73.3,0.461,0.461,0.0,21.8,39.6,63,86.4,79.7,65.8,59.2,0.071,0.0,11.0,8.1,80.68571428571428,0.8630000000000009,7,193,82.5,0,0.0
2023-07-13,82.5,60.6,71.6,0.008,0.008,0.0,11.3,17.7,51,83.3,84.7,66.7,61.3,0.461,0.0,21.8,13.3,81.51428571428572,0.8710000000000009,7,194,87.3,0,0.0
2023-07-14,87.3,68.5,75.1,0.209,0.209,0.0,16.2,32.4,63,82.5,86.4,60.6,65.8,0.008,0.071,11.3,11.0,83.3,0.749000000000001,7,195,82.5,0,0.0
2023-07-15,82.5,66.7,74.5,0.0,0.0,0.0,12.8,23.5,3,87.3,83.3,68.5,66.7,0.209,0.461,16.2,21.8,83.77142857142857,0.749000000000001,7,196,81.4,0,0.0
2023-07-16,81.4,63.1,73.0,0.0,0.0,0.0,11.6,21.7,3,82.5,82.5,66.7,60.6,0.0,0.008,12.8,11.3,84.01428571428572,0.749000000000001,7,197,75.7,0,0.0
2023-07-17,75.7,62.0,69.2,0.0,0.0,0.0,10.7,20.6,1,81.4,87.3,63.1,68.5,0.0,0.209,11.6,16.2,82.72857142857143,0.749000000000001,7,198,77.1,0,0.0
2023-07-18,77.1,57.0,67.1,0.0,0.0,0.0,5.7,13.4,3,75.7,82.5,62.0,66.7,0.0,0.0,10.7,12.8,81.39999999999999,0.678000000000001,7,199,82.6,0,0.0
2023-07-19,82.6,59.5,72.1,0.0,0.0,0.0,7.8,15.9,3,77.1,81.4,57.0,63.1,0.0,0.0,5.7,11.6,81.3,0.21700000000000094,7,200,80.5,0,0.0
2023-07-20,80.5,68.4,74.2,0.098,0.098,0.0,14.6,27.7,61,82.6,75.7,59.5,62.0,0.0,0.0,7.8,10.7,81.01428571428572,0.30700000000000094,7,201,79.9,0,0.0
2023-07-21,79.9,61.0,71.2,0.0,0.0,0.0,9.0,18.6,3,80.5,77.1,68.4,57.0,0.098,0.0,14.6,5.7,79.95714285714287,0.09800000000000095,7,202,81.6,0,0.0
2023-07-22,81.6,61.1,71.9,0.205,0.205,0.0,8.3,17.2,63,79.9,82.6,61.0,59.5,0.0,0.0,9.0,7.8,79.82857142857142,0.30300000000000094,7,203,85.6,0,0.0
2023-07-23,85.6,63.6,74.1,0.0,0.0,0.0,5.7,9.4,3,81.6,80.5,61.1,68.4,0.205,0.098,8.3,14.6,80.42857142857143,0.30300000000000094,7,204,86.3,0,0.0
2023-07-24,86.3,65.1,76.5,0.0,0.0,0.0,5.9,12.5,3,85.6,79.9,63.6,61.0,0.0,0.0,5.7,9.0,81.94285714285715,0.30300000000000094,7,205,89.3,0,0.0
2023-07-25,89.3,68.5,78.9,0.0,0.0,0.0,11.7,21.7,3,86.3,81.6,65.1,61.1,0.0,0.205,5.9,8.3,83.68571428571428,0.30300000000000094,7,206,92.8,0,0.0
2023-07-26,92.8,74.0,82.6,0.004,0.004,0.0,17.9,30.4,51,89.3,85.6,68.5,63.6,0.0,0.0,11.7,5.7,85.14285714285714,0.30700000000000094,7,207,94.0,0,0.0
2023-07-27,94.0,72.3,83.3,0.0,0.0,0.0,11.8,22.1,3,92.8,86.3,74.0,65.1,0.004,0.0,17.9,5.9,87.07142857142857,0.20900000000000094,7,208,94.5,0,0.0
2023-07-28,94.5,72.7,81.9,0.756,0.756,0.0,12.6,26.8,65,94.0,89.3,72.3,68.5,0.0,0.0,11.8,11.7,89.15714285714286,0.965000000000001,7,209,84.7,0,0.0
2023-07-29,84.7,69.9,76.8,0.0,0.0,0.0,12.4,21.5,3,94.5,92.8,72.7,74.0,0.756,0.004,12.6,17.9,89.60000000000001,0.760000000000001,7,210,81.8,0,0.0
2023-07-30,81.8,65.5,73.8,0.0,0.0,0.0,6.9,13.4,1,84.7,94.0,69.9,72.3,0.0,0.0,12.4,11.8,89.05714285714285,0.760000000000001,7,211,84.1,0,0.0
2023-07-31,84.1,63.9,73.7,0.0,0.0,0.0,5.3,13.0,3,81.8,94.5,65.5,72.7,0.0,0.756,6.9,12.6,88.74285714285715,0.760000000000001,7,212,85.5,0,0.0
2023-08-01,85.5,65.8,75.9,0.0,0.0,0.0,11.4,22.4,3,84.1,84.7,63.9,69.9,0.0,0.0,5.3,12.4,88.20000000000002,0.760000000000001,8,213,78.3,0,0.0
2023-08-02,78.3,69.7,73.9,0.094,0.094,0.0,11.1,21.0,55,85.5,81.8,65.8,65.5,0.0,0.0,11.4,6.9,86.12857142857142,0.850000000000001,8,214,82.5,0,0.0
2023-08-03,82.5,66.1,74.0,0.008,0.008,0.0,6.6,14.3,51,78.3,84.1,69.7,63.9,0.094,0.0,11.1,5.3,84.48571428571428,0.858000000000001,8,215,85.5,0,0.0
2023-08-04,85.5,65.7,76.1,0.008,0.008,0.0,10.6,19.7,51,82.5,85.5,66.1,65.8,0.008,0.0,6.6,11.4,83.2,0.110000000000001,8,216,83.8,0,0.0
2023-08-05,83.8,67.3,75.7,0.043,0.043,0.0,14.1,26.6,53,85.5,78.3,65.7,69.7,0.008,0.094,10.6,11.1,83.07142857142857,0.153000000000001,8,217,78.4,0,0.0
2023-08-06,78.4,66.0,70.7,0.579,0.579,0.0,12.0,19.9,63,83.8,82.5,67.3,66.1,0.043,0.008,14.1,6.6,82.58571428571429,0.732000000000001,8,218,78.3,0,0.0
2023-08-07,78.3,63.3,70.6,0.248,0.248,0.0,10.4,20.1,61,78.4,85.5,66.0,65.7,0.579,0.008,12.0,10.6,81.75714285714285,0.980000000000001,8,219,78.0,0,0.0
2023-08-08,78.0,62.5,70.3,0.256,0.256,0.0,9.6,24.6,63,78.3,83.8,63.3,67.3,0.248,0.043,10.4,14.1,80.68571428571428,1.236000000000001,8,220,73.0,0,0.0
2023-08-09,73.0,61.1,67.6,0.256,0.256,0.0,7.1,17.2,63,78.0,78.4,62.5,66.0,0.256,0.579,9.6,12.0,79.92857142857143,1.398000000000001,8,221,82.5,0,0.0
2023-08-10,82.5,63.4,73.0,0.0,0.0,0.0,7.7,17.0,3,73.0,78.3,61.1,63.3,0.256,0.248,7.1,10.4,79.92857142857143,1.390000000000001,8,222,86.0,0,0.0
2023-08-11,86.0,67.9,75.8,0.122,0.122,0.0,14.5,26.6,61,82.5,78.0,63.4,62.5,0.0,0.256,7.7,9.6,80.0,1.504000000000001,8,223,83.2,0,0.0
2023-08-12,83.2,68.9,75.4,0.0,0.0,0.0,11.3,18.8,3,86.0,73.0,67.9,61.1,0.122,0.256,14.5,7.1,79.91428571428571,1.461000000000001,8,224,77.6,0,0.0
2023-08-13,77.6,63.0,70.2,0.028,0.028,0.0,8.6,16.1,53,83.2,82.5,68.9,63.4,0.0,0.0,11.3,7.7,79.8,0.910000000000001,8,225,73.3,0,0.0
2023-08-14,73.3,63.3,68.9,0.402,0.402,0.0,13.2,24.6,63,77.6,86.0,63.0,67.9,0.028,0.122,8.6,14.5,79.08571428571429,1.064000000000001,8,226,75.5,0,0.0
2023-08-15,75.5,57.8,66.9,0.0,0.0,0.0,11.8,22.4,0,73.3,83.2,63.3,68.9,0.402,0.0,13.2,11.3,78.72857142857143,0.808000000000001,8,227,77.9,0,0.0
2023-08-16,77.9,57.9,68.4,0.0,0.0,0.0,15.1,25.7,3,75.5,77.6,57.8,63.0,0.0,0.028,11.8,8.6,79.42857142857143,0.552000000000001,8,228,75.7,0,0.0
2023-08-17,75.7,62.7,70.8,0.0,0.0,0.0,16.6,30.4,3,77.9,73.3,57.9,63.3,0.0,0.402,15.1,13.2,78.45714285714287,0.552000000000001,8,229,76.8,0,0.0
2023-08-18,76.8,55.0,67.1,0.0,0.0,0.0,9.9,16.8,3,75.7,75.5,62.7,57.8,0.0,0.0,16.6,11.8,77.14285714285714,0.43000000000000105,8,230,87.2,0,0.0
2023-08-19,87.2,63.7,75.3,0.0,0.0,0.0,13.8,25.9,3,76.8,77.9,55.0,57.9,0.0,0.0,9.9,15.1,77.71428571428571,0.43000000000000105,8,231,93.0,0,0.0
2023-08-20,93.0,72.3,82.2,0.0,0.0,0.0,10.2,19.9,3,87.2,75.7,63.7,62.7,0.0,0.0,13.8,16.6,79.91428571428571,0.402000000000001,8,232,89.1,0,0.0
2023-08-21,89.1,73.4,80.9,0.0,0.0,0.0,8.7,16.6,3,93.0,76.8,72.3,55.0,0.0,0.0,10.2,9.9,82.17142857142858,0.0,8,233,91.3,0,0.0
2023-08-22,91.3,70.5,81.2,0.0,0.0,0.0,10.0,18.8,3,89.1,87.2,73.4,63.7,0.0,0.0,8.7,13.8,84.42857142857143,0.0,8,234,97.7,0,0.0
2023-08-23,97.7,78.0,87.3,0.0,0.0,0.0,13.9,24.6,3,91.3,93.0,70.5,72.3,0.0,0.0,10.0,10.2,87.25714285714285,0.0,8,235,96.8,0,0.0
2023-08-24,96.8,80.2,87.9,0.0,0.0,0.0,13.4,24.8,3,97.7,89.1,78.0,73.4,0.0,0.0,13.9,8.7,90.27142857142857,0.0,8,236,91.7,0,0.0
2023-08-25,91.7,74.8,82.8,0.0,0.0,0.0,11.5,29.1,3,96.8,91.3,80.2,70.5,0.0,0.0,13.4,10.0,92.39999999999999,0.0,8,237,85.0,0,0.0
2023-08-26,85.0,68.6,77.5,0.0,0.0,0.0,12.4,23.3,3,91.7,97.7,74.8,78.0,0.0,0.0,11.5,13.9,92.08571428571429,0.0,8,238,78.3,0,0.0
2023-08-27,78.3,58.8,68.8,0.0,0.0,0.0,7.4,16.1,3,85.0,96.8,68.6,80.2,0.0,0.0,12.4,13.4,89.98571428571428,0.0,8,239,81.1,0,0.0
2023-08-28,81.1,60.4,70.8,0.0,0.0,0.0,4.8,13.0,3,78.3,91.7,58.8,74.8,0.0,0.0,7.4,11.5,88.84285714285714,0.0,8,240,85.5,0,0.0
2023-08-29,85.5,66.7,75.0,0.012,0.012,0.0,13.6,25.1,51,81.1,85.0,60.4,68.6,0.0,0.0,4.8,12.4,88.01428571428572,0.012000000000001,8,241,78.3,0,0.0
2023-08-30,78.3,61.3,69.4,0.0,0.0,0.0,8.3,17.9,0,85.5,78.3,66.7,58.8,0.012,0.0,13.6,7.4,85.24285714285713,0.012000000000001,8,242,76.9,0,0.0
2023-08-31,76.9,53.8,65.7,0.0,0.0,0.0,8.1,15.2,0,78.3,81.1,61.3,60.4,0.0,0.0,8.3,4.8,82.4,0.012000000000001,8,243,82.1,0,0.0
2023-09-01,82.1,57.9,70.0,0.0,0.0,0.0,9.4,19.0,3,76.9,85.5,53.8,66.7,0.0,0.012,8.1,13.6,81.02857142857142,0.012000000000001,9,244,88.7,0,0.0
2023-09-02,88.7,63.1,75.2,0.0,0.0,0.0,13.7,24.6,3,82.1,78.3,57.9,61.3,0.0,0.0,9.4,8.3,81.55714285714285,0.012000000000001,9,245,92.7,0,0.0
2023-09-03,92.7,67.5,79.0,0.0,0.0,0.0,13.3,25.1,0,88.7,76.9,63.1,53.8,0.0,0.0,13.7,8.1,83.61428571428573,0.012000000000001,9,246,93.3,0,0.0
2023-09-04,93.3,71.3,82.2,0.0,0.0,0.0,13.3,25.3,1,92.7,82.1,67.5,57.9,0.0,0.0,13.3,9.4,85.35714285714286,0.012000000000001,9,247,91.8,0,0.0
2023-09-05,91.8,74.1,82.2,0.161,0.161,0.0,17.5,32.0,63,93.3,88.7,71.3,63.1,0.0,0.0,13.3,13.7,86.25714285714285,0.161000000000001,9,248,76.6,0,0.0
2023-09-06,76.6,64.0,71.7,0.0,0.0,0.0,16.0,29.1,3,91.8,92.7,74.1,67.5,0.161,0.0,17.5,13.3,86.01428571428572,0.161000000000001,9,249,74.8,0,0.0
2023-09-07,74.8,61.6,67.9,0.0,0.0,0.0,11.0,20.6,3,76.6,93.3,64.0,71.3,0.0,0.0,16.0,13.3,85.71428571428571,0.161000000000001,9,250,75.0,0,0.0
2023-09-08,75.0,55.1,65.1,0.0,0.0,0.0,9.3,16.1,3,74.8,91.8,61.6,74.1,0.0,0.161,11.0,17.5,84.70000000000002,0.161000000000001,9,251,78.1,0,0.0
2023-09-09,78.1,53.9,66.3,0.0,0.0,0.0,4.7,10.3,2,75.0,76.6,55.1,64.0,0.0,0.0,9.3,16.0,83.18571428571428,0.161000000000001,9,252,81.2,0,0.0
2023-09-10,81.2,60.5,70.2,0.331,0.331,0.0,9.4,19.0,63,78.1,74.8,53.9,61.6,0.0,0.0,4.7,11.0,81.54285714285713,0.492000000000001,9,253,69.2,0,0.0
2023-09-11,69.2,58.5,64.5,0.543,0.543,0.0,7.8,15.9,63,81.2,75.0,60.5,55.1,0.331,0.0,9.4,9.3,78.10000000000001,1.035000000000001,9,254,73.9,0,0.0
2023-09-12,73.9,52.1,63.1,0.02,0.02,0.0,8.5,17.4,51,69.2,78.1,58.5,53.9,0.543,0.0,7.8,4.7,75.54285714285713,0.8940000000000011,9,255,71.7,0,0.0
2023-09-13,71.7,54.0,62.2,0.0,0.0,0.0,7.5,15.4,3,73.9,81.2,52.1,60.5,0.02,0.331,8.5,9.4,74.84285714285714,0.8940000000000011,9,256,76.6,0,0.0
2023-09-14,76.6,53.2,64.8,0.0,0.0,0.0,9.0,17.4,1,71.7,69.2,54.0,58.5,0.0,0.543,7.5,7.8,75.10000000000001,0.8940000000000011,9,257,80.4,0,0.0
2023-09-15,80.4,58.0,68.2,0.0,0.0,0.0,10.1,20.6,3,76.6,73.9,53.2,52.1,0.0,0.02,9.0,8.5,75.87142857142858,0.8940000000000011,9,258,76.5,0,0.0
2023-09-16,76.5,59.0,66.2,0.102,0.102,0.0,10.6,30.4,61,80.4,71.7,58.0,54.0,0.0,0.0,10.1,7.5,75.64285714285714,0.9960000000000011,9,259,74.9,0,0.0
2023-09-17,74.9,54.1,64.1,0.0,0.0,0.0,9.6,20.1,3,76.5,76.6,59.0,53.2,0.102,0.0,10.6,9.0,74.74285714285715,0.6650000000000011,9,260,76.8,0,0.0
2023-09-18,76.8,52.1,65.2,0.0,0.0,0.0,12.0,20.4,3,74.9,80.4,54.1,58.0,0.0,0.0,9.6,10.1,75.82857142857142,0.12200000000000111,9,261,81.1,0,0.0
2023-09-19,81.1,60.5,68.2,0.189,0.189,0.0,16.7,30.6,61,76.8,76.5,52.1,59.0,0.0,0.102,12.0,10.6,76.85714285714286,0.2910000000000011,9,262,79.2,0,0.0
2023-09-20,79.2,63.1,69.4,0.488,0.488,0.0,10.8,19.7,63,81.1,74.9,60.5,54.1,0.189,0.0,16.7,9.6,77.92857142857143,0.779000000000001,9,263,75.3,0,0.0
2023-09-21,75.3,57.9,66.7,0.051,0.051,0.0,13.5,25.1,53,79.2,76.8,63.1,52.1,0.488,0.0,10.8,12.0,77.74285714285715,0.8300000000000011,9,264,80.0,0,0.0
2023-09-22,80.0,61.0,69.1,0.248,0.248,0.0,14.1,24.8,63,75.3,81.1,57.9,60.5,0.051,0.189,13.5,16.7,77.68571428571428,1.0780000000000012,9,265,82.1,0,0.0
2023-09-23,82.1,64.4,72.8,0.039,0.039,0.0,17.5,31.3,53,80.0,79.2,61.0,63.1,0.248,0.488,14.1,10.8,78.48571428571428,1.015000000000001,9,266,79.8,0,0.0
2023-09-24,79.8,64.0,70.8,1.063,1.063,0.0,14.2,25.1,65,82.1,75.3,64.4,57.9,0.039,0.051,17.5,13.5,79.18571428571428,2.078000000000001,9,267,78.3,0,0.0
2023-09-25,78.3,59.5,68.2,0.059,0.059,0.0,7.8,15.2,55,79.8,80.0,64.0,61.0,1.063,0.248,14.2,14.1,79.39999999999999,2.137000000000001,9,268,71.9,0,0.0
2023-09-26,71.9,59.5,65.0,0.287,0.287,0.0,8.4,17.4,63,78.3,82.1,59.5,64.4,0.059,0.039,7.8,17.5,78.08571428571427,2.2350000000000008,9,269,74.9,0,0.0
2023-09-27,74.9,57.2,64.7,0.0,0.0,0.0,8.2,13.2,3,71.9,79.8,59.5,64.0,0.287,1.063,8.4,14.2,77.47142857142856,1.7470000000000008,9,270,74.3,0,0.0
2023-09-28,74.3,59.1,65.4,0.0,0.0,0.0,8.3,16.3,3,74.9,78.3,57.2,59.5,0.0,0.059,8.2,7.8,77.32857142857144,1.696000000000001,9,271,82.8,0,0.0
2023-09-29,82.8,60.9,70.7,0.008,0.008,0.0,12.0,22.6,51,74.3,71.9,59.1,59.5,0.0,0.287,8.3,8.4,77.72857142857143,1.4560000000000008,9,272,88.8,0,0.0
2023-09-30,88.8,67.5,77.4,0.0,0.0,0.0,11.4,19.9,1,82.8,74.9,60.9,57.2,0.008,0.0,12.0,8.2,78.68571428571428,1.417000000000001,9,273,87.1,0,0.0
2023-10-01,87.1,68.2,76.4,0.0,0.0,0.0,10.5,19.7,2,88.8,74.3,67.5,59.1,0.0,0.0,11.4,8.3,79.72857142857143,0.3540000000000011,10,274,85.2,0,0.0
2023-10-02,85.2,62.0,73.8,0.0,0.0,0.0,9.2,18.8,3,87.1,82.8,68.2,60.9,0.0,0.008,10.5,12.0,80.71428571428571,0.2950000000000011,10,275,86.9,0,0.0
2023-10-03,86.9,66.7,76.3,0.0,0.0,0.0,16.7,30.2,3,85.2,88.8,62.0,67.5,0.0,0.0,9.2,11.4,82.85714285714286,0.00800000000000111,10,276,80.2,0,0.0
2023-10-04,80.2,65.1,73.1,0.008,0.008,0.0,15.3,28.9,51,86.9,87.1,66.7,68.2,0.0,0.0,16.7,10.5,83.61428571428573,0.01600000000000111,10,277,75.6,0,0.0
2023-10-05,75.6,54.5,64.9,0.0,0.0,0.0,16.5,30.4,3,80.2,85.2,65.1,62.0,0.008,0.0,15.3,9.2,83.8,0.01600000000000111,10,278,58.2,0,0.0
2023-10-06,58.2,48.7,53.2,0.031,0.031,0.0,23.9,42.1,53,75.6,86.9,54.5,66.7,0.0,0.0,16.5,16.7,80.28571428571429,0.03900000000000111,10,279,59.0,0,0.0
2023-10-07,59.0,43.4,50.8,0.0,0.0,0.0,13.2,23.9,3,58.2,80.2,48.7,65.1,0.031,0.008,23.9,15.3,76.02857142857144,0.03900000000000111,10,280,63.0,0,0.0
2023-10-08,63.0,45.2,54.2,0.0,0.0,0.0,9.6,16.1,3,59.0,75.6,43.4,54.5,0.0,0.0,13.2,16.5,72.58571428571429,0.03900000000000111,10,281,60.1,0,0.0
2023-10-09,60.1,43.4,51.1,0.0,0.0,0.0,13.6,25.5,2,63.0,58.2,45.2,48.7,0.0,0.031,9.6,23.9,69.0,0.03900000000000111,10,282,61.0,0,0.0
2023-10-10,61.0,39.6,50.3,0.0,0.0,0.0,11.6,23.3,0,60.1,59.0,43.4,43.4,0.0,0.0,13.6,13.2,65.3,0.03900000000000111,10,283,64.2,0,0.0
2023-10-11,64.2,42.9,53.6,0.394,0.394,0.0,14.5,24.4,65,61.0,63.0,39.6,45.2,0.0,0.0,11.6,9.6,63.01428571428572,0.42500000000000115,10,284,73.3,0,0.0
2023-10-12,73.3,51.5,59.2,0.213,0.213,0.0,20.9,35.6,63,64.2,60.1,42.9,43.4,0.394,0.0,14.5,13.6,62.68571428571429,0.6380000000000011,10,285,65.9,0,0.0
2023-10-13,65.9,53.8,59.8,0.937,0.937,0.0,17.1,29.1,63,73.3,61.0,51.5,39.6,0.213,0.0,20.9,11.6,63.785714285714285,1.5440000000000011,10,286,56.6,0,0.0
2023-10-14,56.6,49.0,52.7,0.075,0.075,0.0,18.0,31.5,53,65.9,64.2,53.8,42.9,0.937,0.394,17.1,14.5,63.44285714285714,1.619000000000001,10,287,54.6,0,0.0
2023-10-15,54.6,46.9,50.6,0.0,0.0,0.0,15.2,28.0,3,56.6,73.3,49.0,51.5,0.075,0.213,18.0,20.9,62.24285714285715,1.619000000000001,10,288,57.4,0,0.0
2023-10-16,57.4,42.2,48.7,0.0,0.0,0.0,10.5,17.9,3,54.6,65.9,46.9,53.8,0.0,0.937,15.2,17.1,61.857142857142854,1.619000000000001,10,289,64.7,0,0.0
2023-10-17,64.7,38.2,51.4,0.0,0.0,0.0,9.2,15.4,3,57.4,56.6,42.2,49.0,0.0,0.075,10.5,18.0,62.385714285714286,1.619000000000001,10,290,61.9,0,0.0
2023-10-18,61.9,49.9,55.7,0.059,0.059,0.0,15.6,28.4,61,64.7,54.6,38.2,46.9,0.0,0.0,9.2,15.2,62.05714285714286,1.284000000000001,10,291,61.6,0,0.0
2023-10-19,61.6,48.3,54.8,0.134,0.134,0.0,14.3,25.9,61,61.9,57.4,49.9,42.2,0.059,0.0,15.6,10.5,60.385714285714286,1.2050000000000012,10,292,66.1,0,0.0
2023-10-20,66.1,46.0,54.8,0.0,0.0,0.0,15.3,27.5,2,61.6,64.7,48.3,38.2,0.134,0.0,14.3,9.2,60.41428571428571,0.2680000000000011,10,293,64.8,0,0.0
2023-10-21,64.8,51.3,57.0,0.0,0.0,0.0,19.8,35.3,1,66.1,61.9,46.0,49.9,0.0,0.059,15.3,15.6,61.58571428571428,0.19300000000000112,10,294,57.9,0,0.0
2023-10-22,57.9,40.6,49.3,0.0,0.0,0.0,8.5,14.3,3,64.8,61.6,51.3,48.3,0.0,0.134,19.8,14.3,62.057142857142864,0.19300000000000112,10,295,72.0,0,0.0
2023-10-23,72.0,47.2,59.4,0.004,0.004,0.0,15.4,28.0,51,57.9,66.1,40.6,46.0,0.0,0.0,8.5,15.3,64.14285714285714,0.19700000000000112,10,296,78.6,0,0.0
2023-10-24,78.6,64.1,70.3,0.031,0.031,0.0,18.7,38.0,51,72.0,64.8,47.2,51.3,0.004,0.0,15.4,19.8,66.12857142857142,0.22800000000000112,10,297,68.7,0,0.0
2023-10-25,68.7,60.5,64.6,0.071,0.071,0.0,12.2,21.3,51,78.6,57.9,64.1,40.6,0.031,0.0,18.7,8.5,67.1,0.24000000000000116,10,298,68.2,0,0.0
2023-10-26,68.2,63.7,65.4,1.087,1.087,0.0,15.3,25.7,63,68.7,72.0,60.5,47.2,0.071,0.004,12.2,15.4,68.04285714285713,1.1930000000000012,10,299,63.6,0,0.0
2023-10-27,63.6,36.3,53.4,0.504,0.504,0.0,14.7,27.1,65,68.2,78.6,63.7,64.1,1.087,0.031,15.3,18.7,67.68571428571428,1.6970000000000012,10,300,46.3,0,0.0
2023-10-28,46.3,32.4,38.6,0.0,0.0,0.0,11.2,20.4,3,63.6,68.7,36.3,60.5,0.504,0.071,14.7,12.2,65.04285714285714,1.6970000000000012,10,301,38.9,0,0.0
2023-10-29,38.9,34.2,36.8,0.012,0.008,0.028,12.8,23.0,71,46.3,68.2,32.4,63.7,0.0,1.087,11.2,15.3,62.32857142857142,1.7090000000000012,10,302,37.9,0,0.0
2023-10-30,37.9,26.0,31.8,0.0,0.0,0.0,11.7,23.7,3,38.9,63.6,34.2,36.3,0.012,0.504,12.8,14.7,57.457142857142856,1.7050000000000012,10,303,38.0,0,0.0
2023-10-31,38.0,28.6,32.5,0.0,0.0,0.0,25.3,44.5,3,37.9,46.3,26.0,32.4,0.0,0.0,11.7,11.2,51.65714285714286,1.6740000000000013,10,304,40.9,0,0.0
2023-11-01,40.9,21.9,32.1,0.0,0.0,0.0,12.2,23.3,3,38.0,38.9,28.6,34.2,0.0,0.012,25.3,12.8,47.68571428571429,1.603000000000001,11,305,52.7,0,0.0
2023-11-02,52.7,30.6,40.9,0.0,0.0,0.0,9.1,16.8,3,40.9,37.9,21.9,26.0,0.0,0.0,12.2,11.7,45.471428571428575,0.5160000000000011,11,306,53.5,0,0.0
2023-11-03,53.5,41.9,47.3,0.016,0.016,0.0,12.1,20.6,51,52.7,38.0,30.6,28.6,0.0,0.0,9.1,25.3,44.028571428571425,0.02800000000000111,11,307,55.8,0,0.0
2023-11-04,55.8,35.3,45.4,0.0,0.0,0.0,7.2,12.1,2,53.5,40.9,41.9,21.9,0.016,0.0,12.1,12.2,45.385714285714286,0.02800000000000111,11,308,60.3,0,0.0
2023-11-05,60.3,35.5,47.9,0.0,0.0,0.0,15.5,25.9,3,55.8,52.7,35.3,30.6,0.0,0.0,7.2,9.1,48.44285714285714,0.01600000000000111,11,309,64.8,0,0.0
2023-11-06,64.8,53.8,58.4,0.0,0.0,0.0,15.7,26.4,3,60.3,53.5,35.5,41.9,0.0,0.016,15.5,12.1,52.285714285714285,0.01600000000000111,11,310,57.8,0,0.0
2023-11-07,57.8,39.6,48.9,0.0,0.0,0.0,14.8,25.1,3,64.8,55.8,53.8,35.3,0.0,0.0,15.7,7.2,55.11428571428571,0.01600000000000111,11,311,57.6,0,0.0
2023-11-08,57.6,46.8,52.4,0.157,0.157,0.0,15.1,25.7,61,57.8,60.3,39.6,35.5,0.0,0.0,14.8,15.5,57.5,0.1730000000000011,11,312,56.8,0,0.0
2023-11-09,56.8,34.8,46.9,0.0,0.0,0.0,16.6,28.9,3,57.6,64.8,46.8,53.8,0.157,0.0,15.1,15.7,58.08571428571429,0.17300000000000113,11,313,49.0,0,0.0
2023-11-10,49.0,32.5,40.2,0.0,0.0,0.0,11.2,21.7,3,56.8,57.8,34.8,39.6,0.0,0.0,16.6,14.8,57.44285714285714,0.15700000000000114,11,314,48.4,0,0.0
2023-11-11,48.4,32.2,41.0,0.004,0.004,0.0,11.2,19.5,51,49.0,57.6,32.5,46.8,0.0,0.157,11.2,15.1,56.385714285714286,0.16100000000000114,11,315,59.5,0,0.0
2023-11-12,59.5,41.6,49.5,0.0,0.0,0.0,15.9,28.6,3,48.4,56.8,32.2,34.8,0.004,0.0,11.2,16.6,56.271428571428565,0.16100000000000114,11,316,59.5,0,0.0
2023-11-13,59.5,36.3,47.4,0.0,0.0,0.0,8.1,13.6,0,59.5,49.0,41.6,32.5,0.0,0.0,15.9,11.2,55.51428571428572,0.16100000000000114,11,317,60.4,0,0.0
2023-11-14,60.4,36.7,47.3,0.0,0.0,0.0,15.9,28.2,3,59.5,48.4,36.3,32.2,0.0,0.004,8.1,11.2,55.885714285714286,0.16100000000000114,11,318,63.3,0,0.0
2023-11-15,63.3,44.2,52.2,0.0,0.0,0.0,10.0,16.8,3,60.4,59.5,36.7,41.6,0.0,0.0,15.9,15.9,56.699999999999996,0.00400000000000111,11,319,63.5,0,0.0
2023-11-16,63.5,47.7,55.5,0.0,0.0,0.0,16.5,28.6,3,63.3,59.5,44.2,36.3,0.0,0.0,10.0,8.1,57.65714285714285,0.00400000000000111,11,320,56.7,0,0.0
2023-11-17,56.7,35.1,43.0,0.004,0.004,0.0,14.5,32.4,51,63.5,60.4,47.7,36.7,0.0,0.0,16.5,15.9,58.75714285714285,0.00800000000000111,11,321,54.9,0,0.0
2023-11-18,54.9,31.5,40.7,0.0,0.0,0.0,8.8,17.2,2,56.7,63.3,35.1,44.2,0.004,0.0,14.5,10.0,59.68571428571429,0.00400000000000111,11,322,57.7,0,0.0
2023-11-19,57.7,34.0,45.8,0.0,0.0,0.0,11.6,19.2,3,54.9,63.5,31.5,47.7,0.0,0.0,8.8,16.5,59.42857142857143,0.00400000000000111,11,323,48.6,0,0.0
2023-11-20,48.6,40.9,45.4,0.134,0.134,0.0,14.4,25.5,53,57.7,56.7,34.0,35.1,0.0,0.004,11.6,14.5,57.871428571428574,0.13800000000000112,11,324,49.8,0,0.0
2023-11-21,49.8,36.6,41.6,0.075,0.075,0.0,14.8,28.4,53,48.6,54.9,40.9,31.5,0.134,0.0,14.4,8.8,56.357142857142854,0.21300000000000113,11,325,44.5,0,0.0
2023-11-22,44.5,27.0,37.5,0.0,0.0,0.0,11.9,22.8,3,49.8,57.7,36.6,34.0,0.075,0.0,14.8,11.6,53.67142857142857,0.21300000000000113,11,326,43.2,0,0.0
2023-11-23,43.2,32.1,37.7,0.0,0.0,0.0,14.0,25.5,3,44.5,48.6,27.0,40.9,0.0,0.134,11.9,14.4,50.77142857142858,0.21300000000000113,11,327,31.0,0,0.0
2023-11-24,31.0,23.8,27.7,0.0,0.0,0.0,12.0,21.3,3,43.2,49.8,32.1,36.6,0.0,0.075,14.0,14.8,47.10000000000001,0.20900000000000113,11,328,35.6,0,0.0
2023-11-25,35.6,26.2,30.2,0.047,0.0,0.331,6.5,11.2,71,31.0,44.5,23.8,27.0,0.0,0.0,12.0,11.9,44.34285714285714,0.2560000000000011,11,329,33.7,0,0.0
2023-11-26,33.7,26.6,31.4,0.28,0.0,1.957,17.2,30.6,73,35.6,43.2,26.2,32.1,0.047,0.0,6.5,14.0,40.91428571428571,0.5360000000000011,11,330,27.0,0,0.0
2023-11-27,27.0,17.9,21.9,0.0,0.0,0.0,15.9,28.6,3,33.7,31.0,26.6,23.8,0.28,0.0,17.2,12.0,37.82857142857143,0.40200000000000113,11,331,26.7,0,0.0
2023-11-28,26.7,9.9,19.2,0.0,0.0,0.0,11.2,18.3,3,27.0,35.6,17.9,26.2,0.0,0.047,15.9,6.5,34.528571428571425,0.3270000000000011,11,332,43.9,0,0.0
2023-11-29,43.9,23.5,31.5,0.0,0.0,0.0,10.1,16.8,3,26.7,33.7,9.9,26.6,0.0,0.28,11.2,17.2,34.44285714285714,0.3270000000000011,11,333,47.0,0,0.0
2023-11-30,47.0,31.5,37.0,0.0,0.0,0.0,10.4,19.0,3,43.9,27.0,23.5,17.9,0.0,0.0,10.1,15.9,34.98571428571429,0.3270000000000011,11,334,36.7,0,0.0
2023-12-01,36.7,32.8,34.4,0.205,0.161,0.303,14.1,23.9,73,47.0,26.7,31.5,9.9,0.0,0.0,10.4,11.2,35.800000000000004,0.5320000000000011,12,335,38.3,0,0.0
2023-12-02,38.3,28.2,33.7,0.067,0.031,0.248,6.3,15.2,73,36.7,43.9,32.8,23.5,0.205,0.0,14.1,10.1,36.18571428571428,0.5520000000000012,12,336,39.6,0,0.0
2023-12-03,39.6,28.1,33.9,0.083,0.02,0.441,9.9,18.8,73,38.3,47.0,28.2,31.5,0.067,0.0,6.3,10.4,37.028571428571425,0.3550000000000011,12,337,41.5,0,0.0
2023-12-04,41.5,25.9,32.4,0.02,0.012,0.055,8.3,15.7,71,39.6,36.7,28.1,32.8,0.083,0.205,9.9,14.1,39.1,0.3750000000000011,12,338,39.9,0,0.0
2023-12-05,39.9,28.4,32.9,0.004,0.004,0.0,14.0,25.1,51,41.5,38.3,25.9,28.2,0.02,0.067,8.3,6.3,40.98571428571428,0.3790000000000011,12,339,43.1,0,0.0
2023-12-06,43.1,22.7,33.1,0.0,0.0,0.0,13.0,23.5,3,39.9,39.6,28.4,28.1,0.004,0.083,14.0,9.9,40.871428571428574,0.3790000000000011,12,340,56.2,0,0.0
2023-12-07,56.2,35.5,44.9,0.0,0.0,0.0,11.8,19.7,3,43.1,41.5,22.7,25.9,0.0,0.02,13.0,8.3,42.18571428571429,0.3790000000000011,12,341,55.6,0,0.0
2023-12-08,55.6,41.5,49.0,0.004,0.004,0.0,13.4,22.4,51,56.2,39.9,35.5,28.4,0.0,0.004,11.8,14.0,44.88571428571429,0.17800000000000113,12,342,45.1,0,0.0
2023-12-09,45.1,31.2,39.4,0.26,0.26,0.0,19.6,34.9,63,55.6,43.1,41.5,22.7,0.004,0.0,13.4,13.0,45.857142857142854,0.3710000000000011,12,343,34.5,0,0.0
2023-12-10,34.5,22.8,28.6,0.0,0.0,0.0,15.0,25.7,3,45.1,56.2,31.2,35.5,0.26,0.0,19.6,11.8,45.128571428571426,0.2880000000000011,12,344,40.5,0,0.0
2023-12-11,40.5,21.0,28.3,0.0,0.0,0.0,7.1,15.0,3,34.5,55.6,22.8,41.5,0.0,0.004,15.0,13.4,44.98571428571428,0.2680000000000011,12,345,35.6,0,0.0
2023-12-12,35.6,25.2,30.2,0.0,0.0,0.0,11.9,21.9,3,40.5,45.1,21.0,31.2,0.0,0.26,7.1,19.6,44.371428571428574,0.2640000000000011,12,346,42.1,0,0.0
2023-12-13,42.1,26.4,32.2,0.0,0.0,0.0,5.5,11.2,3,35.6,34.5,25.2,22.8,0.0,0.0,11.9,15.0,44.22857142857142,0.2640000000000011,12,347,49.0,0,0.0
2023-12-14,49.0,24.8,35.1,0.0,0.0,0.0,6.9,13.2,3,42.1,40.5,26.4,21.0,0.0,0.0,5.5,7.1,43.199999999999996,0.2640000000000011,12,348,52.0,0,0.0
2023-12-15,52.0,35.0,42.8,0.0,0.0,0.0,9.1,16.3,3,49.0,35.6,24.8,25.2,0.0,0.0,6.9,11.9,42.68571428571429,0.2600000000000011,12,349,44.6,0,0.0
2023-12-16,44.6,40.6,43.1,0.362,0.362,0.0,11.0,18.8,61,52.0,42.1,35.0,26.4,0.0,0.0,9.1,5.5,42.614285714285714,0.3620000000000011,12,350,45.0,0,0.0
2023-12-17,45.0,33.3,39.6,0.0,0.0,0.0,12.5,20.6,3,44.6,49.0,40.6,24.8,0.362,0.0,11.0,6.9,44.114285714285714,0.3620000000000011,12,351,35.9,0,0.0
2023-12-18,35.9,20.0,26.9,0.0,0.0,0.0,21.6,38.3,3,45.0,52.0,33.3,35.0,0.0,0.0,12.5,9.1,43.457142857142856,0.3620000000000011,12,352,37.3,0,0.0
2023-12-19,37.3,18.2,26.8,0.0,0.0,0.0,13.7,25.3,3,35.9,44.6,20.0,40.6,0.0,0.362,21.6,11.0,43.699999999999996,0.3620000000000011,12,353,45.5,0,0.0
2023-12-20,45.5,27.4,34.2,0.0,0.0,0.0,8.3,13.6,3,37.3,45.0,18.2,33.3,0.0,0.0,13.7,12.5,44.18571428571429,0.3620000000000011,12,354,46.8,0,0.0
2023-12-21,46.8,34.6,40.6,0.0,0.0,0.0,8.4,14.8,3,45.5,35.9,27.4,20.0,0.0,0.0,8.3,21.6,43.871428571428574,0.3620000000000011,12,355,47.4,0,0.0
2023-12-22,47.4,42.9,45.2,0.394,0.394,0.0,7.1,13.9,63,46.8,37.3,34.6,18.2,0.0,0.0,8.4,13.7,43.214285714285715,0.7560000000000011,12,356,55.6,0,0.0
2023-12-23,55.6,44.8,48.4,0.004,0.004,0.0,9.0,17.2,51,47.4,45.5,42.9,27.4,0.394,0.0,7.1,8.3,44.78571428571428,0.39800000000000113,12,357,57.7,0,0.0
2023-12-24,57.7,44.9,51.5,0.256,0.256,0.0,16.4,29.1,61,55.6,46.8,44.8,34.6,0.004,0.0,9.0,8.4,46.60000000000001,0.6540000000000011,12,358,55.0,0,0.0
2023-12-25,55.0,38.8,50.7,0.685,0.685,0.0,18.3,31.3,63,57.7,47.4,44.9,42.9,0.256,0.394,16.4,7.1,49.32857142857143,1.3390000000000013,12,359,37.8,0,0.0
2023-12-26,37.8,30.6,35.3,0.012,0.0,0.083,14.0,25.1,73,55.0,55.6,38.8,44.8,0.685,0.004,18.3,9.0,49.39999999999999,1.351000000000001,12,360,38.6,0,0.0
2023-12-27,38.6,31.5,35.4,0.189,0.039,1.047,12.8,22.6,73,37.8,57.7,30.6,44.9,0.012,0.256,14.0,16.4,48.41428571428571,1.5400000000000011,12,361,36.5,0,0.0
2023-12-28,36.5,28.9,33.0,0.272,0.0,1.902,14.8,26.2,73,38.6,55.0,31.5,38.8,0.189,0.685,12.8,18.3,46.94285714285714,1.8120000000000012,12,362,40.1,0,0.0
2023-12-29,40.1,26.8,32.8,0.059,0.0,0.413,11.5,19.5,73,36.5,37.8,28.9,30.6,0.272,0.012,14.8,14.0,45.9,1.4770000000000012,12,363,41.4,0,0.0
2023-12-30,41.4,25.2,31.0,0.0,0.0,0.0,10.8,18.3,3,40.1,38.6,26.8,31.5,0.059,0.189,11.5,12.8,43.871428571428574,1.4730000000000012,12,364,34.6,0,0.0
2023-12-31,34.6,27.3,30.4,0.008,0.0,0.055,16.2,28.6,71,41.4,36.5,25.2,28.9,0.0,0.272,10.8,14.8,40.57142857142857,1.225000000000001,12,365,32.0,0,0.0
2024-01-01,32.0,20.2,25.6,0.0,0.0,0.0,9.3,15.9,3,34.6,40.1,27.3,26.8,0.008,0.059,16.2,11.5,37.285714285714285,0.5400000000000011,1,1,38.7,0,0.0
2024-01-02,38.7,23.1,28.8,0.0,0.0,0.0,11.4,21.5,3,32.0,41.4,20.2,25.2,0.0,0.0,9.3,10.8,37.41428571428571,0.5280000000000011,1,2,38.7,0,0.0
2024-01-03,38.7,24.2,31.0,0.0,0.0,0.0,9.7,18.1,3,38.7,34.6,23.1,27.3,0.0,0.008,11.4,16.2,37.42857142857143,0.33900000000000113,1,3,34.2,0,0.0
2024-01-04,34.2,22.8,27.1,0.0,0.0,0.0,6.4,10.5,3,38.7,32.0,24.2,20.2,0.0,0.0,9.7,9.3,37.1,0.06700000000000111,1,4,37.3,0,0.0
2024-01-05,37.3,21.9,28.8,0.0,0.0,0.0,9.4,19.9,3,34.2,38.7,22.8,23.1,0.0,0.0,6.4,11.4,36.7,0.00800000000000111,1,5,34.2,0,0.0
2024-01-06,34.2,27.1,30.4,0.008,0.0,0.055,7.4,14.8,71,37.3,38.7,21.9,24.2,0.0,0.0,9.4,9.7,35.67142857142857,0.01600000000000111,1,6,35.0,0,0.0
2024-01-07,35.0,21.6,29.3,0.0,0.0,0.0,10.6,20.6,3,34.2,34.2,27.1,22.8,0.008,0.0,7.4,6.4,35.728571428571435,0.00800000000000111,1,7,36.3,0,0.0
2024-01-08,36.3,24.1,30.3,0.236,0.0,1.654,15.9,28.2,75,35.0,37.3,21.6,21.9,0.0,0.0,10.6,9.4,36.34285714285714,0.2440000000000011,1,8,32.0,0,0.0
2024-01-09,32.0,29.8,31.4,0.992,0.0,6.972,22.4,36.5,75,36.3,34.2,24.1,27.1,0.236,0.008,15.9,7.4,35.385714285714286,1.236000000000001,1,9,28.5,0,0.0
2024-01-10,28.5,19.9,23.6,0.028,0.0,0.193,17.0,29.5,73,32.0,35.0,29.8,21.6,0.992,0.0,22.4,10.6,33.92857142857143,1.2640000000000011,1,10,23.6,0,0.0
2024-01-11,23.6,12.6,16.5,0.0,0.0,0.028,11.7,18.8,71,28.5,36.3,19.9,24.1,0.028,0.236,17.0,15.9,32.41428571428571,1.2640000000000011,1,11,31.8,0,0.0
2024-01-12,31.8,17.3,25.8,0.811,0.008,5.622,31.5,44.5,75,23.6,32.0,12.6,29.8,0.0,0.992,11.7,22.4,31.62857142857143,2.075000000000001,1,12,19.6,0,0.0
2024-01-13,19.6,-9.1,4.9,0.039,0.0,0.276,28.4,42.5,71,31.8,28.5,17.3,19.9,0.811,0.028,31.5,17.0,29.54285714285714,2.106000000000001,1,13,-11.7,0,0.0
2024-01-14,-11.7,-22.2,-17.4,0.0,0.0,0.0,23.0,35.8,3,19.6,23.6,-9.1,12.6,0.039,0.0,28.4,11.7,22.87142857142857,2.106000000000001,1,14,-4.7,0,0.0
2024-01-15,-4.7,-22.5,-13.2,0.0,0.0,0.0,15.4,21.9,3,-11.7,31.8,-22.2,17.3,0.0,0.811,23.0,31.5,17.014285714285716,1.8700000000000012,1,15,-1.4,0,0.0
2024-01-16,-1.4,-13.5,-7.3,0.0,0.0,0.0,18.0,25.9,3,-4.7,19.6,-22.5,-9.1,0.0,0.039,15.4,28.4,12.242857142857144,0.8780000000000012,1,16,15.6,0,0.0
2024-01-17,15.6,-4.0,6.1,0.004,0.0,0.028,16.9,24.6,71,-1.4,-11.7,-13.5,-22.2,0.0,0.0,18.0,23.0,10.400000000000002,0.8540000000000012,1,17,14.4,0,0.0
2024-01-18,14.4,4.6,10.2,0.146,0.0,1.02,18.4,25.7,73,15.6,-4.7,-4.0,-22.5,0.004,0.0,16.9,15.4,9.085714285714285,1.000000000000001,1,18,9.0,0,0.0
2024-01-19,9.0,-5.4,-0.1,0.016,0.0,0.11,18.9,26.6,71,14.4,-1.4,4.6,-13.5,0.146,0.0,18.4,18.0,5.828571428571429,0.20500000000000113,1,19,-0.8,0,0.0
2024-01-20,-0.8,-14.3,-8.0,0.0,0.0,0.0,13.5,18.6,1,9.0,15.6,-5.4,-4.0,0.016,0.004,18.9,16.9,2.9142857142857146,0.1660000000000011,1,20,22.7,0,0.0
2024-01-21,22.7,-19.1,3.3,0.0,0.0,0.0,19.5,27.3,3,-0.8,14.4,-14.3,4.6,0.0,0.146,13.5,18.4,7.828571428571428,0.1660000000000011,1,21,34.4,0,0.0
2024-01-22,34.4,25.0,30.3,0.016,0.008,0.055,19.7,28.0,71,22.7,9.0,-19.1,-5.4,0.0,0.016,19.5,18.9,13.414285714285715,0.1820000000000011,1,22,33.5,0,0.0
2024-01-23,33.5,28.0,31.8,0.374,0.248,0.882,9.3,14.1,73,34.4,-0.8,25.0,-14.3,0.016,0.0,19.7,13.5,18.400000000000002,0.5560000000000012,1,23,34.6,0,0.0
2024-01-24,34.6,27.4,32.4,0.098,0.098,0.0,9.6,13.6,53,33.5,22.7,28.0,-19.1,0.374,0.0,9.3,19.5,21.114285714285717,0.6500000000000011,1,24,34.2,0,0.0
2024-01-25,34.2,33.0,33.7,0.307,0.307,0.0,6.0,11.9,55,34.6,34.4,27.4,25.0,0.098,0.016,9.6,19.7,23.942857142857143,0.811000000000001,1,25,34.2,0,0.0
2024-01-26,34.2,32.9,33.6,0.335,0.335,0.0,7.1,11.0,55,34.2,33.5,33.0,28.0,0.307,0.374,6.0,9.3,27.542857142857144,1.130000000000001,1,26,35.6,0,0.0
2024-01-27,35.6,31.1,33.0,0.0,0.0,0.0,11.9,19.2,3,34.2,34.6,32.9,27.4,0.335,0.098,7.1,9.6,32.74285714285715,1.130000000000001,1,27,33.3,0,0.0
2024-01-28,33.3,30.4,31.9,0.0,0.0,0.0,12.2,19.9,3,35.6,34.2,31.1,33.0,0.0,0.307,11.9,6.0,34.25714285714286,1.130000000000001,1,28,38.1,0,0.0
2024-01-29,38.1,24.8,32.1,0.0,0.0,0.0,9.0,16.1,3,33.3,34.2,30.4,32.9,0.0,0.335,12.2,7.1,34.78571428571429,1.114000000000001,1,29,38.1,0,0.0
2024-01-30,38.1,31.5,35.3,0.0,0.0,0.0,12.7,23.3,3,38.1,35.6,24.8,31.1,0.0,0.0,9.0,11.9,35.44285714285714,0.7400000000000011,1,30,48.8,0,0.0
2024-01-31,48.8,25.5,35.5,0.0,0.0,0.0,10.0,19.0,1,38.1,33.3,31.5,30.4,0.0,0.0,12.7,12.2,37.471428571428575,0.642000000000001,1,31,53.3,0,0.0
2024-02-01,53.3,33.7,40.9,0.0,0.0,0.0,9.2,15.2,3,48.8,38.1,25.5,24.8,0.0,0.0,10.0,9.0,40.199999999999996,0.33500000000000113,2,32,42.9,0,0.0
2024-02-02,42.9,29.5,34.2,0.0,0.0,0.0,14.6,25.7,3,53.3,38.1,33.7,31.5,0.0,0.0,9.2,12.7,41.442857142857136,0.0,2,33,45.5,0,0.0
2024-02-03,45.5,27.2,34.3,0.0,0.0,0.0,11.7,21.5,3,42.9,48.8,29.5,25.5,0.0,0.0,14.6,10.0,42.857142857142854,0.0,2,34,48.4,0,0.0
2024-02-04,48.4,28.0,35.3,0.0,0.0,0.0,10.3,19.5,3,45.5,53.3,27.2,33.7,0.0,0.0,11.7,9.2,45.01428571428571,0.0,2,35,49.6,0,0.0
2024-02-05,49.6,25.2,34.8,0.0,0.0,0.0,6.2,10.3,3,48.4,42.9,28.0,29.5,0.0,0.0,10.3,14.6,46.65714285714286,0.0,2,36,51.6,0,0.0
2024-02-06,51.6,25.8,37.4,0.0,0.0,0.0,9.5,15.9,3,49.6,45.5,25.2,27.2,0.0,0.0,6.2,11.7,48.58571428571429,0.0,2,37,50.3,0,0.0
2024-02-07,50.3,33.7,41.8,0.0,0.0,0.0,15.9,27.3,3,51.6,48.4,25.8,28.0,0.0,0.0,9.5,10.3,48.8,0.0,2,38,61.2,0,0.0
2024-02-08,61.2,44.2,50.8,0.031,0.031,0.0,24.0,45.2,53,50.3,49.6,33.7,25.2,0.0,0.0,15.9,6.2,49.92857142857143,0.03100000000000111,2,39,48.7,0,0.0
2024-02-09,48.7,33.4,40.9,0.004,0.004,0.0,10.4,20.1,51,61.2,51.6,44.2,25.8,0.031,0.0,24.0,9.5,50.75714285714286,0.035000000000001114,2,40,41.1,0,0.0
2024-02-10,41.1,27.6,33.6,0.0,0.0,0.0,11.6,21.3,3,48.7,50.3,33.4,33.7,0.004,0.0,10.4,15.9,50.128571428571426,0.035000000000001114,2,41,42.1,0,0.0
2024-02-11,42.1,25.0,31.7,0.0,0.0,0.0,8.1,15.2,3,41.1,61.2,27.6,44.2,0.0,0.031,11.6,24.0,49.228571428571435,0.035000000000001114,2,42,45.4,0,0.0
2024-02-12,45.4,24.4,33.4,0.0,0.0,0.0,7.8,16.3,3,42.1,48.7,25.0,33.4,0.0,0.004,8.1,10.4,48.628571428571426,0.035000000000001114,2,43,43.2,0,0.0
2024-02-13,43.2,26.4,33.8,0.0,0.0,0.0,5.9,11.2,3,45.4,41.1,24.4,27.6,0.0,0.0,7.8,11.6,47.42857142857143,0.035000000000001114,2,44,47.8,0,0.0
2024-02-14,47.8,26.1,36.8,0.028,0.028,0.0,13.4,22.1,53,43.2,42.1,26.4,25.0,0.0,0.0,5.9,8.1,47.07142857142857,0.06300000000000111,2,45,42.3,0,0.0
2024-02-15,42.3,30.6,36.0,0.22,0.22,0.0,18.7,32.9,63,47.8,45.4,26.1,24.4,0.028,0.0,13.4,7.8,44.37142857142857,0.2520000000000011,2,46,31.1,0,0.0
2024-02-16,31.1,14.1,25.5,0.087,0.0,0.606,16.6,29.5,71,42.3,43.2,30.6,26.4,0.22,0.0,18.7,5.9,41.857142857142854,0.3350000000000011,2,47,27.8,0,0.0
2024-02-17,27.8,11.3,19.7,0.0,0.0,0.0,17.8,32.0,0,31.1,47.8,14.1,26.1,0.087,0.028,16.6,13.4,39.957142857142856,0.3350000000000011,2,48,44.1,0,0.0
2024-02-18,44.1,25.2,32.3,0.0,0.0,0.0,15.6,27.5,0,27.8,42.3,11.3,30.6,0.0,0.22,17.8,18.7,40.24285714285714,0.3350000000000011,2,49,53.1,0,0.0
2024-02-19,53.1,21.5,34.5,0.0,0.0,0.0,10.5,20.8,3,44.1,31.1,25.2,14.1,0.0,0.087,15.6,16.6,41.34285714285714,0.3350000000000011,2,50,53.7,0,0.0
2024-02-20,53.7,29.0,40.2,0.0,0.0,0.0,10.5,20.4,3,53.1,27.8,21.5,11.3,0.0,0.0,10.5,17.8,42.84285714285715,0.3350000000000011,2,51,55.2,0,0.0
2024-02-21,55.2,40.2,46.7,0.0,0.0,0.0,10.3,16.6,3,53.7,44.1,29.0,25.2,0.0,0.0,10.5,15.6,43.9,0.30700000000000105,2,52,57.9,0,0.0
2024-02-22,57.9,36.0,47.0,0.031,0.031,0.0,14.1,23.7,53,55.2,53.1,40.2,21.5,0.0,0.0,10.3,10.5,46.128571428571426,0.1180000000000011,2,53,53.0,0,0.0
2024-02-23,53.0,30.3,40.9,0.0,0.0,0.0,19.0,34.4,3,57.9,53.7,36.0,29.0,0.031,0.0,14.1,10.5,49.25714285714286,0.03100000000000111,2,54,41.2,0,0.0
2024-02-24,41.2,21.7,32.5,0.0,0.0,0.0,11.6,25.9,3,53.0,55.2,30.3,40.2,0.0,0.0,19.0,10.3,51.17142857142858,0.03100000000000111,2,55,60.5,0,0.0
2024-02-25,60.5,32.5,45.3,0.0,0.0,0.0,10.1,18.1,2,41.2,57.9,21.7,36.0,0.0,0.031,11.6,14.1,53.51428571428572,0.03100000000000111,2,56,69.2,0,0.0
2024-02-26,69.2,36.3,51.2,0.0,0.0,0.0,16.8,29.5,3,60.5,53.0,32.5,30.3,0.0,0.0,10.1,19.0,55.814285714285724,0.03100000000000111,2,57,67.0,0,0.0
2024-02-27,67.0,25.3,51.6,0.024,0.024,0.0,21.6,38.3,53,69.2,41.2,36.3,21.7,0.0,0.0,16.8,11.6,57.714285714285715,0.05500000000000111,2,58,29.1,0,0.0
2024-02-28,29.1,10.8,21.0,0.0,0.0,0.0,22.5,39.4,3,67.0,60.5,25.3,32.5,0.024,0.0,21.6,10.1,53.98571428571428,0.05500000000000111,2,59,49.6,0,0.0
2024-02-29,49.6,20.9,33.9,0.0,0.0,0.0,16.2,29.8,0,29.1,69.2,10.8,36.3,0.0,0.0,22.5,16.8,52.800000000000004,0.02400000000000111,2,60,48.8,0,0.0
2024-03-01,48.8,30.6,39.0,0.0,0.0,0.0,15.3,28.2,3,49.6,67.0,20.9,25.3,0.0,0.024,16.2,21.6,52.2,0.02400000000000111,3,61,60.1,0,0.0
2024-03-02,60.1,32.1,45.6,0.0,0.0,0.0,15.7,28.0,0,48.8,29.1,30.6,10.8,0.0,0.0,15.3,22.5,54.9,0.02400000000000111,3,62,73.6,0,0.0
2024-03-03,73.6,48.0,59.3,0.0,0.0,0.0,22.2,39.4,3,60.1,49.6,32.1,20.9,0.0,0.0,15.7,16.2,56.771428571428565,0.02400000000000111,3,63,61.5,0,0.0
2024-03-04,61.5,43.6,49.6,0.307,0.307,0.0,15.4,25.9,63,73.6,48.8,48.0,30.6,0.0,0.0,22.2,15.3,55.67142857142857,0.3310000000000011,3,64,55.1,0,0.0
2024-03-05,55.1,37.0,44.7,0.091,0.091,0.0,14.0,23.9,61,61.5,60.1,43.6,32.1,0.307,0.0,15.4,15.7,53.971428571428575,0.39800000000000113,3,65,54.5,0,0.0
2024-03-06,54.5,31.6,43.1,0.0,0.0,0.0,9.8,18.6,3,55.1,73.6,37.0,48.0,0.091,0.0,14.0,22.2,57.60000000000001,0.39800000000000113,3,66,54.7,0,0.0
2024-03-07,54.7,35.5,45.1,0.138,0.138,0.0,11.7,20.6,61,54.5,61.5,31.6,43.6,0.0,0.307,9.8,15.4,58.32857142857143,0.5360000000000011,3,67,45.4,0,0.0
2024-03-08,45.4,37.6,42.8,0.689,0.689,0.0,15.0,25.7,61,54.7,55.1,35.5,37.0,0.138,0.091,11.7,14.0,57.84285714285714,1.225000000000001,3,68,42.8,0,0.0
2024-03-09,42.8,26.1,34.9,0.0,0.0,0.0,16.3,30.6,3,45.4,54.5,37.6,31.6,0.689,0.0,15.0,9.8,55.371428571428574,1.225000000000001,3,69,47.7,0,0.0
2024-03-10,47.7,24.4,35.6,0.0,0.0,0.0,8.2,13.6,0,42.8,54.7,26.1,35.5,0.0,0.138,16.3,11.7,51.67142857142857,1.225000000000001,3,70,67.7,0,0.0
2024-03-11,67.7,37.0,51.5,0.0,0.0,0.0,17.0,29.8,3,47.7,45.4,24.4,37.6,0.0,0.689,8.2,15.0,52.55714285714286,0.9180000000000011,3,71,67.1,0,0.0
2024-03-12,67.1,47.8,56.7,0.0,0.0,0.0,14.0,25.5,3,67.7,42.8,37.0,26.1,0.0,0.0,17.0,16.3,54.271428571428565,0.8270000000000011,3,72,67.9,0,0.0
2024-03-13,67.9,42.1,56.0,0.0,0.0,0.0,12.1,19.7,3,67.1,47.7,47.8,24.4,0.0,0.0,14.0,8.2,56.185714285714276,0.8270000000000011,3,73,55.9,0,0.0
2024-03-14,55.9,47.5,51.6,0.409,0.409,0.0,18.8,34.4,63,67.9,67.7,42.1,37.0,0.0,0.0,12.1,17.0,56.357142857142854,1.098000000000001,3,74,58.5,0,0.0
2024-03-15,58.5,38.3,48.1,0.0,0.0,0.0,10.6,20.1,3,55.9,67.1,47.5,47.8,0.409,0.0,18.8,14.0,58.228571428571435,0.4090000000000011,3,75,54.4,0,0.0
2024-03-16,54.4,41.0,47.2,0.0,0.0,0.0,20.9,37.8,3,58.5,67.9,38.3,42.1,0.0,0.0,10.6,12.1,59.885714285714286,0.4090000000000011,3,76,39.2,0,0.0
2024-03-17,39.2,27.0,33.1,0.0,0.0,0.0,17.4,31.8,3,54.4,55.9,41.0,47.5,0.0,0.409,20.9,18.8,58.67142857142858,0.4090000000000011,3,77,36.9,0,0.0
2024-03-18,36.9,21.4,28.4,0.0,0.0,0.0,13.4,25.3,3,39.2,58.5,27.0,38.3,0.0,0.0,17.4,10.6,54.271428571428565,0.4090000000000011,3,78,58.4,0,0.0
2024-03-19,58.4,27.1,43.9,0.0,0.0,0.0,15.9,28.0,2,36.9,54.4,21.4,41.0,0.0,0.0,13.4,20.9,53.028571428571425,0.4090000000000011,3,79,45.3,0,0.0
2024-03-20,45.3,28.8,35.2,0.0,0.0,0.0,15.2,27.3,3,58.4,39.2,27.1,27.0,0.0,0.0,15.9,17.4,49.8,0.4090000000000011,3,80,44.2,0,0.0
2024-03-21,44.2,28.8,36.2,0.0,0.0,0.0,10.5,19.2,3,45.3,36.9,28.8,21.4,0.0,0.0,15.2,13.4,48.128571428571426,0.0,3,81,39.0,0,0.0
2024-03-22,39.0,30.1,33.7,0.543,0.047,3.472,11.6,21.7,75,44.2,58.4,28.8,27.1,0.0,0.0,10.5,15.9,45.34285714285714,0.5430000000000011,3,82,34.4,0,0.0
2024-03-23,34.4,20.4,28.3,0.004,0.0,0.028,11.4,19.0,71,39.0,45.3,30.1,28.8,0.543,0.0,11.6,15.2,42.48571428571429,0.5470000000000012,3,83,50.3,0,0.0
2024-03-24,50.3,31.6,39.8,0.0,0.0,0.0,19.0,32.4,3,34.4,44.2,20.4,28.8,0.004,0.0,11.4,10.5,44.07142857142857,0.5470000000000012,3,84,59.6,0,0.0
2024-03-25,59.6,48.1,52.9,0.465,0.465,0.0,17.8,33.3,63,50.3,39.0,31.6,30.1,0.0,0.543,19.0,11.6,47.31428571428571,1.0120000000000011,3,85,49.7,0,0.0
2024-03-26,49.7,30.3,41.7,0.15,0.15,0.0,19.9,35.6,53,59.6,34.4,48.1,20.4,0.465,0.004,17.8,11.4,46.07142857142857,1.1620000000000013,3,86,43.2,0,0.0
2024-03-27,43.2,25.6,33.6,0.0,0.0,0.0,16.6,29.3,3,49.7,50.3,30.3,31.6,0.15,0.0,19.9,19.0,45.771428571428565,1.1620000000000013,3,87,52.1,0,0.0
2024-03-28,52.1,27.0,40.2,0.0,0.0,0.0,8.6,15.4,3,43.2,59.6,25.6,48.1,0.0,0.465,16.6,17.8,46.9,1.1620000000000013,3,88,60.6,0,0.0
2024-03-29,60.6,35.6,48.3,0.02,0.02,0.0,14.1,26.2,53,52.1,49.7,27.0,30.3,0.0,0.15,8.6,19.9,49.98571428571429,0.6390000000000011,3,89,60.2,0,0.0
2024-03-30,60.2,45.2,52.9,0.118,0.118,0.0,12.2,23.0,63,60.6,43.2,35.6,25.6,0.02,0.0,14.1,16.6,53.67142857142857,0.7530000000000011,3,90,61.2,0,0.0
2024-03-31,61.2,41.1,49.1,0.894,0.894,0.0,14.6,24.4,63,60.2,52.1,45.2,27.0,0.118,0.0,12.2,8.6,55.228571428571435,1.6470000000000011,3,91,51.6,0,0.0
2024-04-01,51.6,41.8,46.3,0.35,0.35,0.0,17.9,32.0,61,61.2,60.6,41.1,35.6,0.894,0.02,14.6,14.1,54.08571428571429,1.532000000000001,4,92,41.8,0,0.0
2024-04-02,41.8,34.0,38.4,2.315,1.768,3.831,19.0,32.9,75,51.6,60.2,41.8,45.2,0.35,0.118,17.9,12.2,52.95714285714286,3.697000000000001,4,93,41.6,0,0.0
2024-04-03,41.6,33.8,37.3,0.15,0.02,0.909,23.3,40.7,73,41.8,61.2,34.0,41.1,2.315,0.894,19.0,14.6,52.72857142857142,3.847000000000001,4,94,46.8,0,0.0
2024-04-04,46.8,31.1,39.1,0.0,0.0,0.0,19.8,35.1,3,41.6,51.6,33.8,41.8,0.15,0.35,23.3,17.9,51.971428571428575,3.847000000000001,4,95,52.8,0,0.0
2024-04-05,52.8,29.2,41.0,0.0,0.0,0.0,9.9,21.0,3,46.8,41.8,31.1,34.0,0.0,2.315,19.8,19.0,50.857142857142854,3.827000000000001,4,96,55.1,0,0.0
2024-04-06,55.1,30.6,43.2,0.0,0.0,0.0,18.2,30.9,3,52.8,41.6,29.2,33.8,0.0,0.15,9.9,23.3,50.128571428571426,3.709000000000001,4,97,67.2,0,0.0
2024-04-07,67.2,43.1,52.2,0.343,0.343,0.0,20.1,37.4,63,55.1,46.8,30.6,31.1,0.0,0.0,18.2,19.8,50.98571428571428,3.158000000000001,4,98,66.5,0,0.0
2024-04-08,66.5,46.8,56.3,0.0,0.0,0.0,13.4,24.4,3,67.2,52.8,43.1,29.2,0.343,0.0,20.1,9.9,53.11428571428571,2.8080000000000007,4,99,62.4,0,0.0
2024-04-09,62.4,41.6,51.3,0.0,0.0,0.0,12.5,23.9,3,66.5,55.1,46.8,30.6,0.0,0.0,13.4,18.2,56.05714285714286,0.4930000000000009,4,100,67.2,0,0.0
2024-04-10,67.2,42.0,54.7,0.0,0.0,0.0,7.7,13.4,3,62.4,67.2,41.6,43.1,0.0,0.343,12.5,20.1,59.714285714285715,0.34300000000000086,4,101,61.2,0,0.0
2024-04-11,61.2,48.0,52.9,0.039,0.039,0.0,20.1,35.6,53,67.2,66.5,42.0,46.8,0.0,0.0,7.7,13.4,61.771428571428565,0.38200000000000084,4,102,61.2,0,0.0
2024-04-12,61.2,46.1,52.5,0.0,0.0,0.0,19.4,35.6,3,61.2,62.4,48.0,41.6,0.039,0.0,20.1,12.5,62.97142857142857,0.3820000000000009,4,103,72.9,0,0.0
2024-04-13,72.9,38.1,56.7,0.0,0.0,0.0,16.4,29.1,3,61.2,67.2,46.1,42.0,0.0,0.0,19.4,7.7,65.51428571428572,0.3820000000000009,4,104,79.4,0,0.0
2024-04-14,79.4,60.3,69.6,0.0,0.0,0.0,15.1,25.3,0,72.9,61.2,38.1,48.0,0.0,0.039,16.4,20.1,67.25714285714285,0.03900000000000083,4,105,73.1,0,0.0
2024-04-15,73.1,50.0,62.6,0.0,0.0,0.0,13.7,25.9,3,79.4,61.2,60.3,46.1,0.0,0.0,15.1,19.4,68.2,0.03900000000000083,4,106,73.0,0,0.0
2024-04-16,73.0,58.9,64.1,0.555,0.555,0.0,26.3,45.4,63,73.1,72.9,50.0,38.1,0.0,0.0,13.7,16.4,69.71428571428571,0.5940000000000009,4,107,65.2,0,0.0
2024-04-17,65.2,49.7,58.8,0.0,0.0,0.0,22.4,40.3,3,73.0,79.4,58.9,60.3,0.555,0.0,26.3,15.1,69.42857142857143,0.5940000000000009,4,108,54.9,0,0.0
2024-04-18,54.9,43.8,49.3,0.295,0.295,0.0,11.9,21.7,63,65.2,73.1,49.7,50.0,0.0,0.0,22.4,13.7,68.52857142857144,0.8500000000000008,4,109,56.7,0,0.0
2024-04-19,56.7,34.5,46.0,0.0,0.0,0.0,18.3,32.7,3,54.9,73.0,43.8,58.9,0.295,0.555,11.9,26.3,67.88571428571429,0.8500000000000008,4,110,46.9,0,0.0
2024-04-20,46.9,33.2,40.3,0.0,0.0,0.0,15.5,29.1,3,56.7,65.2,34.5,49.7,0.0,0.0,18.3,22.4,64.17142857142856,0.8500000000000008,4,111,56.8,0,0.0
2024-04-21,56.8,32.6,44.8,0.0,0.0,0.0,11.1,21.5,0,46.9,54.9,33.2,43.8,0.0,0.295,15.5,11.9,60.942857142857136,0.8500000000000008,4,112,62.9,0,0.0
2024-04-22,62.9,38.4,52.0,0.031,0.031,0.0,20.0,35.1,53,56.8,56.7,32.6,34.5,0.0,0.0,11.1,18.3,59.48571428571428,0.8810000000000008,4,113,66.9,0,0.0
2024-04-23,66.9,50.5,58.0,0.0,0.0,0.0,19.5,36.5,3,62.9,46.9,38.4,33.2,0.031,0.0,20.0,15.5,58.614285714285714,0.32600000000000073,4,114,58.5,0,0.0
2024-04-24,58.5,40.9,50.1,0.0,0.0,0.0,8.8,16.3,0,66.9,56.8,50.5,32.6,0.0,0.0,19.5,11.1,57.65714285714286,0.32600000000000073,4,115,61.2,0,0.0
2024-04-25,61.2,40.8,50.8,0.0,0.0,0.0,13.5,24.8,3,58.5,62.9,40.9,38.4,0.0,0.031,8.8,20.0,58.55714285714286,0.031000000000000777,4,116,64.9,0,0.0
2024-04-26,64.9,48.5,54.6,0.358,0.358,0.0,25.0,42.3,61,61.2,66.9,40.8,50.5,0.0,0.0,13.5,19.5,59.728571428571435,0.3890000000000008,4,117,76.6,0,0.0
2024-04-27,76.6,63.0,67.8,0.315,0.315,0.0,24.3,42.5,61,64.9,58.5,48.5,40.9,0.358,0.0,25.0,8.8,63.971428571428575,0.7040000000000008,4,118,73.0,0,0.0
2024-04-28,73.0,60.2,64.0,0.858,0.858,0.0,22.3,38.3,63,76.6,61.2,63.0,40.8,0.315,0.0,24.3,13.5,66.28571428571429,1.5620000000000007,4,119,67.4,0,0.0
2024-04-29,67.4,49.5,60.0,0.02,0.02,0.0,17.9,32.2,53,73.0,64.9,60.2,48.5,0.858,0.358,22.3,25.0,66.92857142857143,1.5510000000000008,4,120,77.3,0,0.0
2024-04-30,77.3,44.0,61.1,0.193,0.193,0.0,15.8,27.5,63,67.4,76.6,49.5,63.0,0.02,0.315,17.9,24.3,68.41428571428571,1.7440000000000009,4,121,68.8,0,0.0
2024-05-01,68.8,50.8,60.9,0.012,0.012,0.0,14.7,27.3,51,77.3,73.0,44.0,60.2,0.193,0.858,15.8,22.3,69.88571428571429,1.756000000000001,5,122,72.8,0,0.0
2024-05-02,72.8,54.0,60.4,1.11,1.11,0.0,18.2,32.7,63,68.8,67.4,50.8,49.5,0.012,0.02,14.7,17.9,71.54285714285714,2.866000000000001,5,123,70.6,0,0.0
2024-05-03,70.6,45.0,59.0,0.0,0.0,0.0,8.4,16.6,3,72.8,77.3,54.0,44.0,1.11,0.193,18.2,15.8,72.35714285714286,2.508000000000001,5,124,70.2,0,0.0
2024-05-04,70.2,51.3,60.0,0.094,0.094,0.0,16.1,30.2,53,70.6,68.8,45.0,50.8,0.0,0.012,8.4,14.7,71.44285714285715,2.287000000000001,5,125,66.0,0,0.0
2024-05-05,66.0,41.3,55.3,0.0,0.0,0.0,6.5,15.7,3,70.2,72.8,51.3,54.0,0.094,1.11,16.1,18.2,70.44285714285715,1.429000000000001,5,126,73.3,0,0.0
2024-05-06,73.3,53.6,63.2,0.004,0.004,0.0,15.5,28.9,51,66.0,70.6,41.3,45.0,0.0,0.0,6.5,8.4,71.28571428571429,1.413000000000001,5,127,74.7,0,0.0
2024-05-07,74.7,58.5,66.1,1.878,1.878,0.0,18.0,32.2,65,73.3,70.2,53.6,51.3,0.004,0.094,15.5,16.1,70.91428571428573,3.0980000000000008,5,128,77.7,0,0.0
2024-05-08,77.7,53.5,65.6,0.079,0.079,0.0,13.8,25.1,53,74.7,66.0,58.5,41.3,1.878,0.0,18.0,6.5,72.18571428571428,3.165000000000001,5,129,65.9,0,0.0
2024-05-09,65.9,53.3,59.9,0.291,0.291,0.0,14.6,27.5,63,77.7,73.3,53.5,53.6,0.079,0.004,13.8,15.5,71.2,2.3460000000000005,5,130,70.0,0,0.0
2024-05-10,70.0,49.1,60.5,0.008,0.008,0.0,14.4,24.2,51,65.9,74.7,53.3,58.5,0.291,1.878,14.6,18.0,71.11428571428571,2.354000000000001,5,131,74.2,0,0.0
2024-05-11,74.2,48.8,61.9,0.0,0.0,0.0,15.1,27.5,3,70.0,77.7,49.1,53.5,0.008,0.079,14.4,13.8,71.68571428571428,2.2600000000000007,5,132,80.6,0,0.0
2024-05-12,80.6,52.3,66.9,0.0,0.0,0.0,15.3,27.5,3,74.2,65.9,48.8,53.3,0.0,0.291,15.1,14.6,73.77142857142857,2.2600000000000007,5,133,73.3,0,0.0
2024-05-13,73.3,58.1,64.2,0.587,0.587,0.0,8.6,14.5,63,80.6,70.0,52.3,49.1,0.0,0.008,15.3,14.4,73.77142857142859,2.8430000000000004,5,134,69.2,0,0.0
2024-05-14,69.2,57.5,62.9,0.154,0.154,0.0,14.2,25.9,55,73.3,74.2,58.1,48.8,0.587,0.0,8.6,15.1,72.98571428571428,1.1190000000000007,5,135,73.3,0,0.0
2024-05-15,73.3,50.1,61.9,0.0,0.0,0.0,6.9,14.8,3,69.2,80.6,57.5,52.3,0.154,0.0,14.2,15.3,72.35714285714286,1.0400000000000007,5,136,75.0,0,0.0
2024-05-16,75.0,58.8,66.3,0.028,0.028,0.0,11.8,24.2,51,73.3,73.3,50.1,58.1,0.0,0.587,6.9,8.6,73.65714285714286,0.7770000000000007,5,137,77.5,0,0.0
2024-05-17,77.5,54.1,66.7,0.0,0.0,0.0,6.7,13.4,2,75.0,69.2,58.8,57.5,0.028,0.154,11.8,14.2,74.72857142857143,0.7690000000000007,5,138,83.4,0,0.0
2024-05-18,83.4,59.1,71.3,0.0,0.0,0.0,14.2,30.4,2,77.5,73.3,54.1,50.1,0.0,0.0,6.7,6.9,76.04285714285713,0.7690000000000007,5,139,79.8,0,0.0
2024-05-19,79.8,59.6,70.8,0.0,0.0,0.0,13.2,21.5,3,83.4,75.0,59.1,58.8,0.0,0.028,14.2,11.8,75.92857142857143,0.7690000000000007,5,140,81.7,0,0.0
2024-05-20,81.7,64.9,71.2,0.693,0.693,0.0,19.0,34.0,63,79.8,77.5,59.6,54.1,0.0,0.0,13.2,6.7,77.12857142857142,0.8750000000000007,5,141,81.9,0,0.0
2024-05-21,81.9,64.2,71.7,0.299,0.299,0.0,27.1,46.3,63,81.7,83.4,64.9,59.1,0.693,0.0,19.0,14.2,78.94285714285715,1.0200000000000007,5,142,71.3,0,0.0
2024-05-22,71.3,54.9,62.7,0.004,0.004,0.0,18.0,31.8,51,81.9,79.8,64.2,59.6,0.299,0.0,27.1,13.2,78.65714285714286,1.0240000000000007,5,143,76.1,0,0.0
2024-05-23,76.1,52.2,65.8,0.0,0.0,0.0,9.7,19.2,2,71.3,81.7,54.9,64.9,0.004,0.693,18.0,19.0,78.81428571428572,0.9960000000000006,5,144,77.1,0,0.0
2024-05-24,77.1,59.7,66.6,0.945,0.945,0.0,18.7,33.8,65,76.1,81.9,52.2,64.2,0.0,0.299,9.7,27.1,78.75714285714285,1.9410000000000005,5,145,73.8,0,0.0
2024-05-25,73.8,49.2,63.1,0.0,0.0,0.0,11.7,19.7,3,77.1,71.3,59.7,54.9,0.945,0.004,18.7,18.0,77.38571428571429,1.9410000000000005,5,146,74.5,0,0.0
2024-05-26,74.5,58.9,65.3,0.799,0.799,0.0,16.4,30.2,65,73.8,76.1,49.2,52.2,0.0,0.0,11.7,9.7,76.62857142857142,2.7400000000000007,5,147,72.0,0,0.0
2024-05-27,72.0,53.3,61.7,0.075,0.075,0.0,15.1,33.8,61,74.5,77.1,58.9,59.7,0.799,0.945,16.4,18.7,75.24285714285713,2.1220000000000003,5,148,69.5,0,0.0
2024-05-28,69.5,54.3,61.8,0.0,0.0,0.0,15.8,31.5,1,72.0,73.8,53.3,49.2,0.075,0.0,15.1,11.7,73.47142857142856,1.8230000000000006,5,149,70.7,0,0.0
2024-05-29,70.7,50.1,61.3,0.0,0.0,0.0,6.6,14.3,3,69.5,74.5,54.3,58.9,0.0,0.799,15.8,16.4,73.38571428571427,1.8190000000000006,5,150,72.4,0,0.0
2024-05-30,72.4,51.9,62.8,0.0,0.0,0.0,12.2,23.3,3,70.7,72.0,50.1,53.3,0.0,0.075,6.6,15.1,72.85714285714286,1.8190000000000006,5,151,76.6,0,0.0
2024-05-31,76.6,57.4,67.2,0.0,0.0,0.0,11.5,21.7,3,72.4,69.5,51.9,54.3,0.0,0.0,12.2,15.8,72.78571428571429,0.8740000000000007,5,152,70.1,0,0.0
2024-06-01,70.1,57.9,64.2,0.535,0.535,0.0,6.7,13.4,63,76.6,70.7,57.4,50.1,0.0,0.0,11.5,6.6,72.25714285714285,1.4090000000000007,6,153,76.8,0,0.0
2024-06-02,76.8,54.5,66.8,0.0,0.0,0.0,10.5,18.6,3,70.1,72.4,57.9,51.9,0.535,0.0,6.7,12.2,72.58571428571427,0.6100000000000007,6,154,83.7,0,0.0
2024-06-03,83.7,63.8,73.7,0.083,0.083,0.0,14.8,27.7,61,76.8,76.6,54.5,57.4,0.0,0.0,10.5,11.5,74.25714285714287,0.6180000000000007,6,155,79.7,0,0.0
2024-06-04,79.7,67.7,72.2,0.094,0.094,0.0,15.9,28.9,61,83.7,70.1,63.8,57.9,0.083,0.535,14.8,6.7,75.71428571428571,0.7120000000000007,6,156,78.3,0,0.0
2024-06-05,78.3,58.6,70.0,0.047,0.047,0.0,13.8,23.9,53,79.7,76.8,67.7,54.5,0.094,0.0,15.9,10.5,76.8,0.7590000000000007,6,157,74.4,0,0.0
2024-06-06,74.4,60.5,67.8,0.0,0.0,0.0,22.0,38.7,2,78.3,83.7,58.6,63.8,0.047,0.083,13.8,14.8,77.08571428571429,0.7590000000000007,6,158,77.6,0,0.0
2024-06-07,77.6,57.7,67.5,0.0,0.0,0.0,10.3,19.5,3,74.4,79.7,60.5,67.7,0.0,0.094,22.0,15.9,77.22857142857143,0.7590000000000007,6,159,78.2,0,0.0
2024-06-08,78.2,60.9,68.0,0.055,0.055,0.0,15.0,28.6,51,77.6,78.3,57.7,58.6,0.0,0.047,10.3,13.8,78.38571428571429,0.2790000000000007,6,160,76.9,0,0.0
2024-06-09,76.9,54.4,66.3,0.0,0.0,0.0,18.4,32.4,3,78.2,74.4,60.9,60.5,0.055,0.0,15.0,22.0,78.39999999999999,0.2790000000000007,6,161,70.2,0,0.0
2024-06-10,70.2,55.5,62.2,0.0,0.0,0.0,11.0,20.1,1,76.9,77.6,54.4,57.7,0.0,0.0,18.4,10.3,76.47142857142858,0.19600000000000065,6,162,80.0,0,0.0
2024-06-11,80.0,52.1,66.8,0.0,0.0,0.0,13.9,25.7,3,70.2,78.2,55.5,60.9,0.0,0.055,11.0,15.0,76.51428571428572,0.10200000000000067,6,163,88.2,0,0.0
2024-06-12,88.2,60.3,75.6,0.0,0.0,0.0,14.1,25.5,3,80.0,76.9,52.1,54.4,0.0,0.0,13.9,18.4,77.92857142857143,0.055000000000000666,6,164,88.0,0,0.0
2024-06-13,88.0,68.1,78.5,0.228,0.228,0.0,12.5,27.1,63,88.2,70.2,60.3,55.5,0.0,0.0,14.1,11.0,79.87142857142858,0.2830000000000007,6,165,81.6,0,0.0
2024-06-14,81.6,64.0,73.5,0.0,0.0,0.0,11.0,20.8,3,88.0,80.0,68.1,52.1,0.228,0.0,12.5,13.9,80.44285714285715,0.2830000000000007,6,166,83.1,0,0.0
2024-06-15,83.1,63.0,73.1,0.0,0.0,0.0,14.7,26.2,3,81.6,88.2,64.0,60.3,0.0,0.0,11.0,14.1,81.14285714285714,0.22800000000000067,6,167,89.9,0,0.0
2024-06-16,89.9,73.5,80.4,0.0,0.0,0.0,15.4,28.2,3,83.1,88.0,63.0,68.1,0.0,0.228,14.7,12.5,83.0,0.22800000000000067,6,168,89.6,0,0.0
2024-06-17,89.6,73.7,82.7,0.028,0.028,0.0,15.3,28.6,53,89.9,81.6,73.5,64.0,0.0,0.0,15.4,11.0,85.77142857142857,0.25600000000000067,6,169,90.6,0,0.0
2024-06-18,90.6,72.9,81.9,0.02,0.02,0.0,21.0,38.5,51,89.6,83.1,73.7,63.0,0.028,0.0,15.3,14.7,87.28571428571429,0.2760000000000007,6,170,81.8,0,0.0
2024-06-19,81.8,70.4,76.4,0.346,0.346,0.0,17.0,29.3,63,90.6,89.9,72.9,73.5,0.02,0.0,21.0,15.4,86.37142857142855,0.6220000000000007,6,171,85.5,0,0.0
2024-06-20,85.5,68.8,76.4,0.169,0.169,0.0,8.4,15.4,55,81.8,89.6,70.4,73.7,0.346,0.028,17.0,15.3,86.0142857142857,0.5630000000000007,6,172,88.2,0,0.0
2024-06-21,88.2,70.2,79.9,0.0,0.0,0.0,10.5,19.7,2,85.5,90.6,68.8,72.9,0.169,0.02,8.4,21.0,86.95714285714287,0.5630000000000007,6,173,88.5,0,0.0
2024-06-22,88.5,75.7,79.5,0.654,0.654,0.0,13.7,33.3,63,88.2,81.8,70.2,70.4,0.0,0.346,10.5,17.0,87.72857142857143,1.2170000000000007,6,174,81.8,0,0.0
2024-06-23,81.8,66.7,74.8,0.0,0.0,0.0,13.2,23.5,3,88.5,85.5,75.7,68.8,0.654,0.169,13.7,8.4,86.57142857142857,1.2170000000000007,6,175,88.6,0,0.0
2024-06-24,88.6,66.7,78.8,0.0,0.0,0.0,15.5,26.8,3,81.8,88.2,66.7,70.2,0.0,0.0,13.2,10.5,86.42857142857143,1.1890000000000007,6,176,92.4,0,0.0
2024-06-25,92.4,73.2,82.0,0.181,0.181,0.0,18.9,33.1,63,88.6,88.5,66.7,75.7,0.0,0.654,15.5,13.7,86.68571428571428,1.3500000000000008,6,177,84.0,0,0.0
2024-06-26,84.0,69.3,75.8,0.043,0.043,0.0,12.9,22.4,55,92.4,81.8,73.2,66.7,0.181,0.0,18.9,13.2,87.0,1.0470000000000008,6,178,79.3,0,0.0
2024-06-27,79.3,62.0,70.9,0.0,0.0,0.0,9.9,18.8,3,84.0,88.6,69.3,66.7,0.043,0.0,12.9,15.5,86.11428571428573,0.8780000000000007,6,179,76.8,0,0.0
2024-06-28,76.8,65.5,71.2,0.799,0.799,0.0,21.7,37.1,63,79.3,92.4,62.0,73.2,0.0,0.181,9.9,18.9,84.48571428571428,1.6770000000000007,6,180,82.9,0,0.0
2024-06-29,82.9,65.1,74.5,0.039,0.039,0.0,16.7,28.9,53,76.8,84.0,65.5,69.3,0.799,0.043,21.7,12.9,83.68571428571428,1.0620000000000005,6,181,71.2,0,0.0
2024-06-30,71.2,57.9,64.9,0.0,0.0,0.0,11.6,19.7,0,82.9,79.3,65.1,62.0,0.039,0.0,16.7,9.9,82.17142857142858,1.0620000000000007,6,182,70.3,0,0.0
2024-07-01,70.3,55.4,64.3,0.0,0.0,0.0,12.7,22.6,3,71.2,76.8,57.9,65.5,0.0,0.799,11.6,21.7,79.55714285714285,1.0620000000000007,7,183,85.4,0,0.0
2024-07-02,85.4,65.6,72.9,1.154,1.154,0.0,16.0,27.5,65,70.3,82.9,55.4,65.1,0.0,0.039,12.7,16.7,78.55714285714285,2.0350000000000006,7,184,83.5,0,0.0
2024-07-03,83.5,69.1,76.0,0.083,0.083,0.0,7.4,14.3,55,85.4,71.2,65.6,57.9,1.154,0.0,16.0,11.6,78.48571428571428,2.0750000000000006,7,185,80.3,0,0.0
2024-07-04,80.3,67.6,73.1,0.138,0.138,0.0,7.9,15.7,55,83.5,70.3,69.1,55.4,0.083,0.0,7.4,12.7,78.62857142857145,2.2130000000000005,7,186,75.0,0,0.0
2024-07-05,75.0,63.2,69.4,0.035,0.035,0.0,15.2,27.5,51,80.3,85.4,67.6,65.6,0.138,1.154,7.9,16.0,78.37142857142858,1.4490000000000005,7,187,79.2,0,0.0
2024-07-06,79.2,60.6,70.5,0.004,0.004,0.0,7.1,15.2,51,75.0,83.5,63.2,69.1,0.035,0.083,15.2,7.4,77.84285714285714,1.4140000000000006,7,188,80.7,0,0.0
2024-07-07,80.7,65.7,72.2,0.106,0.106,0.0,12.4,22.6,55,79.2,80.3,60.6,67.6,0.004,0.138,7.1,7.9,79.2,1.5200000000000007,7,189,79.4,0,0.0
2024-07-08,79.4,64.8,71.8,0.453,0.453,0.0,11.1,18.8,65,80.7,75.0,65.7,63.2,0.106,0.035,12.4,15.2,80.5,1.9730000000000008,7,190,79.1,0,0.0
2024-07-09,79.1,65.0,72.2,0.0,0.0,0.0,5.8,11.2,3,79.4,79.2,64.8,60.6,0.453,0.004,11.1,7.1,79.60000000000001,0.8190000000000007,7,191,82.3,0,0.0
2024-07-10,82.3,65.2,72.5,0.201,0.201,0.0,8.6,18.6,63,79.1,80.7,65.0,65.7,0.0,0.106,5.8,12.4,79.42857142857143,0.9370000000000007,7,192,78.4,0,0.0
2024-07-11,78.4,62.9,70.9,0.012,0.012,0.0,10.1,20.4,51,82.3,79.4,65.2,64.8,0.201,0.453,8.6,11.1,79.15714285714286,0.8110000000000006,7,193,83.3,0,0.0
2024-07-12,83.3,62.3,73.7,0.0,0.0,0.0,8.7,17.7,0,78.4,79.1,62.9,65.0,0.012,0.0,10.1,5.8,80.34285714285714,0.7760000000000007,7,194,88.7,0,0.0
2024-07-13,88.7,69.3,78.9,0.039,0.039,0.0,13.8,25.1,55,83.3,82.3,62.3,65.2,0.0,0.201,8.7,8.6,81.7,0.8110000000000007,7,195,89.8,0,0.0
2024-07-14,89.8,71.7,79.5,0.472,0.472,0.0,12.8,23.7,65,88.7,78.4,69.3,62.9,0.039,0.012,13.8,10.1,83.0,1.1770000000000007,7,196,88.2,0,0.0
2024-07-15,88.2,70.5,76.3,1.689,1.689,0.0,11.2,24.6,65,89.8,83.3,71.7,62.3,0.472,0.0,12.8,8.7,84.25714285714285,2.4130000000000007,7,197,82.8,0,0.0
2024-07-16,82.8,69.3,75.5,0.0,0.0,0.0,13.3,24.2,3,88.2,88.7,70.5,69.3,1.689,0.039,11.2,13.8,84.78571428571429,2.4130000000000007,7,198,75.7,0,0.0
2024-07-17,75.7,63.8,70.0,0.0,0.0,0.0,12.1,23.0,0,82.8,89.8,69.3,71.7,0.0,0.472,13.3,12.8,83.84285714285714,2.2120000000000006,7,199,73.5,0,0.0
2024-07-18,73.5,57.0,65.9,0.0,0.0,0.0,5.8,13.2,3,75.7,88.2,63.8,70.5,0.0,1.689,12.1,11.2,83.14285714285714,2.2000000000000006,7,200,75.7,0,0.0
2024-07-19,75.7,55.0,66.5,0.0,0.0,0.0,5.8,12.8,3,73.5,82.8,57.0,69.3,0.0,0.0,5.8,13.3,82.05714285714286,2.2000000000000006,7,201,74.0,0,0.0
2024-07-20,74.0,60.7,67.5,0.0,0.0,0.0,4.3,10.1,3,75.7,75.7,55.0,63.8,0.0,0.0,5.8,12.1,79.95714285714287,2.1610000000000005,7,202,77.9,0,0.0
2024-07-21,77.9,60.5,69.3,0.043,0.043,0.0,6.4,14.8,51,74.0,73.5,60.7,57.0,0.0,0.0,4.3,5.8,78.25714285714287,1.7320000000000007,7,203,79.1,0,0.0
2024-07-22,79.1,61.9,70.6,0.012,0.012,0.0,4.4,10.1,51,77.9,75.7,60.5,55.0,0.043,0.0,6.4,5.8,76.95714285714287,0.05500000000000066,7,204,79.1,0,0.0
2024-07-23,79.1,63.0,70.3,0.189,0.189,0.0,12.5,23.9,61,79.1,74.0,61.9,60.7,0.012,0.0,4.4,4.3,76.42857142857143,0.24400000000000066,7,205,78.6,0,0.0
2024-07-24,78.6,63.5,71.2,0.185,0.185,0.0,7.4,18.1,63,79.1,77.9,63.0,60.5,0.189,0.043,12.5,6.4,76.84285714285714,0.42900000000000066,7,206,79.7,0,0.0
2024-07-25,79.7,63.9,71.9,0.0,0.0,0.0,10.3,19.9,1,78.6,79.1,63.5,61.9,0.185,0.012,7.4,4.4,77.72857142857143,0.42900000000000066,7,207,81.9,0,0.0
2024-07-26,81.9,63.9,72.6,0.0,0.0,0.0,11.1,21.3,1,79.7,79.1,63.9,63.0,0.0,0.189,10.3,12.5,78.61428571428571,0.42900000000000066,7,208,83.4,0,0.0
2024-07-27,83.4,64.8,74.5,0.008,0.008,0.0,10.2,19.2,51,81.9,78.6,63.9,63.5,0.0,0.185,11.1,7.4,79.95714285714287,0.43700000000000067,7,209,83.6,0,0.0
2024-07-28,83.6,68.8,75.6,0.169,0.169,0.0,10.7,22.4,61,83.4,79.7,64.8,63.9,0.008,0.0,10.2,10.3,80.77142857142857,0.5630000000000007,7,210,85.5,0,0.0
2024-07-29,85.5,69.4,76.5,0.598,0.598,0.0,13.6,24.2,65,83.6,81.9,68.8,63.9,0.169,0.0,10.7,11.1,81.68571428571428,1.1490000000000007,7,211,85.3,0,0.0
2024-07-30,85.3,66.8,76.5,0.055,0.055,0.0,11.9,23.3,55,85.5,83.4,69.4,64.8,0.598,0.008,13.6,10.2,82.57142857142857,1.0150000000000006,7,212,88.3,0,0.0
2024-07-31,88.3,72.2,79.3,0.661,0.661,0.0,8.6,22.6,65,85.3,83.6,66.8,68.8,0.055,0.169,11.9,10.7,83.95714285714287,1.4910000000000008,7,213,83.9,0,0.0
2024-08-01,83.9,72.0,77.1,0.398,0.398,0.0,11.9,22.8,63,88.3,85.5,72.2,69.4,0.661,0.598,8.6,13.6,84.55714285714285,1.8890000000000007,8,214,84.3,0,0.0
2024-08-02,84.3,69.1,76.1,0.02,0.02,0.0,13.0,23.5,51,83.9,85.3,72.0,66.8,0.398,0.055,11.9,11.9,84.89999999999999,1.9090000000000007,8,215,83.8,0,0.0
2024-08-03,83.8,67.9,76.2,0.0,0.0,0.0,9.4,17.7,0,84.3,88.3,69.1,72.2,0.02,0.661,13.0,8.6,84.95714285714287,1.9010000000000007,8,216,89.1,0,0.0
2024-08-04,89.1,65.5,77.1,0.402,0.402,0.0,9.6,17.9,65,83.8,83.9,67.9,72.0,0.0,0.398,9.4,11.9,85.74285714285713,2.134000000000001,8,217,89.3,0,0.0
2024-08-05,89.3,69.2,80.4,0.012,0.012,0.0,12.3,20.1,51,89.1,84.3,65.5,69.1,0.402,0.02,9.6,13.0,86.28571428571429,1.548000000000001,8,218,80.6,0,0.0
2024-08-06,80.6,64.2,71.0,0.0,0.0,0.0,15.7,28.2,3,89.3,83.8,69.2,67.9,0.012,0.0,12.3,9.4,85.61428571428571,1.4930000000000008,8,219,76.4,0,0.0
2024-08-07,76.4,62.2,69.0,0.0,0.0,0.0,7.2,15.4,3,80.6,89.1,64.2,65.5,0.0,0.402,15.7,9.6,83.91428571428571,0.8320000000000007,8,220,78.0,0,0.0
2024-08-08,78.0,60.8,69.0,0.028,0.028,0.0,14.9,26.4,53,76.4,89.3,62.2,69.2,0.0,0.012,7.2,12.3,83.07142857142857,0.4620000000000007,8,221,69.4,0,0.0
2024-08-09,69.4,55.3,62.4,0.0,0.0,0.0,15.5,28.9,3,78.0,80.6,60.8,64.2,0.028,0.0,14.9,15.7,80.94285714285715,0.44200000000000067,8,222,71.5,0,0.0
2024-08-10,71.5,54.3,63.0,0.0,0.0,0.0,13.5,25.1,3,69.4,76.4,55.3,62.2,0.0,0.0,15.5,7.2,79.18571428571428,0.44200000000000067,8,223,77.1,0,0.0
2024-08-11,77.1,53.3,65.9,0.0,0.0,0.0,5.4,11.0,3,71.5,78.0,54.3,60.8,0.0,0.028,13.5,14.9,77.47142857142856,0.04000000000000067,8,224,75.8,0,0.0
2024-08-12,75.8,58.3,66.3,0.071,0.071,0.0,8.6,17.2,53,77.1,69.4,53.3,55.3,0.0,0.0,5.4,15.5,75.54285714285716,0.09900000000000066,8,225,77.4,0,0.0
2024-08-13,77.4,60.5,68.6,0.0,0.0,0.0,6.8,15.0,3,75.8,71.5,58.3,54.3,0.071,0.0,8.6,13.5,75.08571428571429,0.09900000000000066,8,226,76.4,0,0.0
2024-08-14,76.4,62.0,69.4,0.012,0.012,0.0,14.9,26.6,51,77.4,77.1,60.5,53.3,0.0,0.0,6.8,5.4,75.08571428571429,0.11100000000000065,8,227,84.7,0,0.0
2024-08-15,84.7,69.3,75.7,1.193,1.193,0.0,15.5,26.8,65,76.4,75.8,62.0,58.3,0.012,0.071,14.9,8.6,76.04285714285716,1.2760000000000007,8,228,84.0,0,0.0
2024-08-16,84.0,67.6,75.5,0.051,0.051,0.0,16.7,33.3,55,84.7,77.4,69.3,60.5,1.193,0.0,15.5,6.8,78.12857142857142,1.3270000000000006,8,229,79.2,0,0.0
2024-08-17,79.2,66.1,72.4,0.047,0.047,0.0,13.3,24.2,51,84.0,76.4,67.6,62.0,0.051,0.012,16.7,14.9,79.22857142857143,1.3740000000000008,8,230,79.8,0,0.0
2024-08-18,79.8,64.1,71.5,0.0,0.0,0.0,10.9,21.0,1,79.2,84.7,66.1,69.3,0.047,1.193,13.3,15.5,79.61428571428571,1.3740000000000008,8,231,75.8,0,0.0
2024-08-19,75.8,61.9,68.6,0.008,0.008,0.0,9.9,19.9,51,79.8,84.0,64.1,67.6,0.0,0.051,10.9,16.7,79.61428571428573,1.3110000000000008,8,232,74.4,0,0.0
2024-08-20,74.4,59.4,66.4,0.0,0.0,0.0,7.9,16.6,3,75.8,79.2,61.9,66.1,0.008,0.047,9.9,13.3,79.18571428571428,1.3110000000000008,8,233,72.9,0,0.0
2024-08-21,72.9,57.2,64.5,0.0,0.0,0.0,7.2,15.0,3,74.4,79.8,59.4,64.1,0.0,0.0,7.9,10.9,78.6857142857143,1.2990000000000008,8,234,73.9,0,0.0
2024-08-22,73.9,53.7,64.2,0.0,0.0,0.0,9.5,19.0,3,72.9,75.8,57.2,61.9,0.0,0.008,7.2,9.9,77.14285714285714,0.10600000000000066,8,235,78.9,0,0.0
2024-08-23,78.9,57.6,67.9,0.0,0.0,0.0,8.9,18.1,3,73.9,74.4,53.7,59.4,0.0,0.0,9.5,7.9,76.41428571428571,0.055000000000000666,8,236,86.5,0,0.0
2024-08-24,86.5,64.3,75.7,0.024,0.024,0.0,13.9,25.3,51,78.9,72.9,57.6,57.2,0.0,0.0,8.9,7.2,77.45714285714287,0.03200000000000067,8,237,88.7,0,0.0
2024-08-25,88.7,72.9,80.6,0.0,0.0,0.0,14.8,27.3,3,86.5,73.9,64.3,53.7,0.024,0.0,13.9,9.5,78.72857142857143,0.03200000000000067,8,238,93.6,0,0.0
2024-08-26,93.6,75.8,84.5,0.0,0.0,0.0,8.8,17.4,1,88.7,78.9,72.9,57.6,0.0,0.0,14.8,8.9,81.27142857142859,0.024000000000000667,8,239,94.0,0,0.0
2024-08-27,94.0,75.4,83.4,0.091,0.091,0.0,8.7,20.6,61,93.6,86.5,75.8,64.3,0.0,0.024,8.8,13.9,84.07142857142857,0.11500000000000066,8,240,86.4,0,0.0
2024-08-28,86.4,71.8,78.3,0.004,0.004,0.0,7.4,15.7,51,94.0,88.7,75.4,72.9,0.091,0.0,8.7,14.8,86.0,0.11900000000000066,8,241,88.4,0,0.0
2024-08-29,88.4,71.6,78.8,0.055,0.055,0.0,12.7,24.2,55,86.4,93.6,71.8,75.8,0.004,0.0,7.4,8.8,88.07142857142857,0.17400000000000065,8,242,79.2,0,0.0
2024-08-30,79.2,62.7,73.1,0.421,0.421,0.0,10.0,21.0,63,88.4,94.0,71.6,75.4,0.055,0.091,12.7,8.7,88.11428571428571,0.5950000000000006,8,243,80.2,0,0.0
2024-08-31,80.2,57.9,69.0,0.0,0.0,0.0,7.5,13.2,0,79.2,86.4,62.7,71.8,0.421,0.004,10.0,7.4,87.21428571428571,0.5710000000000006,8,244,74.3,0,0.0
2024-09-01,74.3,59.8,68.8,0.0,0.0,0.0,12.9,23.9,1,80.2,88.4,57.9,71.6,0.0,0.055,7.5,12.7,85.15714285714286,0.5710000000000006,9,245,73.3,0,0.0
2024-09-02,73.3,54.1,63.8,0.0,0.0,0.0,6.7,13.0,3,74.3,79.2,59.8,62.7,0.0,0.421,12.9,10.0,82.25714285714285,0.5710000000000006,9,246,75.3,0,0.0
2024-09-03,75.3,54.0,64.2,0.0,0.0,0.0,7.8,16.8,3,73.3,80.2,54.1,57.9,0.0,0.0,6.7,7.5,79.58571428571429,0.48000000000000065,9,247,77.2,0,0.0
2024-09-04,77.2,52.8,65.2,0.0,0.0,0.0,8.7,16.1,0,75.3,74.3,54.0,59.8,0.0,0.0,7.8,12.9,78.27142857142859,0.47600000000000064,9,248,81.9,0,0.0
2024-09-05,81.9,57.4,69.5,0.0,0.0,0.0,10.9,20.6,3,77.2,73.3,52.8,54.1,0.0,0.0,8.7,6.7,77.34285714285714,0.42100000000000065,9,249,70.5,0,0.0
2024-09-06,70.5,56.8,64.0,0.016,0.016,0.0,14.4,25.9,51,81.9,75.3,57.4,54.0,0.0,0.0,10.9,7.8,76.10000000000001,0.016000000000000666,9,250,65.2,0,0.0
2024-09-07,65.2,49.8,57.3,0.0,0.0,0.0,8.1,17.4,0,70.5,77.2,56.8,52.8,0.016,0.0,14.4,8.7,73.95714285714284,0.016000000000000666,9,251,72.6,0,0.0
2024-09-08,72.6,47.2,59.5,0.0,0.0,0.0,8.3,17.7,3,65.2,81.9,49.8,57.4,0.0,0.0,8.1,10.9,73.71428571428571,0.016000000000000666,9,252,77.3,0,0.0
2024-09-09,77.3,51.9,64.0,0.0,0.0,0.0,7.0,13.9,3,72.6,70.5,47.2,56.8,0.0,0.016,8.3,14.4,74.28571428571429,0.016000000000000666,9,253,80.1,0,0.0
2024-09-10,80.1,55.2,67.0,0.0,0.0,0.0,12.6,23.3,3,77.3,65.2,51.9,49.8,0.0,0.0,7.0,8.1,74.97142857142856,0.016000000000000666,9,254,83.9,0,0.0
2024-09-11,83.9,56.8,70.0,0.0,0.0,0.0,8.4,16.1,1,80.1,72.6,55.2,47.2,0.0,0.0,12.6,8.3,75.92857142857143,0.016000000000000666,9,255,83.9,0,0.0
2024-09-12,83.9,60.0,71.7,0.0,0.0,0.0,10.2,20.1,3,83.9,77.3,56.8,51.9,0.0,0.0,8.4,7.0,76.21428571428571,0.016000000000000666,9,256,81.0,0,0.0
2024-09-13,81.0,64.5,71.4,0.004,0.004,0.0,13.2,27.1,51,83.9,80.1,60.0,55.2,0.0,0.0,10.2,12.6,77.71428571428571,0.004000000000000666,9,257,82.6,0,0.0
2024-09-14,82.6,65.0,73.0,0.0,0.0,0.0,6.9,16.1,3,81.0,83.9,64.5,56.8,0.004,0.0,13.2,8.4,80.2,0.004000000000000666,9,258,85.5,0,0.0
2024-09-15,85.5,64.7,75.1,0.0,0.0,0.0,9.3,17.0,3,82.6,83.9,65.0,60.0,0.0,0.0,6.9,10.2,82.04285714285713,0.004000000000000666,9,259,83.8,0,0.0
2024-09-16,83.8,64.0,74.1,0.0,0.0,0.0,7.8,15.4,3,85.5,81.0,64.7,64.5,0.0,0.004,9.3,13.2,82.97142857142856,0.004000000000000666,9,260,84.4,0,0.0
2024-09-17,84.4,62.8,73.2,0.0,0.0,0.0,8.9,16.1,0,83.8,82.6,64.0,65.0,0.0,0.0,7.8,6.9,83.58571428571429,0.004000000000000666,9,261,85.3,0,0.0
2024-09-18,85.3,61.0,72.3,0.0,0.0,0.0,8.8,16.3,3,84.4,85.5,62.8,64.7,0.0,0.0,8.9,9.3,83.78571428571429,0.004000000000000666,9,262,87.3,0,0.0
2024-09-19,87.3,65.8,75.2,0.677,0.677,0.0,15.3,30.0,65,85.3,83.8,61.0,64.0,0.0,0.0,8.8,7.8,84.27142857142857,0.6810000000000007,9,263,84.7,0,0.0
2024-09-20,84.7,65.8,74.9,0.016,0.016,0.0,8.6,17.2,51,87.3,84.4,65.8,62.8,0.677,0.0,15.3,8.9,84.8,0.6930000000000007,9,264,85.5,0,0.0
2024-09-21,85.5,65.7,75.0,0.004,0.004,0.0,14.2,26.4,51,84.7,85.3,65.8,61.0,0.016,0.0,8.6,8.8,85.21428571428571,0.6970000000000007,9,265,73.8,0,0.0
2024-09-22,73.8,58.0,66.6,0.52,0.52,0.0,14.1,25.9,63,85.5,87.3,65.7,65.8,0.004,0.677,14.2,15.3,83.54285714285713,1.2170000000000007,9,266,71.2,0,0.0
2024-09-23,71.2,53.4,61.6,0.043,0.043,0.0,8.1,17.4,53,73.8,84.7,58.0,65.8,0.52,0.016,14.1,8.6,81.74285714285715,1.2600000000000007,9,267,70.2,0,0.0
2024-09-24,70.2,54.5,62.9,0.008,0.008,0.0,7.5,13.9,51,71.2,85.5,53.4,65.7,0.043,0.004,8.1,14.2,79.71428571428571,1.2680000000000007,9,268,73.5,0,0.0
2024-09-25,73.5,53.5,63.4,0.0,0.0,0.0,5.9,11.6,3,70.2,73.8,54.5,58.0,0.008,0.52,7.5,14.1,78.02857142857144,1.2680000000000007,9,269,76.6,0,0.0
2024-09-26,76.6,53.6,65.3,0.0,0.0,0.0,7.1,13.6,2,73.5,71.2,53.5,53.4,0.0,0.043,5.9,8.1,76.5,0.5910000000000007,9,270,73.6,0,0.0
2024-09-27,73.6,57.8,65.5,0.0,0.0,0.0,14.5,25.7,3,76.6,70.2,53.6,54.5,0.0,0.008,7.1,7.5,74.91428571428571,0.5750000000000007,9,271,78.0,0,0.0
2024-09-28,78.0,60.6,68.2,0.0,0.0,0.0,15.9,28.4,3,73.6,73.5,57.8,53.5,0.0,0.0,14.5,5.9,73.84285714285714,0.5710000000000007,9,272,77.6,0,0.0
2024-09-29,77.6,58.6,67.4,0.0,0.0,0.0,9.3,18.6,0,78.0,76.6,60.6,53.6,0.0,0.0,15.9,7.1,74.38571428571427,0.05100000000000066,9,273,79.4,0,0.0
2024-09-30,79.4,57.3,68.4,0.0,0.0,0.0,6.7,13.6,2,77.6,73.6,58.6,57.8,0.0,0.0,9.3,14.5,75.55714285714285,0.008000000000000666,9,274,67.7,0,0.0
2024-10-01,67.7,51.9,60.3,0.0,0.0,0.0,18.3,31.3,3,79.4,78.0,57.3,60.6,0.0,0.0,6.7,15.9,75.2,0.0,10,275,70.4,0,0.0
2024-10-02,70.4,48.0,58.5,0.0,0.0,0.0,13.9,25.9,3,67.7,77.6,51.9,58.6,0.0,0.0,18.3,9.3,74.75714285714285,0.0,10,276,76.7,0,0.0
2024-10-03,76.7,48.9,63.0,0.0,0.0,0.0,13.2,21.7,3,70.4,79.4,48.0,57.3,0.0,0.0,13.9,6.7,74.77142857142857,0.0,10,277,74.1,0,0.0
2024-10-04,74.1,59.2,66.3,0.0,0.0,0.0,14.6,24.6,3,76.7,67.7,48.9,51.9,0.0,0.0,13.2,18.3,74.84285714285714,0.0,10,278,84.0,0,0.0
2024-10-05,84.0,60.3,72.3,0.0,0.0,0.0,19.4,32.9,3,74.1,70.4,59.2,48.0,0.0,0.0,14.6,13.9,75.7,0.0,10,279,70.6,0,0.0
2024-10-06,70.6,55.1,62.5,0.0,0.0,0.0,17.8,33.1,1,84.0,76.7,60.3,48.9,0.0,0.0,19.4,13.2,74.7,0.0,10,280,64.8,0,0.0
2024-10-07,64.8,44.4,54.6,0.0,0.0,0.0,7.5,14.3,0,70.6,74.1,55.1,59.2,0.0,0.0,17.8,14.6,72.61428571428571,0.0,10,281,71.5,0,0.0
2024-10-08,71.5,45.2,57.5,0.0,0.0,0.0,6.5,14.5,0,64.8,84.0,44.4,60.3,0.0,0.0,7.5,19.4,73.15714285714286,0.0,10,282,77.2,0,0.0
2024-10-09,77.2,49.8,61.9,0.0,0.0,0.0,8.3,16.6,0,71.5,70.6,45.2,55.1,0.0,0.0,6.5,17.8,74.12857142857142,0.0,10,283,76.2,0,0.0
2024-10-10,76.2,49.2,61.6,0.0,0.0,0.0,7.6,13.2,0,77.2,64.8,49.8,44.4,0.0,0.0,8.3,7.5,74.05714285714285,0.0,10,284,81.6,0,0.0
2024-10-11,81.6,54.9,66.8,0.0,0.0,0.0,9.3,18.3,3,76.2,71.5,49.2,45.2,0.0,0.0,7.6,6.5,75.12857142857142,0.0,10,285,79.1,0,0.0
2024-10-12,79.1,57.9,66.7,0.008,0.008,0.0,11.6,27.7,51,81.6,77.2,54.9,49.8,0.0,0.0,9.3,8.3,74.42857142857143,0.008000000000000666,10,286,61.3,0,0.0
2024-10-13,61.3,48.8,54.9,0.0,0.0,0.0,22.3,39.4,3,79.1,76.2,57.9,49.2,0.008,0.0,11.6,7.6,73.1,0.008000000000000666,10,287,54.4,0,0.0
2024-10-14,54.4,42.1,48.4,0.0,0.0,0.0,17.4,30.0,3,61.3,81.6,48.8,54.9,0.0,0.0,22.3,9.3,71.61428571428571,0.008000000000000666,10,288,54.4,0,0.0
2024-10-15,54.4,37.6,45.4,0.0,0.0,0.0,15.7,29.1,2,54.4,79.1,42.1,57.9,0.0,0.008,17.4,11.6,69.17142857142856,0.008000000000000666,10,289,57.4,0,0.0
2024-10-16,57.4,32.9,44.9,0.0,0.0,0.0,6.8,12.5,2,54.4,61.3,37.6,48.8,0.0,0.0,15.7,22.3,66.34285714285714,0.008000000000000666,10,290,64.5,0,0.0
2024-10-17,64.5,39.7,51.4,0.0,0.0,0.0,16.0,29.1,0,57.4,54.4,32.9,42.1,0.0,0.0,6.8,17.4,64.67142857142856,0.008000000000000666,10,291,67.6,0,0.0
2024-10-18,67.6,45.2,55.6,0.0,0.0,0.0,13.8,25.9,0,64.5,54.4,39.7,37.6,0.0,0.0,16.0,15.7,62.67142857142857,0.008000000000000666,10,292,71.9,0,0.0
2024-10-19,71.9,44.8,57.8,0.0,0.0,0.0,9.6,17.9,3,67.6,57.4,45.2,32.9,0.0,0.0,13.8,6.8,61.642857142857146,0.0,10,293,78.5,0,0.0
2024-10-20,78.5,54.3,64.5,0.0,0.0,0.0,11.4,20.8,0,71.9,64.5,44.8,39.7,0.0,0.0,9.6,16.0,64.10000000000001,0.0,10,294,78.6,0,0.0
2024-10-21,78.6,51.4,65.0,0.0,0.0,0.0,11.9,21.7,3,78.5,67.6,54.3,45.2,0.0,0.0,11.4,13.8,67.55714285714285,0.0,10,295,76.9,0,0.0
2024-10-22,76.9,56.9,64.2,0.079,0.079,0.0,16.5,29.5,61,78.6,71.9,51.4,44.8,0.0,0.0,11.9,9.6,70.77142857142857,0.07900000000000067,10,296,62.3,0,0.0
2024-10-23,62.3,48.7,55.4,0.0,0.0,0.0,15.5,26.2,3,76.9,78.5,56.9,54.3,0.079,0.0,16.5,11.4,71.47142857142858,0.07900000000000067,10,297,64.4,0,0.0
2024-10-24,64.4,38.2,50.8,0.87,0.87,0.0,17.7,31.3,65,62.3,78.6,48.7,51.4,0.0,0.0,15.5,11.9,71.45714285714286,0.9490000000000006,10,298,61.1,0,0.0
2024-10-25,61.1,45.0,53.9,0.051,0.051,0.0,12.9,22.8,53,64.4,76.9,38.2,56.9,0.87,0.079,17.7,16.5,70.52857142857142,1.0000000000000007,10,299,59.1,0,0.0
2024-10-26,59.1,39.5,47.9,0.0,0.0,0.0,7.3,15.0,3,61.1,62.3,45.0,48.7,0.051,0.0,12.9,15.5,68.7,1.0000000000000007,10,300,60.3,0,0.0
2024-10-27,60.3,38.2,48.7,0.0,0.0,0.0,12.4,23.5,3,59.1,64.4,39.5,38.2,0.0,0.87,7.3,17.7,66.1,1.0000000000000007,10,301,71.0,0,0.0
2024-10-28,71.0,49.1,59.4,0.0,0.0,0.0,16.6,28.2,3,60.3,61.1,38.2,45.0,0.0,0.051,12.4,12.9,65.01428571428572,1.0000000000000007,10,302,79.6,0,0.0
2024-10-29,79.6,70.2,75.1,0.0,0.0,0.0,21.4,38.3,3,71.0,59.1,49.1,39.5,0.0,0.0,16.6,7.3,65.4,0.9210000000000007,10,303,77.3,0,0.0
2024-10-30,77.3,64.1,71.3,0.354,0.354,0.0,19.0,33.1,63,79.6,60.3,70.2,38.2,0.0,0.0,21.4,12.4,67.54285714285714,1.2750000000000006,10,304,64.7,0,0.0
2024-10-31,64.7,42.2,53.9,0.669,0.669,0.0,23.1,41.8,65,77.3,71.0,64.1,49.1,0.354,0.0,19.0,16.6,67.58571428571427,1.0740000000000007,10,305,52.2,0,0.0
2024-11-01,52.2,32.6,42.7,0.0,0.0,0.0,7.7,17.2,3,64.7,79.6,42.2,70.2,0.669,0.0,23.1,21.4,66.31428571428572,1.0230000000000006,11,306,58.5,0,0.0
2024-11-02,58.5,39.0,48.3,0.016,0.016,0.0,11.6,19.2,51,52.2,77.3,32.6,64.1,0.0,0.354,7.7,19.0,66.22857142857143,1.0390000000000006,11,307,65.1,0,0.0
2024-11-03,65.1,48.2,54.8,1.177,1.177,0.0,20.2,34.2,63,58.5,64.7,39.0,42.2,0.016,0.669,11.6,23.1,66.91428571428571,2.2160000000000006,11,308,68.4,0,0.0
2024-11-04,68.4,59.2,62.8,0.22,0.22,0.0,14.3,25.1,61,65.1,52.2,48.2,32.6,1.177,0.0,20.2,7.7,66.54285714285713,2.436000000000001,11,309,64.7,0,0.0
2024-11-05,64.7,48.0,60.6,0.421,0.421,0.0,19.5,36.2,63,68.4,58.5,59.2,39.0,0.22,0.016,14.3,11.6,64.41428571428573,2.8570000000000007,11,310,54.3,0,0.0
2024-11-06,54.3,41.7,46.8,0.0,0.0,0.0,10.2,17.0,3,64.7,65.1,48.0,48.2,0.421,1.177,19.5,20.2,61.128571428571426,2.5030000000000006,11,311,55.0,0,0.0
2024-11-07,55.0,35.9,44.5,0.0,0.0,0.0,5.1,9.4,2,54.3,68.4,41.7,59.2,0.0,0.22,10.2,14.3,59.74285714285715,1.8340000000000005,11,312,59.4,0,0.0
2024-11-08,59.4,39.0,48.3,0.0,0.0,0.0,5.8,12.3,3,55.0,64.7,35.9,48.0,0.0,0.421,5.1,19.5,60.771428571428565,1.8340000000000005,11,313,51.5,0,0.0
2024-11-09,51.5,45.6,48.5,0.205,0.205,0.0,14.4,26.4,63,59.4,54.3,39.0,41.7,0.0,0.0,5.8,10.2,59.771428571428565,2.0230000000000006,11,314,57.4,0,0.0
2024-11-10,57.4,47.1,52.5,0.008,0.008,0.0,19.4,34.4,51,51.5,55.0,45.6,35.9,0.205,0.0,14.4,5.1,58.67142857142857,0.8540000000000004,11,315,49.0,0,0.0
2024-11-11,49.0,38.6,45.6,0.0,0.0,0.0,15.8,28.4,3,57.4,59.4,47.1,39.0,0.008,0.0,19.4,5.8,55.89999999999999,0.6340000000000005,11,316,50.7,0,0.0
2024-11-12,50.7,31.9,40.8,0.0,0.0,0.0,13.4,26.2,3,49.0,51.5,38.6,45.6,0.0,0.205,15.8,14.4,53.89999999999999,0.21300000000000044,11,317,50.2,0,0.0
2024-11-13,50.2,39.0,44.5,0.209,0.209,0.0,12.6,23.3,63,50.7,57.4,31.9,47.1,0.0,0.008,13.4,19.4,53.314285714285724,0.42200000000000043,11,318,51.9,0,0.0
2024-11-14,51.9,44.2,47.4,0.071,0.071,0.0,13.5,26.2,61,50.2,49.0,39.0,38.6,0.209,0.0,12.6,15.8,52.871428571428574,0.49300000000000044,11,319,55.2,0,0.0
2024-11-15,55.2,32.6,44.1,0.0,0.0,0.0,8.4,14.3,3,51.9,50.7,44.2,31.9,0.071,0.0,13.5,13.4,52.271428571428565,0.49300000000000044,11,320,52.9,0,0.0
2024-11-16,52.9,40.0,45.7,0.213,0.213,0.0,18.1,34.4,63,55.2,50.2,32.6,39.0,0.0,0.209,8.4,12.6,52.471428571428575,0.5010000000000004,11,321,54.4,0,0.0
2024-11-17,54.4,41.3,48.5,0.0,0.0,0.0,10.2,18.1,3,52.9,51.9,40.0,44.2,0.213,0.071,18.1,13.5,52.042857142857144,0.49300000000000044,11,322,61.8,0,0.0
2024-11-18,61.8,41.3,53.6,0.602,0.602,0.0,23.8,46.1,63,54.4,55.2,41.3,32.6,0.0,0.0,10.2,8.4,53.871428571428574,1.0950000000000004,11,323,62.3,0,0.0
2024-11-19,62.3,45.7,54.6,0.039,0.039,0.0,24.5,47.0,53,61.8,52.9,41.3,40.0,0.602,0.213,23.8,18.1,55.528571428571425,1.1340000000000003,11,324,45.8,0,0.0
2024-11-20,45.8,33.5,39.6,0.004,0.004,0.0,21.0,39.8,51,62.3,54.4,45.7,41.3,0.039,0.0,24.5,10.2,54.89999999999999,0.9290000000000004,11,325,39.0,0,0.0
2024-11-21,39.0,30.3,34.9,0.012,0.004,0.083,24.6,46.8,71,45.8,61.8,33.5,41.3,0.004,0.602,21.0,23.8,53.05714285714286,0.8700000000000004,11,326,43.3,0,0.0
2024-11-22,43.3,35.8,38.6,0.0,0.0,0.0,13.2,24.8,3,39.0,62.3,30.3,45.7,0.012,0.039,24.6,24.5,51.357142857142854,0.8700000000000004,11,327,43.8,0,0.0
2024-11-23,43.8,33.0,37.6,0.0,0.0,0.0,6.9,12.8,3,43.3,45.8,35.8,33.5,0.0,0.004,13.2,21.0,50.05714285714286,0.6570000000000005,11,328,56.4,0,0.0
2024-11-24,56.4,36.5,45.4,0.0,0.0,0.0,9.0,19.2,3,43.8,39.0,33.0,30.3,0.0,0.012,6.9,24.6,50.34285714285714,0.6570000000000005,11,329,48.5,0,0.0
2024-11-25,48.5,28.4,40.3,0.0,0.0,0.0,17.0,33.8,3,56.4,43.3,36.5,35.8,0.0,0.0,9.0,13.2,48.442857142857136,0.055000000000000444,11,330,37.4,0,0.0
2024-11-26,37.4,21.4,30.2,0.0,0.0,0.0,9.8,17.7,3,48.5,43.8,28.4,33.0,0.0,0.0,17.0,6.9,44.885714285714286,0.016000000000000444,11,331,42.6,0,0.0
2024-11-27,42.6,28.9,34.8,0.0,0.0,0.0,10.2,18.1,3,37.4,56.4,21.4,36.5,0.0,0.0,9.8,9.0,44.42857142857143,0.012000000000000444,11,332,31.3,0,0.0
2024-11-28,31.3,24.9,27.9,0.0,0.0,0.0,14.4,28.2,3,42.6,48.5,28.9,28.4,0.0,0.0,10.2,17.0,43.32857142857143,0.0,11,333,25.9,0,0.0
2024-11-29,25.9,16.9,20.8,0.0,0.0,0.0,14.2,29.1,3,31.3,37.4,24.9,21.4,0.0,0.0,14.4,9.8,40.84285714285714,0.0,11,334,26.9,0,0.0
2024-11-30,26.9,10.8,19.2,0.0,0.0,0.0,9.8,18.6,3,25.9,42.6,16.9,28.9,0.0,0.0,14.2,10.2,38.42857142857143,0.0,11,335,25.0,0,0.0
2024-12-01,25.0,15.0,19.6,0.0,0.0,0.0,9.8,21.3,3,26.9,31.3,10.8,24.9,0.0,0.0,9.8,14.4,33.94285714285714,0.0,12,336,23.8,0,0.0
2024-12-02,23.8,16.9,20.8,0.035,0.0,0.248,12.4,24.4,71,25.0,25.9,15.0,16.9,0.0,0.0,9.8,14.2,30.414285714285715,0.03500000000000045,12,337,25.9,0,0.0
2024-12-03,25.9,17.1,21.0,0.0,0.0,0.0,12.5,22.4,3,23.8,26.9,16.9,10.8,0.035,0.0,12.4,9.8,28.771428571428572,0.03500000000000045,12,338,42.3,0,0.0
2024-12-04,42.3,14.4,30.2,0.008,0.008,0.0,24.4,47.4,51,25.9,25.0,17.1,15.0,0.0,0.0,12.5,9.8,28.72857142857143,0.04300000000000045,12,339,21.8,0,0.0
2024-12-05,21.8,8.8,15.0,0.0,0.0,0.0,22.6,43.0,3,42.3,23.8,14.4,16.9,0.008,0.035,24.4,12.4,27.37142857142857,0.04300000000000045,12,340,35.1,0,0.0
2024-12-06,35.1,16.6,25.0,0.0,0.0,0.0,11.0,22.8,3,21.8,25.9,8.8,17.1,0.0,0.0,22.6,12.5,28.685714285714287,0.04300000000000045,12,341,50.9,0,0.0
2024-12-07,50.9,27.0,38.8,0.0,0.0,0.0,15.3,26.8,3,35.1,42.3,16.6,14.4,0.0,0.008,11.0,24.4,32.114285714285714,0.04300000000000045,12,342,54.2,0,0.0
2024-12-08,54.2,34.1,44.9,0.0,0.0,0.0,13.8,24.4,3,50.9,21.8,27.0,8.8,0.0,0.0,15.3,22.6,36.285714285714285,0.04300000000000045,12,343,48.4,0,0.0
2024-12-09,48.4,32.7,40.8,0.0,0.0,0.0,13.1,23.5,3,54.2,35.1,34.1,16.6,0.0,0.0,13.8,11.0,39.800000000000004,0.008000000000000444,12,344,33.2,0,0.0
2024-12-10,33.2,27.1,29.5,0.0,0.0,0.0,12.2,24.4,3,48.4,50.9,32.7,27.0,0.0,0.0,13.1,15.3,40.84285714285714,0.008000000000000444,12,345,29.4,0,0.0
2024-12-11,29.4,9.4,22.1,0.012,0.0,0.083,17.4,34.0,73,33.2,54.2,27.1,34.1,0.0,0.0,12.2,13.8,39.0,0.012000000000000444,12,346,11.8,0,0.0
2024-12-12,11.8,4.2,8.3,0.028,0.0,0.193,11.5,21.5,71,29.4,48.4,9.4,32.7,0.012,0.0,17.4,13.1,37.57142857142857,0.040000000000000445,12,347,23.0,0,0.0
2024-12-13,23.0,7.9,14.1,0.0,0.0,0.0,13.9,25.7,3,11.8,33.2,4.2,27.1,0.028,0.0,11.5,12.2,35.84285714285714,0.040000000000000445,12,348,35.5,0,0.0
2024-12-14,35.5,23.6,30.5,0.846,0.772,0.524,17.5,32.2,75,23.0,29.4,7.9,9.4,0.0,0.012,13.9,17.4,33.642857142857146,0.8860000000000005,12,349,37.0,0,0.0
2024-12-15,37.0,33.6,35.0,0.02,0.02,0.0,11.2,19.5,51,35.5,11.8,23.6,4.2,0.846,0.028,17.5,11.5,31.185714285714287,0.9060000000000005,12,350,42.7,0,0.0
2024-12-16,42.7,30.9,35.9,0.0,0.0,0.0,13.7,27.3,3,37.0,23.0,33.6,7.9,0.02,0.0,11.2,13.9,30.371428571428574,0.9060000000000005,12,351,38.6,0,0.0
2024-12-17,38.6,27.7,32.6,0.008,0.0,0.055,9.3,16.6,71,42.7,35.5,30.9,23.6,0.0,0.846,13.7,17.5,31.142857142857142,0.9140000000000005,12,352,30.9,0,0.0
2024-12-18,30.9,25.2,28.3,0.063,0.012,0.358,11.7,22.8,73,38.6,37.0,27.7,33.6,0.008,0.02,9.3,11.2,31.357142857142858,0.9650000000000004,12,353,38.8,0,0.0
2024-12-19,38.8,24.6,30.5,0.028,0.008,0.138,17.7,34.4,73,30.9,42.7,25.2,30.9,0.063,0.0,11.7,13.7,35.214285714285715,0.9650000000000004,12,354,29.2,0,0.0
2024-12-20,29.2,22.4,26.0,0.0,0.0,0.0,17.4,33.1,3,38.8,38.6,24.6,27.7,0.028,0.008,17.7,9.3,36.1,0.9650000000000004,12,355,28.3,0,0.0
2024-12-21,28.3,13.8,22.3,0.0,0.0,0.0,7.7,14.5,3,29.2,30.9,22.4,25.2,0.0,0.063,17.4,11.7,35.07142857142857,0.11900000000000044,12,356,39.9,0,0.0
2024-12-22,39.9,23.8,31.8,0.0,0.0,0.0,16.3,29.3,3,28.3,38.8,13.8,24.6,0.0,0.028,7.7,17.7,35.48571428571428,0.09900000000000043,12,357,43.4,0,0.0
2024-12-23,43.4,31.7,37.5,0.0,0.0,0.0,13.0,24.2,3,39.9,29.2,23.8,22.4,0.0,0.0,16.3,17.4,35.58571428571428,0.09900000000000043,12,358,38.0,0,0.0
2024-12-24,38.0,32.5,34.5,0.0,0.0,0.0,6.8,14.1,3,43.4,28.3,31.7,13.8,0.0,0.0,13.0,7.7,35.5,0.09100000000000044,12,359,37.8,0,0.0
2024-12-25,37.8,31.9,34.4,0.004,0.004,0.0,8.8,15.4,51,38.0,39.9,32.5,23.8,0.0,0.0,6.8,16.3,36.48571428571428,0.032000000000000445,12,360,46.3,0,0.0
2024-12-26,46.3,34.7,40.4,0.051,0.051,0.0,8.7,15.4,53,37.8,43.4,31.9,31.7,0.004,0.0,8.8,13.0,37.55714285714286,0.05500000000000044,12,361,46.1,0,0.0
2024-12-27,46.1,42.8,44.6,0.583,0.583,0.0,11.3,19.2,63,46.3,38.0,34.7,32.5,0.051,0.0,8.7,6.8,39.971428571428575,0.6380000000000003,12,362,52.2,0,0.0
2024-12-28,52.2,38.5,44.7,0.008,0.008,0.0,13.4,23.5,51,46.1,37.8,42.8,31.9,0.583,0.004,11.3,8.8,43.385714285714286,0.6460000000000004,12,363,44.1,0,0.0
2024-12-29,44.1,36.9,40.2,0.004,0.004,0.0,7.5,14.3,51,52.2,46.3,38.5,34.7,0.008,0.051,13.4,8.7,43.98571428571428,0.6500000000000004,12,364,41.5,0,0.0
2024-12-30,41.5,35.1,37.7,0.13,0.13,0.0,11.1,19.0,55,44.1,46.1,36.9,42.8,0.004,0.583,7.5,11.3,43.714285714285715,0.7800000000000004,12,365,37.0,0,0.0
2024-12-31,37.0,30.2,33.7,0.22,0.154,0.469,17.8,34.0,73,41.5,52.2,35.1,38.5,0.13,0.008,11.1,13.4,43.57142857142857,1.0000000000000004,12,366,30.5,0,0.0
2025-01-01,30.5,25.8,28.5,0.0,0.0,0.0,16.0,30.4,3,37.0,44.1,30.2,36.9,0.22,0.004,17.8,7.5,42.52857142857143,0.9960000000000003,1,1,29.4,0,0.0
2025-01-02,29.4,20.7,25.6,0.142,0.0,0.992,9.7,16.6,73,30.5,41.5,25.8,35.1,0.0,0.13,16.0,11.1,40.114285714285714,1.0870000000000002,1,2,22.4,0,0.0
2025-01-03,22.4,11.7,16.8,0.0,0.0,0.0,13.7,27.5,3,29.4,37.0,20.7,30.2,0.142,0.22,9.7,17.8,36.728571428571435,0.5040000000000003,1,3,19.0,0,0.0
2025-01-04,19.0,6.2,13.5,0.0,0.0,0.0,7.9,14.1,3,22.4,30.5,11.7,25.8,0.0,0.0,13.7,16.0,31.985714285714284,0.49600000000000033,1,4,19.2,0,0.0
2025-01-05,19.2,15.2,17.5,0.0,0.0,0.0,14.0,26.2,3,19.0,29.4,6.2,20.7,0.0,0.142,7.9,9.7,28.428571428571427,0.4920000000000003,1,5,24.7,0,0.0
2025-01-06,24.7,15.5,19.3,0.0,0.0,0.0,12.4,24.2,3,19.2,22.4,15.2,11.7,0.0,0.0,14.0,13.7,26.02857142857143,0.3620000000000003,1,6,24.4,0,0.0
2025-01-07,24.4,11.8,18.3,0.0,0.0,0.0,6.5,12.8,3,24.7,19.0,15.5,6.2,0.0,0.0,12.4,7.9,24.228571428571428,0.14200000000000032,1,7,22.0,0,0.0
2025-01-08,22.0,8.6,16.1,0.0,0.0,0.0,7.5,16.6,3,24.4,19.2,11.8,15.2,0.0,0.0,6.5,14.0,23.014285714285712,0.14200000000000032,1,8,30.5,0,0.0
2025-01-09,30.5,11.5,20.3,0.0,0.0,0.0,10.8,21.9,3,22.0,24.7,8.6,15.5,0.0,0.0,7.5,12.4,23.17142857142857,0.0,1,9,33.8,0,0.0
2025-01-10,33.8,26.1,29.4,0.051,0.0,0.358,10.2,18.1,71,30.5,24.4,11.5,11.8,0.0,0.0,10.8,6.5,24.800000000000004,0.05100000000000033,1,10,33.9,0,0.0
2025-01-11,33.9,24.0,29.2,0.0,0.0,0.0,12.6,22.6,3,33.8,22.0,26.1,8.6,0.051,0.0,10.2,7.5,26.928571428571427,0.05100000000000033,1,11,33.0,0,0.0
2025-01-12,33.0,17.7,28.2,0.0,0.0,0.0,17.0,33.1,3,33.9,30.5,24.0,11.5,0.0,0.0,12.6,10.8,28.9,0.05100000000000033,1,12,18.6,0,0.0
2025-01-13,18.6,6.9,13.5,0.0,0.0,0.0,13.5,25.5,3,33.0,33.8,17.7,26.1,0.0,0.051,17.0,10.2,28.02857142857143,0.05100000000000033,1,13,20.1,0,0.0
2025-01-14,20.1,2.3,9.3,0.02,0.0,0.138,14.9,27.7,71,18.6,33.9,6.9,24.0,0.0,0.0,13.5,12.6,27.414285714285715,0.07100000000000033,1,14,25.1,0,0.0
2025-01-15,25.1,-0.7,11.3,0.0,0.0,0.0,12.2,22.6,3,20.1,33.0,2.3,17.7,0.02,0.0,14.9,17.0,27.857142857142858,0.07100000000000033,1,15,38.5,0,0.0
2025-01-16,38.5,24.1,30.7,0.0,0.0,0.0,15.5,30.6,3,25.1,18.6,-0.7,6.9,0.0,0.0,12.2,13.5,29.0,0.07100000000000033,1,16,50.4,0,0.0
2025-01-17,50.4,27.2,36.3,0.0,0.0,0.0,16.7,30.9,3,38.5,20.1,24.1,2.3,0.0,0.02,15.5,14.9,31.37142857142857,0.020000000000000333,1,17,31.0,0,0.0
2025-01-18,31.0,13.3,21.6,0.0,0.0,0.0,17.5,33.6,3,50.4,25.1,27.2,-0.7,0.0,0.0,16.7,12.2,30.95714285714286,0.020000000000000333,1,18,11.8,0,0.0
2025-01-19,11.8,-2.7,3.6,0.0,0.0,0.0,14.6,29.8,3,31.0,38.5,13.3,24.1,0.0,0.0,17.5,15.5,27.928571428571427,0.020000000000000333,1,19,11.0,0,0.0
2025-01-20,11.0,-3.1,3.2,0.004,0.0,0.028,13.6,27.1,71,11.8,50.4,-2.7,27.2,0.0,0.0,14.6,16.7,26.842857142857138,0.024000000000000334,1,20,5.1,0,0.0
2025-01-21,5.1,-11.0,-2.1,0.0,0.0,0.0,13.9,25.5,3,11.0,31.0,-3.1,13.3,0.004,0.0,13.6,17.5,24.7,0.004000000000000333,1,21,29.5,0,0.0
2025-01-22,29.5,4.8,19.8,0.055,0.0,0.386,16.1,28.2,73,5.1,11.8,-11.0,-2.7,0.0,0.0,13.9,14.6,25.32857142857143,0.05900000000000033,1,22,24.6,0,0.0
2025-01-23,24.6,5.8,15.0,0.0,0.0,0.0,16.0,30.2,3,29.5,11.0,4.8,-3.1,0.055,0.004,16.1,13.6,23.342857142857145,0.05900000000000034,1,23,28.1,0,0.0
2025-01-24,28.1,-1.9,12.4,0.0,0.0,0.0,11.8,22.4,3,24.6,5.1,5.8,-11.0,0.0,0.0,16.0,13.9,20.157142857142855,0.05900000000000034,1,24,36.5,0,0.0
2025-01-25,36.5,22.6,28.4,0.0,0.0,0.0,15.4,30.0,3,28.1,29.5,-1.9,4.8,0.0,0.055,11.8,16.1,20.942857142857143,0.05900000000000034,1,25,27.5,0,0.0
2025-01-26,27.5,12.6,20.5,0.0,0.0,0.0,10.5,20.4,3,36.5,24.6,22.6,5.8,0.0,0.0,15.4,16.0,23.185714285714287,0.05900000000000034,1,26,42.0,0,0.0
2025-01-27,42.0,18.9,29.7,0.0,0.0,0.0,15.9,30.4,3,27.5,28.1,12.6,-1.9,0.0,0.0,10.5,11.8,27.614285714285717,0.05500000000000034,1,27,48.1,0,0.0
2025-01-28,48.1,22.5,36.0,0.0,0.0,0.0,17.1,32.0,1,42.0,36.5,18.9,22.6,0.0,0.0,15.9,15.4,33.75714285714285,0.05500000000000034,1,28,47.1,0,0.0
2025-01-29,47.1,29.9,37.8,0.0,0.0,0.0,13.7,24.2,1,48.1,27.5,22.5,12.6,0.0,0.0,17.1,10.5,36.27142857142858,0.0,1,29,50.0,0,0.0
2025-01-30,50.0,28.3,38.2,0.0,0.0,0.0,9.5,17.0,3,47.1,42.0,29.9,18.9,0.0,0.0,13.7,15.9,39.9,0.0,1,30,48.0,0,0.0
2025-01-31,48.0,32.5,40.4,0.748,0.748,0.0,14.3,28.9,63,50.0,48.1,28.3,22.5,0.0,0.0,9.5,17.1,42.74285714285714,0.7480000000000003,1,31,40.0,0,0.0
2025-02-01,40.0,26.7,33.3,0.0,0.0,0.0,15.7,30.2,3,48.0,47.1,32.5,29.9,0.748,0.0,14.3,13.7,43.24285714285714,0.7480000000000003,2,32,53.8,0,0.0
2025-02-02,53.8,30.5,41.1,0.004,0.004,0.0,10.9,21.9,51,40.0,50.0,26.7,28.3,0.0,0.0,15.7,9.5,47.0,0.7520000000000003,2,33,51.0,0,0.0
2025-02-03,51.0,33.8,39.6,0.0,0.0,0.0,14.0,28.2,3,53.8,48.0,30.5,32.5,0.004,0.748,10.9,14.3,48.285714285714285,0.7520000000000003,2,34,32.9,0,0.0
2025-02-04,32.9,17.3,24.2,0.0,0.0,0.0,12.7,23.3,3,51.0,40.0,33.8,26.7,0.0,0.0,14.0,15.7,46.11428571428571,0.7520000000000003,2,35,30.5,0,0.0
2025-02-05,30.5,21.0,25.5,0.051,0.031,0.138,12.3,23.5,71,32.9,53.8,17.3,30.5,0.0,0.004,12.7,10.9,43.74285714285714,0.8030000000000004,2,36,41.9,0,0.0
2025-02-06,41.9,29.0,32.7,0.004,0.004,0.0,17.5,32.9,51,30.5,51.0,21.0,33.8,0.051,0.0,12.3,14.0,42.58571428571429,0.8070000000000003,2,37,34.5,0,0.0
2025-02-07,34.5,19.9,26.8,0.0,0.0,0.0,10.5,19.9,3,41.9,32.9,29.0,17.3,0.004,0.0,17.5,12.7,40.65714285714286,0.05900000000000033,2,38,34.1,0,0.0
2025-02-08,34.1,26.1,30.0,0.016,0.008,0.055,14.9,29.3,71,34.5,30.5,19.9,21.0,0.0,0.051,10.5,12.3,39.81428571428571,0.07500000000000033,2,39,27.3,0,0.0
2025-02-09,27.3,12.6,21.2,0.0,0.0,0.0,12.3,23.5,3,34.1,41.9,26.1,29.0,0.016,0.004,14.9,17.5,36.028571428571425,0.07100000000000033,2,40,34.2,0,0.0
2025-02-10,34.2,14.3,25.3,0.0,0.0,0.0,5.7,10.3,3,27.3,34.5,12.6,19.9,0.0,0.0,12.3,10.5,33.628571428571426,0.07100000000000033,2,41,25.9,0,0.0
2025-02-11,25.9,15.1,21.3,0.008,0.0,0.055,12.8,24.8,71,34.2,34.1,14.3,26.1,0.0,0.016,5.7,14.9,32.628571428571426,0.07900000000000032,2,42,19.2,0,0.0
2025-02-12,19.2,14.3,16.2,0.35,0.004,2.453,12.2,21.9,73,25.9,27.3,15.1,12.6,0.008,0.0,12.8,12.3,31.014285714285712,0.37800000000000034,2,43,13.7,0,0.0
2025-02-13,13.7,-1.6,3.3,0.008,0.0,0.055,12.4,23.0,71,19.2,34.2,14.3,14.3,0.35,0.0,12.2,5.7,26.985714285714284,0.38200000000000034,2,44,25.3,0,0.0
2025-02-14,25.3,1.9,14.6,0.043,0.0,0.303,15.2,27.7,73,13.7,25.9,-1.6,15.1,0.008,0.008,12.4,12.8,25.67142857142857,0.4250000000000003,2,45,27.1,0,0.0
2025-02-15,27.1,22.3,25.3,0.016,0.0,0.11,13.4,23.0,71,25.3,19.2,1.9,14.3,0.043,0.35,15.2,12.2,24.67142857142857,0.4250000000000003,2,46,23.2,0,0.0
2025-02-16,23.2,4.4,14.2,0.004,0.0,0.028,16.5,30.2,71,27.1,13.7,22.3,-1.6,0.016,0.008,13.4,12.4,24.08571428571429,0.4290000000000003,2,47,3.7,0,0.0
2025-02-17,3.7,-3.7,0.4,0.004,0.0,0.028,10.7,20.8,71,23.2,25.3,4.4,1.9,0.004,0.043,16.5,15.2,19.728571428571428,0.43300000000000033,2,48,2.8,0,0.0
2025-02-18,2.8,-10.4,-3.2,0.0,0.0,0.0,11.0,20.1,3,3.7,27.1,-3.7,22.3,0.004,0.016,10.7,13.4,16.428571428571427,0.4250000000000003,2,49,5.4,0,0.0
2025-02-19,5.4,-0.8,1.9,0.004,0.0,0.028,10.7,20.6,71,2.8,23.2,-10.4,4.4,0.0,0.004,11.0,16.5,14.457142857142857,0.07900000000000033,2,50,11.5,0,0.0
2025-02-20,11.5,-4.0,3.4,0.0,0.0,0.0,9.4,16.3,0,5.4,3.7,-0.8,-3.7,0.004,0.004,10.7,10.7,14.142857142857142,0.07100000000000034,2,51,18.8,0,0.0
2025-02-21,18.8,-1.2,9.2,0.0,0.0,0.0,9.2,15.9,0,11.5,2.8,-4.0,-10.4,0.0,0.0,9.4,11.0,13.214285714285714,0.028000000000000334,2,52,28.7,0,0.0
2025-02-22,28.7,9.2,18.9,0.0,0.0,0.0,9.9,19.2,2,18.8,5.4,-1.2,-0.8,0.0,0.004,9.2,10.7,13.442857142857141,0.012000000000000333,2,53,41.9,0,0.0
2025-02-23,41.9,22.6,31.8,0.0,0.0,0.0,10.0,17.0,3,28.7,11.5,9.2,-4.0,0.0,0.0,9.9,9.4,16.114285714285717,0.008000000000000333,2,54,57.0,0,0.0
2025-02-24,57.0,36.5,44.6,0.0,0.0,0.0,11.9,19.7,3,41.9,18.8,22.6,-1.2,0.0,0.0,10.0,9.2,23.72857142857143,0.004000000000000333,2,55,54.8,0,0.0
2025-02-25,54.8,33.4,42.6,0.008,0.008,0.0,12.1,23.9,51,57.0,28.7,36.5,9.2,0.0,0.0,11.9,9.9,31.157142857142855,0.012000000000000333,2,56,55.1,0,0.0
2025-02-26,55.1,33.2,42.9,0.311,0.311,0.0,14.3,28.4,63,54.8,41.9,33.4,22.6,0.008,0.0,12.1,10.0,38.25714285714286,0.31900000000000034,2,57,53.0,0,0.0
2025-02-27,53.0,34.3,41.4,0.0,0.0,0.0,19.3,36.9,3,55.1,57.0,33.2,36.5,0.311,0.0,14.3,11.9,44.18571428571429,0.31900000000000034,2,58,58.9,0,0.0
2025-02-28,58.9,32.6,44.6,0.0,0.0,0.0,24.6,48.8,3,53.0,54.8,34.3,33.4,0.0,0.008,19.3,12.1,49.91428571428571,0.31900000000000034,2,59,32.3,0,0.0
2025-03-01,32.3,22.2,27.5,0.0,0.0,0.0,13.7,26.2,3,58.9,55.1,32.6,33.2,0.0,0.311,24.6,14.3,50.42857142857143,0.31900000000000034,3,60,41.0,0,0.0
2025-03-02,41.0,15.4,28.7,0.0,0.0,0.0,9.0,17.0,3,32.3,53.0,22.2,34.3,0.0,0.0,13.7,19.3,50.300000000000004,0.31900000000000034,3,61,59.6,0,0.0
2025-03-03,59.6,30.3,44.1,0.031,0.031,0.0,14.1,24.8,53,41.0,58.9,15.4,32.6,0.0,0.0,9.0,24.6,50.67142857142857,0.3500000000000003,3,62,58.5,0,0.0
2025-03-04,58.5,45.0,49.4,0.594,0.594,0.0,15.8,27.5,63,59.6,32.3,30.3,22.2,0.031,0.0,14.1,13.7,51.199999999999996,0.9360000000000003,3,63,44.5,0,0.0
2025-03-05,44.5,27.5,34.8,0.421,0.213,1.461,24.9,51.2,75,58.5,41.0,45.0,15.4,0.594,0.0,15.8,9.0,49.685714285714276,1.0460000000000003,3,64,43.2,0,0.0
2025-03-06,43.2,22.7,31.6,0.0,0.0,0.0,13.2,25.3,3,44.5,59.6,27.5,30.3,0.421,0.031,24.9,14.1,48.285714285714285,1.0460000000000003,3,65,36.0,0,0.0
2025-03-07,36.0,31.6,33.8,0.205,0.102,0.717,12.0,21.5,73,43.2,58.5,22.7,45.0,0.0,0.594,13.2,15.8,45.01428571428572,1.2510000000000001,3,66,51.3,0,0.0
2025-03-08,51.3,27.0,38.0,0.0,0.0,0.0,14.1,28.4,2,36.0,44.5,31.6,27.5,0.205,0.421,12.0,24.9,47.72857142857142,1.2510000000000001,3,67,60.5,0,0.0
2025-03-09,60.5,29.5,44.1,0.0,0.0,0.0,12.7,24.8,3,51.3,43.2,27.0,22.7,0.0,0.0,14.1,13.2,50.51428571428571,1.2510000000000001,3,68,70.2,0,0.0
2025-03-10,70.2,34.1,52.5,0.0,0.0,0.0,18.2,34.2,1,60.5,36.0,29.5,31.6,0.0,0.205,12.7,12.0,52.02857142857143,1.2200000000000002,3,69,58.5,0,0.0
2025-03-11,58.5,41.0,50.5,0.0,0.0,0.0,13.3,25.1,3,70.2,51.3,34.1,27.0,0.0,0.0,18.2,14.1,52.02857142857143,0.6260000000000003,3,70,62.9,0,0.0
2025-03-12,62.9,31.2,45.7,0.0,0.0,0.0,9.4,18.6,3,58.5,60.5,41.0,29.5,0.0,0.0,13.3,12.7,54.65714285714286,0.20500000000000032,3,71,69.3,0,0.0
2025-03-13,69.3,37.4,52.6,0.0,0.0,0.0,12.5,21.7,3,62.9,70.2,31.2,34.1,0.0,0.0,9.4,18.2,58.38571428571428,0.20500000000000032,3,72,78.0,0,0.0
2025-03-14,78.0,55.1,63.2,0.795,0.795,0.0,20.5,38.7,65,69.3,58.5,37.4,41.0,0.0,0.0,12.5,13.3,64.38571428571427,0.7950000000000004,3,73,55.0,0,0.0
2025-03-15,55.0,34.2,47.5,0.039,0.0,0.276,21.2,40.3,73,78.0,62.9,55.1,31.2,0.795,0.0,20.5,9.4,64.91428571428571,0.8340000000000004,3,74,43.6,0,0.0
2025-03-16,43.6,25.2,33.6,0.055,0.004,0.358,15.7,29.8,73,55.0,69.3,34.2,37.4,0.039,0.0,21.2,12.5,62.5,0.8890000000000003,3,75,61.9,0,0.0
2025-03-17,61.9,27.5,44.9,0.0,0.0,0.0,18.7,36.0,3,43.6,78.0,25.2,55.1,0.055,0.795,15.7,20.5,61.3142857142857,0.8890000000000003,3,76,73.7,0,0.0
2025-03-18,73.7,41.6,56.6,0.0,0.0,0.0,12.2,23.7,3,61.9,55.0,27.5,34.2,0.0,0.039,18.7,21.2,63.48571428571428,0.8890000000000003,3,77,57.6,0,0.0
2025-03-19,57.6,34.4,45.4,1.417,1.343,0.524,22.9,41.2,73,73.7,43.6,41.6,25.2,0.0,0.055,12.2,15.7,62.72857142857142,2.3060000000000005,3,78,44.0,0,0.0
2025-03-20,44.0,27.4,35.5,0.031,0.0,0.22,21.2,38.7,73,57.6,61.9,34.4,27.5,1.417,0.0,22.9,18.7,59.11428571428571,2.337,3,79,58.8,0,0.0
2025-03-21,58.8,33.3,45.2,0.02,0.02,0.0,18.3,35.1,53,44.0,73.7,27.4,41.6,0.031,0.0,21.2,12.2,56.37142857142857,1.5620000000000003,3,80,50.4,0,0.0
2025-03-22,50.4,25.7,39.1,0.0,0.0,0.0,15.2,28.0,3,58.8,57.6,33.3,34.4,0.02,1.417,18.3,22.9,55.714285714285715,1.5230000000000001,3,81,52.7,0,0.0
2025-03-23,52.7,37.9,46.2,0.295,0.295,0.0,21.7,43.4,63,50.4,44.0,25.7,27.4,0.0,0.031,15.2,21.2,57.01428571428572,1.7630000000000003,3,82,52.5,0,0.0
2025-03-24,52.5,30.9,41.5,0.0,0.0,0.0,14.8,28.4,3,52.7,58.8,37.9,33.3,0.295,0.02,21.7,18.3,55.67142857142858,1.7630000000000003,3,83,53.3,0,0.0
2025-03-25,53.3,38.1,44.6,0.098,0.098,0.0,9.5,21.0,53,52.5,50.4,30.9,25.7,0.0,0.0,14.8,15.2,52.75714285714285,1.8610000000000002,3,84,56.7,0,0.0
2025-03-26,56.7,31.8,45.1,0.024,0.024,0.0,7.0,16.3,53,53.3,52.7,38.1,37.9,0.098,0.295,9.5,21.7,52.62857142857143,0.4680000000000002,3,85,64.1,0,0.0
2025-03-27,64.1,38.4,51.0,0.075,0.075,0.0,12.1,25.3,61,56.7,52.5,31.8,30.9,0.024,0.0,7.0,14.8,55.5,0.5120000000000002,3,86,77.1,0,0.0
2025-03-28,77.1,48.7,63.9,0.26,0.26,0.0,20.5,39.4,63,64.1,53.3,38.4,38.1,0.075,0.098,12.1,9.5,58.114285714285714,0.7520000000000002,3,87,71.2,0,0.0
2025-03-29,71.2,59.5,64.9,0.004,0.004,0.0,15.7,30.2,51,77.1,56.7,48.7,31.8,0.26,0.024,20.5,7.0,61.08571428571428,0.7560000000000002,3,88,61.4,0,0.0
2025-03-30,61.4,37.7,50.8,0.071,0.071,0.0,17.2,33.1,53,71.2,64.1,59.5,38.4,0.004,0.075,15.7,12.1,62.32857142857142,0.5320000000000003,3,89,50.4,0,0.0
2025-03-31,50.4,32.9,40.6,0.0,0.0,0.0,16.3,32.0,3,61.4,77.1,37.7,48.7,0.071,0.26,17.2,20.5,62.028571428571425,0.5320000000000003,3,90,44.8,0,0.0
2025-04-01,44.8,32.2,39.7,0.059,0.047,0.083,17.6,33.8,71,50.4,71.2,32.9,59.5,0.0,0.004,16.3,15.7,60.8142857142857,0.49300000000000027,4,91,74.8,0,0.0
2025-04-02,74.8,44.2,55.7,1.236,1.236,0.0,24.0,47.0,63,44.8,61.4,32.2,37.7,0.059,0.071,17.6,17.2,63.39999999999999,1.7050000000000003,4,92,52.0,0,0.0
2025-04-03,52.0,38.6,45.9,0.0,0.0,0.0,14.0,26.6,3,74.8,50.4,44.2,32.9,1.236,0.0,24.0,16.3,61.67142857142857,1.6300000000000003,4,93,47.9,0,0.0
2025-04-04,47.9,36.0,42.3,0.118,0.118,0.0,10.0,19.5,53,52.0,44.8,38.6,32.2,0.0,0.059,14.0,17.6,57.5,1.4880000000000004,4,94,47.5,0,0.0
2025-04-05,47.5,36.5,43.0,0.004,0.004,0.0,15.3,29.8,51,47.9,74.8,36.0,44.2,0.118,1.236,10.0,24.0,54.114285714285714,1.4880000000000002,4,95,51.3,0,0.0
2025-04-06,51.3,29.4,40.8,0.0,0.0,0.0,10.7,19.2,3,47.5,52.0,36.5,38.6,0.004,0.0,15.3,14.0,52.67142857142857,1.4170000000000003,4,96,43.8,0,0.0
2025-04-07,43.8,31.7,39.5,0.0,0.0,0.0,15.3,31.3,3,51.3,47.9,29.4,36.0,0.0,0.118,10.7,10.0,51.72857142857142,1.4170000000000003,4,97,45.8,0,0.0
2025-04-08,45.8,24.6,36.0,0.0,0.0,0.0,7.5,13.6,3,43.8,47.5,31.7,36.5,0.0,0.004,15.3,15.3,51.87142857142857,1.358,4,98,64.1,0,0.0
2025-04-09,64.1,37.7,48.5,0.0,0.0,0.0,12.3,24.8,3,45.8,51.3,24.6,29.4,0.0,0.0,7.5,10.7,50.34285714285714,0.12200000000000022,4,99,59.6,0,0.0
2025-04-10,59.6,35.7,46.6,0.02,0.02,0.0,10.3,21.5,51,64.1,43.8,37.7,31.7,0.0,0.0,12.3,15.3,51.42857142857143,0.1420000000000002,4,100,54.6,0,0.0
2025-04-11,54.6,39.7,47.0,0.0,0.0,0.0,8.1,14.8,3,59.6,45.8,35.7,24.6,0.02,0.0,10.3,7.5,52.385714285714286,0.024000000000000223,4,101,62.2,0,0.0
2025-04-12,62.2,36.3,50.2,0.0,0.0,0.0,14.4,27.5,3,54.6,64.1,39.7,37.7,0.0,0.0,8.1,12.3,54.48571428571428,0.020000000000000222,4,102,72.6,0,0.0
2025-04-13,72.6,49.0,59.0,0.0,0.0,0.0,14.6,28.4,3,62.2,59.6,36.3,35.7,0.0,0.02,14.4,10.3,57.52857142857143,0.020000000000000222,4,103,61.3,0,0.0
2025-04-14,61.3,46.1,54.8,0.0,0.0,0.0,19.3,37.8,3,72.6,54.6,49.0,39.7,0.0,0.0,14.6,8.1,60.028571428571425,0.020000000000000222,4,104,56.6,0,0.0
2025-04-15,56.6,41.1,47.3,0.0,0.0,0.0,20.9,39.4,3,61.3,62.2,46.1,36.3,0.0,0.0,19.3,14.4,61.57142857142857,0.020000000000000222,4,105,65.2,0,0.0
2025-04-16,65.2,35.8,49.8,0.055,0.055,0.0,13.5,25.3,61,56.6,72.6,41.1,49.0,0.0,0.0,20.9,14.6,61.72857142857142,0.07500000000000022,4,106,71.3,0,0.0
2025-04-17,71.3,51.4,60.9,0.476,0.476,0.0,18.3,34.7,63,65.2,61.3,35.8,46.1,0.055,0.0,13.5,19.3,63.4,0.5310000000000001,4,107,74.0,0,0.0
2025-04-18,74.0,54.0,64.3,0.043,0.043,0.0,16.4,33.8,53,71.3,56.6,51.4,41.1,0.476,0.0,18.3,20.9,66.17142857142856,0.5740000000000002,4,108,59.0,0,0.0
2025-04-19,59.0,45.0,51.7,0.0,0.0,0.0,11.2,20.8,3,74.0,65.2,54.0,35.8,0.043,0.055,16.4,13.5,65.71428571428571,0.5740000000000002,4,109,58.0,0,0.0
2025-04-20,58.0,43.6,50.5,1.488,1.488,0.0,19.1,40.7,65,59.0,71.3,45.0,51.4,0.0,0.476,11.2,18.3,63.628571428571426,2.0620000000000003,4,110,62.5,0,0.0
2025-04-21,62.5,44.7,52.7,0.0,0.0,0.0,18.4,35.8,3,58.0,74.0,43.6,54.0,1.488,0.043,19.1,16.4,63.800000000000004,2.0620000000000003,4,111,72.9,0,0.0
2025-04-22,72.9,47.3,59.2,0.031,0.031,0.0,12.0,23.0,51,62.5,59.0,44.7,45.0,0.0,0.0,18.4,11.2,66.12857142857142,2.0930000000000004,4,112,76.0,0,0.0
2025-04-23,76.0,54.5,64.1,0.488,0.488,0.0,12.7,22.8,63,72.9,58.0,47.3,43.6,0.031,1.488,12.0,19.1,67.67142857142856,2.5260000000000002,4,113,76.6,0,0.0
2025-04-24,76.6,55.5,65.8,0.181,0.181,0.0,11.4,19.2,63,76.0,62.5,54.5,44.7,0.488,0.0,12.7,18.4,68.42857142857143,2.2310000000000003,4,114,65.1,0,0.0
2025-04-25,65.1,53.0,59.2,0.031,0.031,0.0,14.0,27.7,51,76.6,72.9,55.5,47.3,0.181,0.031,11.4,12.0,67.15714285714286,2.2190000000000003,4,115,61.2,0,0.0
2025-04-26,61.2,43.4,52.9,0.0,0.0,0.0,10.9,19.9,3,65.1,76.0,53.0,54.5,0.031,0.488,14.0,12.7,67.47142857142856,2.2190000000000003,4,116,68.1,0,0.0
2025-04-27,68.1,44.1,55.8,0.0,0.0,0.0,12.9,28.9,3,61.2,76.6,43.4,55.5,0.0,0.181,10.9,11.4,68.91428571428571,0.7310000000000002,4,117,79.5,0,0.0
2025-04-28,79.5,53.6,67.4,0.0,0.0,0.0,23.6,49.4,3,68.1,65.1,44.1,53.0,0.0,0.031,12.9,14.0,71.34285714285714,0.7310000000000002,4,118,71.9,0,0.0
2025-04-29,71.9,48.4,58.3,0.024,0.024,0.0,20.7,39.6,53,79.5,61.2,53.6,43.4,0.0,0.0,23.6,10.9,71.2,0.7240000000000002,4,119,62.2,0,0.0
2025-04-30,62.2,45.0,54.3,0.055,0.055,0.0,11.5,23.3,53,71.9,68.1,48.4,44.1,0.024,0.0,20.7,12.9,69.22857142857143,0.2910000000000002,4,120,67.4,0,0.0
2025-05-01,67.4,52.7,59.1,0.354,0.354,0.0,12.9,26.4,61,62.2,79.5,45.0,53.6,0.055,0.0,11.5,23.6,67.91428571428571,0.4640000000000002,5,121,61.5,0,0.0
2025-05-02,61.5,48.0,53.3,0.016,0.016,0.0,9.9,21.5,51,67.4,71.9,52.7,48.4,0.354,0.024,12.9,20.7,67.4,0.4490000000000002,5,122,58.8,0,0.0
2025-05-03,58.8,46.0,51.7,0.031,0.031,0.0,10.5,21.7,51,61.5,62.2,48.0,45.0,0.016,0.055,9.9,11.5,67.05714285714286,0.48000000000000015,5,123,67.9,0,0.0
2025-05-04,67.9,41.9,54.7,0.0,0.0,0.0,14.3,28.0,3,58.8,67.4,46.0,52.7,0.031,0.354,10.5,12.9,67.02857142857144,0.4800000000000002,5,124,65.5,0,0.0
2025-05-05,65.5,44.2,55.2,0.0,0.0,0.0,9.6,20.4,3,67.9,61.5,41.9,48.0,0.0,0.016,14.3,9.9,65.02857142857144,0.4800000000000002,5,125,71.0,0,0.0
2025-05-06,71.0,44.2,58.7,0.0,0.0,0.0,5.0,11.4,3,65.5,58.8,44.2,46.0,0.0,0.031,9.6,10.5,64.9,0.4560000000000002,5,126,77.1,0,0.0
2025-05-07,77.1,50.5,63.8,0.004,0.004,0.0,14.4,25.7,51,71.0,67.9,44.2,41.9,0.0,0.0,5.0,14.3,67.02857142857142,0.4050000000000002,5,127,67.2,0,0.0
2025-05-08,67.2,48.0,57.6,0.0,0.0,0.0,12.7,24.4,3,77.1,65.5,50.5,44.2,0.004,0.0,14.4,9.6,67.0,0.051000000000000226,5,128,66.7,0,0.0
2025-05-09,66.7,40.3,55.2,0.0,0.0,0.0,7.3,13.6,3,67.2,71.0,48.0,44.2,0.0,0.0,12.7,5.0,67.74285714285715,0.035000000000000225,5,129,77.3,0,0.0
2025-05-10,77.3,49.0,63.7,0.0,0.0,0.0,9.2,17.0,0,66.7,77.1,40.3,50.5,0.0,0.004,7.3,14.4,70.38571428571429,0.004000000000000222,5,130,74.6,0,0.0
2025-05-11,74.6,48.2,62.4,0.0,0.0,0.0,9.6,16.6,0,77.3,67.2,49.0,48.0,0.0,0.0,9.2,12.7,71.34285714285714,0.004000000000000222,5,131,81.7,0,0.0
2025-05-12,81.7,54.0,68.6,0.0,0.0,0.0,10.8,21.9,3,74.6,66.7,48.2,40.3,0.0,0.0,9.6,7.3,73.65714285714284,0.004000000000000222,5,132,80.2,0,0.0
2025-05-13,80.2,59.3,70.8,0.012,0.012,0.0,8.8,20.4,51,81.7,77.3,54.0,49.0,0.0,0.0,10.8,9.2,74.97142857142856,0.016000000000000222,5,133,84.1,0,0.0
2025-05-14,84.1,60.6,73.2,0.0,0.0,0.0,11.1,24.2,1,80.2,74.6,59.3,48.2,0.012,0.0,8.8,9.6,75.97142857142856,0.012000000000000222,5,134,90.5,0,0.0
2025-05-15,90.5,65.8,75.3,0.012,0.012,0.0,20.9,43.2,51,84.1,81.7,60.6,54.0,0.0,0.0,11.1,10.8,79.3,0.024000000000000223,5,135,78.8,0,0.0
2025-05-16,78.8,56.0,67.8,0.028,0.028,0.0,25.0,47.0,53,90.5,80.2,65.8,59.3,0.012,0.012,20.9,8.8,81.02857142857142,0.05200000000000023,5,136,60.8,0,0.0
2025-05-17,60.8,49.6,55.3,0.0,0.0,0.0,19.1,38.5,3,78.8,84.1,56.0,60.6,0.028,0.0,25.0,11.1,78.67142857142858,0.05200000000000023,5,137,70.8,0,0.0
2025-05-18,70.8,43.9,58.0,0.0,0.0,0.0,10.5,18.3,3,60.8,90.5,49.6,65.8,0.0,0.012,19.1,20.9,78.12857142857142,0.05200000000000023,5,138,64.8,0,0.0
2025-05-19,64.8,47.2,56.7,0.516,0.516,0.0,19.5,37.4,65,70.8,78.8,43.9,56.0,0.0,0.028,10.5,25.0,75.71428571428571,0.5680000000000003,5,139,69.4,0,0.0
2025-05-20,69.4,53.9,60.7,1.965,1.965,0.0,19.8,36.0,65,64.8,60.8,47.2,49.6,0.516,0.0,19.5,19.1,74.17142857142858,2.5210000000000004,5,140,57.0,0,0.0
2025-05-21,57.0,52.1,54.9,0.177,0.177,0.0,14.7,28.6,55,69.4,70.8,53.9,43.9,1.965,0.0,19.8,10.5,70.3,2.6980000000000004,5,141,62.8,0,0.0
2025-05-22,62.8,49.0,54.0,0.028,0.028,0.0,11.4,25.3,51,57.0,64.8,52.1,47.2,0.177,0.516,14.7,19.5,66.34285714285714,2.7140000000000004,5,142,67.7,0,0.0
2025-05-23,67.7,45.1,57.8,0.004,0.004,0.0,10.3,21.5,51,62.8,69.4,49.0,53.9,0.028,1.965,11.4,19.8,64.75714285714285,2.6900000000000004,5,143,69.3,0,0.0
2025-05-24,69.3,50.2,60.7,0.0,0.0,0.0,8.6,16.1,3,67.7,57.0,45.1,52.1,0.004,0.177,10.3,14.7,65.97142857142858,2.6900000000000004,5,144,66.8,0,0.0
2025-05-25,66.8,52.0,60.1,0.0,0.0,0.0,11.4,23.3,3,69.3,62.8,50.2,49.0,0.0,0.028,8.6,11.4,65.4,2.6900000000000004,5,145,68.9,0,0.0
2025-05-26,68.9,47.8,59.2,0.0,0.0,0.0,12.2,25.1,3,66.8,67.7,52.0,45.1,0.0,0.004,11.4,10.3,65.98571428571428,2.1740000000000004,5,146,68.8,0,0.0
2025-05-27,68.8,54.2,61.6,0.02,0.02,0.0,11.4,23.5,51,68.9,69.3,47.8,50.2,0.0,0.0,12.2,8.6,65.9,0.2290000000000002,5,147,69.0,0,0.0
2025-05-28,69.0,53.2,60.6,0.138,0.138,0.0,8.3,18.3,61,68.8,66.8,54.2,52.0,0.02,0.0,11.4,11.4,67.61428571428571,0.19000000000000022,5,148,69.9,0,0.0
2025-05-29,69.9,51.4,60.4,0.008,0.008,0.0,9.4,19.0,51,69.0,68.9,53.2,47.8,0.138,0.0,8.3,12.2,68.62857142857142,0.17000000000000023,5,149,78.3,0,0.0
2025-05-30,78.3,52.5,65.8,0.0,0.0,0.0,15.5,32.0,2,69.9,68.8,51.4,54.2,0.008,0.02,9.4,11.4,70.14285714285714,0.16600000000000023,5,150,82.3,0,0.0
2025-05-31,82.3,56.9,70.0,0.0,0.0,0.0,12.1,21.3,3,78.3,69.0,52.5,53.2,0.0,0.138,15.5,8.3,72.0,0.16600000000000023,5,151,78.8,0,0.0
2025-06-01,78.8,55.9,67.8,0.0,0.0,0.0,9.2,17.0,3,82.3,69.9,56.9,51.4,0.0,0.008,12.1,9.4,73.71428571428571,0.16600000000000023,6,152,91.7,0,0.0
2025-06-02,91.7,59.2,74.8,0.0,0.0,0.0,11.8,24.6,3,78.8,78.3,55.9,52.5,0.0,0.0,9.2,15.5,76.97142857142856,0.16600000000000023,6,153,79.1,0,0.0
2025-06-03,79.1,63.0,72.4,0.752,0.752,0.0,16.6,32.0,63,91.7,82.3,59.2,56.9,0.0,0.0,11.8,12.1,78.44285714285715,0.8980000000000002,6,154,73.6,0,0.0
2025-06-04,73.6,58.2,65.3,0.039,0.039,0.0,10.3,19.9,51,79.1,78.8,63.0,55.9,0.752,0.0,16.6,9.2,79.10000000000001,0.7990000000000003,6,155,76.6,0,0.0
2025-06-05,76.6,56.2,67.1,0.0,0.0,0.0,8.5,18.3,3,73.6,91.7,58.2,59.2,0.039,0.0,10.3,11.8,80.05714285714285,0.7910000000000003,6,156,76.6,0,0.0
2025-06-06,76.6,60.5,68.5,0.024,0.024,0.0,8.2,18.1,53,76.6,79.1,56.2,63.0,0.0,0.752,8.5,16.6,79.81428571428572,0.8150000000000002,6,157,73.7,0,0.0
2025-06-07,73.7,57.7,66.0,0.016,0.016,0.0,7.9,17.4,51,76.6,73.6,60.5,58.2,0.024,0.039,8.2,10.3,78.58571428571429,0.8310000000000002,6,158,76.7,0,0.0
2025-06-08,76.7,57.9,65.9,0.012,0.012,0.0,17.1,33.6,51,73.7,76.6,57.7,56.2,0.016,0.0,7.9,8.5,78.28571428571429,0.8430000000000002,6,159,68.3,0,0.0
2025-06-09,68.3,55.9,61.9,0.0,0.0,0.0,17.0,34.0,3,76.7,76.6,57.9,60.5,0.012,0.024,17.1,8.2,74.94285714285715,0.8430000000000002,6,160,78.0,0,0.0
2025-06-10,78.0,52.0,66.1,0.0,0.0,0.0,10.0,22.4,1,68.3,73.7,55.9,57.7,0.0,0.016,17.0,7.9,74.78571428571429,0.09100000000000022,6,161,91.7,0,0.0
2025-06-11,91.7,62.9,77.5,0.0,0.0,0.0,11.0,22.1,3,78.0,76.7,52.0,57.9,0.0,0.012,10.0,17.1,77.37142857142858,0.05200000000000023,6,162,87.3,0,0.0
2025-06-12,87.3,65.5,76.8,0.0,0.0,0.0,10.4,22.6,3,91.7,68.3,62.9,55.9,0.0,0.0,11.0,17.0,78.89999999999999,0.05200000000000023,6,163,82.1,0,0.0
2025-06-13,82.1,65.7,74.3,0.043,0.043,0.0,11.2,23.9,51,87.3,78.0,65.5,52.0,0.0,0.0,10.4,10.0,79.68571428571428,0.07100000000000023,6,164,85.9,0,0.0
2025-06-14,85.9,66.4,75.3,0.0,0.0,0.0,7.4,16.1,3,82.1,91.7,65.7,62.9,0.043,0.0,11.2,11.0,81.42857142857143,0.05500000000000022,6,165,81.4,0,0.0
2025-06-15,81.4,66.3,73.6,0.276,0.276,0.0,8.5,16.3,63,85.9,87.3,66.4,65.5,0.0,0.0,7.4,10.4,82.1,0.31900000000000023,6,166,86.6,0,0.0
2025-06-16,86.6,66.5,76.4,0.008,0.008,0.0,10.0,19.0,51,81.4,82.1,66.3,65.7,0.276,0.043,8.5,11.2,84.71428571428571,0.32700000000000023,6,167,89.2,0,0.0
2025-06-17,89.2,68.0,76.8,0.102,0.102,0.0,9.2,17.9,61,86.6,85.9,66.5,66.4,0.008,0.0,10.0,7.4,86.31428571428572,0.4290000000000002,6,168,73.5,0,0.0
2025-06-18,73.5,65.7,69.0,0.933,0.933,0.0,10.2,20.1,63,89.2,81.4,68.0,66.3,0.102,0.276,9.2,8.5,83.71428571428571,1.3620000000000003,6,169,81.8,0,0.0
2025-06-19,81.8,62.0,72.9,0.02,0.02,0.0,10.1,20.8,51,73.5,86.6,65.7,66.5,0.933,0.008,10.2,10.0,82.92857142857143,1.3820000000000003,6,170,88.0,0,0.0
2025-06-20,88.0,66.7,75.5,0.98,0.98,0.0,20.4,37.8,65,81.8,89.2,62.0,68.0,0.02,0.102,10.1,9.2,83.77142857142857,2.3190000000000004,6,171,97.8,0,0.0
2025-06-21,97.8,77.7,87.2,0.0,0.0,0.0,20.6,39.6,0,88.0,73.5,66.7,65.7,0.98,0.933,20.4,10.2,85.47142857142856,2.3190000000000004,6,172,96.1,0,0.0
2025-06-22,96.1,78.4,87.2,0.0,0.0,0.0,18.6,37.1,1,97.8,81.8,77.7,62.0,0.0,0.02,20.6,10.1,87.57142857142857,2.043,6,173,96.1,0,0.0
2025-06-23,96.1,77.4,84.1,0.079,0.079,0.0,16.5,34.2,61,96.1,88.0,78.4,66.7,0.0,0.98,18.6,20.4,88.92857142857143,2.1140000000000003,6,174,84.1,0,0.0
2025-06-24,84.1,71.7,75.9,0.693,0.693,0.0,9.3,19.9,63,96.1,97.8,77.4,77.7,0.079,0.0,16.5,20.6,88.2,2.705,6,175,89.6,0,0.0
2025-06-25,89.6,70.8,79.9,0.307,0.307,0.0,10.4,24.6,63,84.1,96.1,71.7,78.4,0.693,0.0,9.3,18.6,90.5,2.079,6,176,91.8,0,0.0
2025-06-26,91.8,73.1,80.8,0.303,0.303,0.0,14.3,30.6,63,89.6,96.1,70.8,77.4,0.307,0.079,10.4,16.5,91.92857142857143,2.362,6,177,80.8,0,0.0
2025-06-27,80.8,70.6,74.8,0.008,0.008,0.0,12.2,21.9,51,91.8,84.1,73.1,71.7,0.303,0.693,14.3,9.3,90.89999999999999,1.3900000000000001,6,178,88.3,0,0.0
2025-06-28,88.3,66.6,77.8,0.0,0.0,0.0,9.1,20.4,3,80.8,89.6,70.6,70.8,0.008,0.307,12.2,10.4,89.54285714285716,1.3900000000000001,6,179,88.2,0,0.0
2025-06-29,88.2,71.2,78.6,0.043,0.043,0.0,11.0,23.0,53,88.3,91.8,66.6,73.1,0.0,0.303,9.1,14.3,88.41428571428571,1.433,6,180,85.7,0,0.0
2025-06-30,85.7,68.8,76.2,0.0,0.0,0.0,8.8,19.5,3,88.2,80.8,71.2,70.6,0.043,0.008,11.0,12.2,86.92857142857143,1.354,6,181,83.7,0,0.0
2025-07-01,83.7,65.2,75.1,0.0,0.0,0.0,9.2,18.6,1,85.7,88.3,68.8,66.6,0.0,0.0,8.8,9.1,86.87142857142855,0.6610000000000003,7,182,86.1,0,0.0
2025-07-02,86.1,66.4,76.9,0.0,0.0,0.0,8.6,18.8,3,83.7,88.2,65.2,71.2,0.0,0.043,9.2,11.0,86.37142857142858,0.3540000000000002,7,183,90.2,0,0.0
2025-07-03,90.2,68.3,78.7,0.0,0.0,0.0,10.2,22.1,3,86.1,85.7,66.4,68.8,0.0,0.0,8.6,8.8,86.14285714285714,0.05100000000000022,7,184,90.8,0,0.0
2025-07-04,90.8,71.0,81.4,0.0,0.0,0.0,11.4,23.0,3,90.2,83.7,68.3,65.2,0.0,0.0,10.2,9.2,87.57142857142857,0.04300000000000022,7,185,89.8,0,0.0
2025-07-05,89.8,73.1,78.7,0.35,0.35,0.0,17.0,34.7,63,90.8,86.1,71.0,66.4,0.0,0.0,11.4,8.6,87.78571428571429,0.3930000000000002,7,186,84.6,0,0.0
2025-07-06,84.6,71.6,77.1,0.016,0.016,0.0,10.3,21.7,51,89.8,90.2,73.1,68.3,0.35,0.0,17.0,10.2,87.27142857142857,0.3660000000000002,7,187,84.1,0,0.0
2025-07-07,84.1,68.1,76.1,0.02,0.02,0.0,8.7,20.1,51,84.6,90.8,71.6,71.0,0.016,0.0,10.3,11.4,87.04285714285713,0.3860000000000002,7,188,81.9,0,0.0
2025-07-08,81.9,68.0,74.2,0.386,0.386,0.0,7.4,21.7,63,84.1,89.8,68.1,73.1,0.02,0.35,8.7,17.0,86.78571428571426,0.7720000000000002,7,189,85.0,0,0.0
2025-07-09,85.0,67.6,76.9,0.004,0.004,0.0,7.1,14.8,51,81.9,84.6,68.0,71.6,0.386,0.016,7.4,10.3,86.62857142857142,0.7760000000000001,7,190,88.8,0,0.0
2025-07-10,88.8,70.0,77.1,0.276,0.276,0.0,13.1,27.5,63,85.0,84.1,67.6,68.1,0.004,0.02,7.1,8.7,86.42857142857143,1.0520000000000003,7,191,81.9,0,0.0
2025-07-11,81.9,68.5,74.0,0.157,0.157,0.0,13.5,25.5,53,88.8,81.9,70.0,68.0,0.276,0.386,13.1,7.4,85.15714285714286,1.2090000000000003,7,192,81.0,0,0.0
2025-07-12,81.0,66.0,72.7,0.024,0.024,0.0,9.8,20.1,51,81.9,85.0,68.5,67.6,0.157,0.004,13.5,7.1,83.89999999999999,0.8830000000000002,7,193,81.2,0,0.0
2025-07-13,81.2,63.0,72.2,0.0,0.0,0.0,5.1,13.2,3,81.0,88.8,66.0,70.0,0.024,0.276,9.8,13.1,83.41428571428571,0.8670000000000002,7,194,83.7,0,0.0
2025-07-14,83.7,64.3,74.7,0.0,0.0,0.0,6.8,15.9,3,81.2,81.9,63.0,68.5,0.0,0.157,5.1,13.5,83.35714285714286,0.8470000000000002,7,195,86.0,0,0.0
2025-07-15,86.0,66.4,77.0,0.008,0.008,0.0,8.5,18.3,51,83.7,81.0,64.3,66.0,0.0,0.024,6.8,9.8,83.94285714285715,0.46900000000000025,7,196,84.4,0,0.0
2025-07-16,84.4,71.8,77.7,0.008,0.008,0.0,17.1,36.0,51,86.0,81.2,66.4,63.0,0.008,0.0,8.5,5.1,83.85714285714286,0.47300000000000025,7,197,75.0,0,0.0
2025-07-17,75.0,64.8,69.6,0.0,0.0,0.0,10.2,20.1,3,84.4,83.7,71.8,64.3,0.008,0.0,17.1,6.8,81.88571428571429,0.19700000000000023,7,198,78.2,0,0.0
2025-07-18,78.2,64.0,70.8,0.004,0.004,0.0,8.2,17.2,51,75.0,86.0,64.8,66.4,0.0,0.008,10.2,8.5,81.35714285714286,0.04400000000000022,7,199,86.0,0,0.0
2025-07-19,86.0,69.0,76.9,0.409,0.409,0.0,11.3,21.5,63,78.2,84.4,64.0,71.8,0.004,0.008,8.2,17.1,82.07142857142857,0.4290000000000002,7,200,83.3,0,0.0
2025-07-20,83.3,70.3,75.4,0.449,0.449,0.0,9.2,16.6,63,86.0,75.0,69.0,64.8,0.409,0.0,11.3,10.2,82.37142857142858,0.8780000000000002,7,201,82.3,0,0.0
2025-07-21,82.3,66.5,74.3,0.02,0.02,0.0,10.6,20.6,51,83.3,78.2,70.3,64.0,0.449,0.004,9.2,8.2,82.17142857142856,0.8980000000000002,7,202,86.0,0,0.0
2025-07-22,86.0,71.2,78.1,0.114,0.114,0.0,12.5,24.2,55,82.3,86.0,66.5,69.0,0.02,0.409,10.6,11.3,82.17142857142856,1.0040000000000002,7,203,89.6,0,0.0
2025-07-23,89.6,74.0,82.2,0.004,0.004,0.0,12.7,24.8,51,86.0,83.3,71.2,70.3,0.114,0.449,12.5,9.2,82.91428571428571,1.0000000000000002,7,204,84.6,0,0.0
2025-07-24,84.6,73.8,78.8,0.008,0.008,0.0,9.4,19.9,51,89.6,82.3,74.0,66.5,0.004,0.02,12.7,10.6,84.28571428571429,1.0080000000000002,7,205,81.4,0,0.0
2025-07-25,81.4,71.2,75.6,0.165,0.165,0.0,6.4,15.7,61,84.6,86.0,73.8,71.2,0.008,0.114,9.4,12.5,84.74285714285715,1.1690000000000003,7,206,81.9,0,0.0
2025-07-26,81.9,71.2,75.1,1.205,1.205,0.0,8.2,18.8,63,81.4,89.6,71.2,74.0,0.165,0.004,6.4,12.7,84.15714285714286,1.9650000000000003,7,207,87.4,0,0.0
2025-07-27,87.4,72.2,79.8,0.028,0.028,0.0,6.5,14.1,51,81.9,84.6,71.2,73.8,1.205,0.008,8.2,9.4,84.74285714285715,1.5440000000000005,7,208,88.0,0,0.0
2025-07-28,88.0,71.2,79.5,0.606,0.606,0.0,14.2,30.4,65,87.4,81.4,72.2,71.2,0.028,0.165,6.5,6.4,85.55714285714285,2.1300000000000003,7,209,87.9,0,0.0
2025-07-29,87.9,71.8,78.5,0.465,0.465,0.0,9.9,23.7,65,88.0,81.9,71.2,71.2,0.606,1.205,14.2,8.2,85.82857142857142,2.4810000000000003,7,210,76.7,0,0.0
2025-07-30,76.7,68.0,72.5,0.142,0.142,0.0,10.5,20.8,61,87.9,87.4,71.8,72.2,0.465,0.028,9.9,6.5,83.9857142857143,2.6190000000000007,7,211,74.6,0,0.0
2025-07-31,74.6,62.9,68.2,0.0,0.0,0.0,11.7,23.7,3,76.7,88.0,68.0,71.2,0.142,0.606,10.5,14.2,82.55714285714285,2.6110000000000007,7,212,75.4,0,0.0
2025-08-01,75.4,56.8,66.6,0.0,0.0,0.0,8.4,18.1,3,74.6,87.9,62.9,71.8,0.0,0.465,11.7,9.9,81.70000000000002,2.4460000000000006,8,213,74.8,0,0.0
2025-08-02,74.8,59.2,67.3,0.0,0.0,0.0,7.2,14.3,3,75.4,76.7,56.8,68.0,0.0,0.142,8.4,10.5,80.68571428571428,1.2410000000000003,8,214,75.7,0,0.0
2025-08-03,75.7,57.7,67.4,0.0,0.0,0.0,7.6,17.2,3,74.8,74.6,59.2,62.9,0.0,0.0,7.2,11.7,79.01428571428572,1.2130000000000003,8,215,78.5,0,0.0
2025-08-04,78.5,57.7,69.1,0.0,0.0,0.0,6.9,13.4,3,75.7,75.4,57.7,56.8,0.0,0.0,7.6,8.4,77.65714285714286,0.6070000000000002,8,216,81.1,0,0.0
2025-08-05,81.1,64.2,72.3,0.004,0.004,0.0,9.6,20.4,51,78.5,74.8,57.7,59.2,0.0,0.0,6.9,7.2,76.68571428571428,0.1460000000000002,8,217,84.2,0,0.0
2025-08-06,84.2,63.9,73.2,0.02,0.02,0.0,11.0,22.8,51,81.1,75.7,64.2,57.7,0.004,0.0,9.6,7.6,77.75714285714285,0.024000000000000223,8,218,84.3,0,0.0
2025-08-07,84.3,68.8,75.4,0.0,0.0,0.0,11.2,23.0,3,84.2,78.5,63.9,57.7,0.02,0.0,11.0,6.9,79.14285714285714,0.024000000000000223,8,219,89.3,0,0.0
2025-08-08,89.3,72.2,80.4,0.0,0.0,0.0,15.5,29.8,3,84.3,81.1,68.8,64.2,0.0,0.004,11.2,9.6,81.12857142857142,0.024000000000000223,8,220,82.8,0,0.0
2025-08-09,82.8,70.1,76.8,1.28,1.28,0.0,14.5,29.5,65,89.3,84.2,72.2,63.9,0.0,0.02,15.5,11.0,82.27142857142857,1.3040000000000003,8,221,84.3,0,0.0
2025-08-10,84.3,71.6,77.0,0.0,0.0,0.0,11.9,23.9,3,82.8,84.3,70.1,68.8,1.28,0.0,14.5,11.2,83.5,1.3040000000000003,8,222,83.7,0,0.0
2025-08-11,83.7,66.3,74.7,0.075,0.075,0.0,6.5,14.5,55,84.3,89.3,71.6,72.2,0.0,0.0,11.9,15.5,84.24285714285715,1.3790000000000002,8,223,80.0,0,0.0
2025-08-12,80.0,68.4,74.2,0.063,0.063,0.0,6.3,15.7,55,83.7,82.8,66.3,70.1,0.075,1.28,6.5,14.5,84.08571428571427,1.4380000000000002,8,224,80.2,0,0.0
2025-08-13,80.2,64.2,72.5,0.0,0.0,0.0,7.0,13.6,1,80.0,84.3,68.4,71.6,0.063,0.0,6.3,11.9,83.51428571428572,1.4180000000000001,8,225,80.5,0,0.0
2025-08-14,80.5,62.3,72.0,0.0,0.0,0.0,7.0,16.3,3,80.2,83.7,64.2,66.3,0.0,0.075,7.0,6.5,82.97142857142858,1.4180000000000001,8,226,89.2,0,0.0
2025-08-15,89.2,67.2,77.4,0.047,0.047,0.0,10.5,22.6,55,80.5,80.0,62.3,68.4,0.0,0.063,7.0,6.3,82.95714285714287,1.4650000000000003,8,227,90.2,0,0.0
2025-08-16,90.2,69.3,77.5,1.102,1.102,0.0,18.5,33.3,65,89.2,80.2,67.2,64.2,0.047,0.0,10.5,7.0,84.01428571428572,1.2870000000000004,8,228,88.5,0,0.0
2025-08-17,88.5,72.0,78.5,0.461,0.461,0.0,14.6,32.0,63,90.2,80.5,69.3,62.3,1.102,0.0,18.5,7.0,84.61428571428571,1.7480000000000004,8,229,87.0,0,0.0
2025-08-18,87.0,72.1,78.3,0.11,0.11,0.0,9.5,23.5,55,88.5,89.2,72.0,67.2,0.461,0.047,14.6,10.5,85.08571428571429,1.7830000000000004,8,230,84.2,0,0.0
2025-08-19,84.2,69.7,76.4,0.075,0.075,0.0,8.0,17.2,61,87.0,90.2,72.1,69.3,0.11,1.102,9.5,18.5,85.68571428571428,1.7950000000000004,8,231,83.4,0,0.0
2025-08-20,83.4,68.4,75.6,0.035,0.035,0.0,8.4,16.8,51,84.2,88.5,69.7,72.0,0.075,0.461,8.0,14.6,86.14285714285714,1.8300000000000005,8,232,79.8,0,0.0
2025-08-21,79.8,63.2,71.5,0.0,0.0,0.0,6.3,14.8,3,83.4,87.0,68.4,72.1,0.035,0.11,8.4,9.5,86.04285714285713,1.8300000000000005,8,233,79.9,0,0.0
2025-08-22,79.9,61.0,71.1,0.0,0.0,0.0,5.3,13.4,3,79.8,84.2,63.2,69.7,0.0,0.075,6.3,8.0,84.71428571428571,1.7830000000000004,8,234,75.3,0,0.0
2025-08-23,75.3,62.2,70.1,0.15,0.15,0.0,14.5,29.3,61,79.9,83.4,61.0,68.4,0.0,0.035,5.3,8.4,82.58571428571429,0.8310000000000002,8,235,72.7,0,0.0
2025-08-24,72.7,56.3,64.3,0.0,0.0,0.0,15.5,30.4,3,75.3,79.8,62.2,63.2,0.15,0.0,14.5,6.3,80.32857142857142,0.3700000000000002,8,236,69.3,0,0.0
2025-08-25,69.3,53.2,61.4,0.0,0.0,0.0,11.7,23.9,3,72.7,79.9,56.3,61.0,0.0,0.0,15.5,5.3,77.8,0.26000000000000023,8,237,72.0,0,0.0
2025-08-26,72.0,51.8,62.3,0.0,0.0,0.0,5.8,14.5,3,69.3,75.3,53.2,62.2,0.0,0.15,11.7,14.5,76.05714285714285,0.18500000000000022,8,238,75.8,0,0.0
2025-08-27,75.8,54.1,63.1,0.043,0.043,0.0,8.9,19.0,53,72.0,72.7,51.8,56.3,0.0,0.0,5.8,15.5,74.97142857142858,0.19300000000000023,8,239,80.2,0,0.0
2025-08-28,80.2,60.3,69.5,0.028,0.028,0.0,7.4,14.5,53,75.8,69.3,54.1,53.2,0.043,0.0,8.9,11.7,75.02857142857144,0.22100000000000022,8,240,80.2,0,0.0
2025-08-29,80.2,60.2,69.8,0.004,0.004,0.0,7.7,15.4,51,80.2,72.0,60.3,51.8,0.028,0.0,7.4,5.8,75.07142857142857,0.2250000000000002,8,241,78.3,0,0.0
2025-08-30,78.3,61.1,69.3,0.0,0.0,0.0,6.9,16.1,3,80.2,75.8,60.2,54.1,0.004,0.043,7.7,8.9,75.5,0.07500000000000022,8,242,76.3,0,0.0
2025-08-31,76.3,61.8,68.9,0.008,0.008,0.0,7.9,18.1,51,78.3,80.2,61.1,60.3,0.0,0.028,6.9,7.4,76.01428571428572,0.08300000000000021,8,243,77.4,0,0.0
2025-09-01,77.4,57.4,67.5,0.0,0.0,0.0,6.6,15.9,3,76.3,80.2,61.8,60.2,0.008,0.004,7.9,7.7,77.17142857142858,0.08300000000000021,9,244,77.2,0,0.0
2025-09-02,77.2,56.2,67.5,0.0,0.0,0.0,6.6,13.6,3,77.4,78.3,57.4,61.1,0.0,0.0,6.6,6.9,77.91428571428573,0.08300000000000021,9,245,69.7,0,0.0
2025-09-03,69.7,57.5,64.4,0.449,0.449,0.0,13.9,28.9,63,77.2,76.3,56.2,61.8,0.0,0.008,6.6,7.9,77.04285714285716,0.4890000000000002,9,246,68.0,0,0.0
2025-09-04,68.0,47.8,58.3,0.004,0.004,0.0,14.2,27.3,51,69.7,77.4,57.5,57.4,0.449,0.0,13.9,6.6,75.3,0.4650000000000002,9,247,64.4,0,0.0
2025-09-05,64.4,53.3,59.8,0.0,0.0,0.0,18.6,36.0,3,68.0,77.2,47.8,56.2,0.004,0.0,14.2,6.6,73.04285714285714,0.4610000000000002,9,248,64.6,0,0.0
2025-09-06,64.6,47.4,55.5,0.0,0.0,0.0,12.0,23.5,3,64.4,69.7,53.3,57.5,0.0,0.449,18.6,13.9,71.08571428571427,0.4610000000000002,9,249,67.5,0,0.0
2025-09-07,67.5,45.9,56.2,0.0,0.0,0.0,6.4,15.2,3,64.6,68.0,47.4,47.8,0.0,0.004,12.0,14.2,69.82857142857144,0.45300000000000024,9,250,73.6,0,0.0
2025-09-08,73.6,51.1,61.8,0.0,0.0,0.0,13.9,28.0,3,67.5,64.4,45.9,53.3,0.0,0.0,6.4,18.6,69.28571428571429,0.45300000000000024,9,251,76.3,0,0.0
2025-09-09,76.3,54.9,64.8,0.0,0.0,0.0,9.6,20.6,3,73.6,64.6,51.1,47.4,0.0,0.0,13.9,12.0,69.15714285714286,0.45300000000000024,9,252,79.8,0,0.0
2025-09-10,79.8,56.2,67.9,0.0,0.0,0.0,5.5,10.3,3,76.3,67.5,54.9,45.9,0.0,0.0,9.6,6.4,70.6,0.004000000000000222,9,253,82.2,0,0.0
2025-09-11,82.2,58.5,70.4,0.0,0.0,0.0,8.4,14.5,2,79.8,73.6,56.2,51.1,0.0,0.0,5.5,13.9,72.62857142857142,0.0,9,254,88.6,0,0.0
2025-09-12,88.6,62.1,74.5,0.008,0.008,0.0,12.5,25.3,51,82.2,76.3,58.5,54.9,0.0,0.0,8.4,9.6,76.08571428571427,0.008000000000000222,9,255,90.4,0,0.0
2025-09-13,90.4,72.1,81.0,0.0,0.0,0.0,12.5,22.1,3,88.6,79.8,62.1,56.2,0.008,0.0,12.5,5.5,79.77142857142857,0.008000000000000222,9,256,93.2,0,0.0
2025-09-14,93.2,69.4,79.0,0.031,0.031,0.0,11.4,19.7,53,90.4,82.2,72.1,58.5,0.0,0.0,12.5,8.4,83.44285714285715,0.03900000000000022,9,257,87.7,0,0.0
2025-09-15,87.7,69.5,77.0,0.063,0.063,0.0,9.1,18.6,53,93.2,88.6,69.4,62.1,0.031,0.008,11.4,12.5,85.45714285714287,0.10200000000000023,9,258,86.9,0,0.0
2025-09-16,86.9,66.3,75.1,0.067,0.067,0.0,8.3,18.1,61,87.7,90.4,69.5,72.1,0.063,0.0,9.1,12.5,86.97142857142858,0.16900000000000023,9,259,87.3,0,0.0
2025-09-17,87.3,65.4,75.1,0.0,0.0,0.0,9.2,16.6,3,86.9,93.2,66.3,69.4,0.067,0.031,8.3,11.4,88.04285714285713,0.16900000000000023,9,260,81.5,0,0.0
2025-09-18,81.5,64.0,71.5,0.02,0.02,0.0,8.0,16.8,51,87.3,87.7,65.4,69.5,0.0,0.063,9.2,9.1,87.94285714285715,0.18900000000000022,9,261,77.1,0,0.0
2025-09-19,77.1,64.9,69.9,0.52,0.52,0.0,9.1,20.6,63,81.5,86.9,64.0,66.3,0.02,0.067,8.0,8.3,86.3,0.7010000000000003,9,262,75.6,0,0.0
2025-09-20,75.6,60.8,67.2,0.031,0.031,0.0,8.3,17.2,53,77.1,87.3,64.9,65.4,0.52,0.0,9.1,9.2,84.1857142857143,0.7320000000000003,9,263,76.9,0,0.0
2025-09-21,76.9,61.7,68.3,0.051,0.051,0.0,6.6,13.9,51,75.6,81.5,60.8,64.0,0.031,0.02,8.3,8.0,81.85714285714286,0.7520000000000002,9,264,80.0,0,0.0
2025-09-22,80.0,63.3,70.7,0.028,0.028,0.0,9.8,19.7,53,76.9,77.1,61.7,64.9,0.051,0.52,6.6,9.1,80.75714285714285,0.7170000000000003,9,265,75.3,0,0.0
2025-09-23,75.3,61.6,68.5,0.547,0.547,0.0,7.9,14.8,65,80.0,75.6,63.3,60.8,0.028,0.031,9.8,8.3,79.10000000000001,1.1970000000000003,9,266,74.4,0,0.0
2025-09-24,74.4,59.8,67.0,0.012,0.012,0.0,10.6,22.4,51,75.3,76.9,61.6,61.7,0.547,0.051,7.9,6.6,77.25714285714285,1.2090000000000003,9,267,75.9,0,0.0
2025-09-25,75.9,55.0,64.5,0.0,0.0,0.0,6.3,15.2,1,74.4,80.0,59.8,63.3,0.012,0.028,10.6,9.8,76.45714285714287,1.1890000000000003,9,268,83.7,0,0.0
2025-09-26,83.7,57.5,69.3,0.0,0.0,0.0,7.7,17.2,0,75.9,75.3,55.0,61.6,0.0,0.547,6.3,7.9,77.39999999999999,0.6690000000000003,9,269,84.1,0,0.0
2025-09-27,84.1,59.8,72.4,0.0,0.0,0.0,11.1,23.9,1,83.7,74.4,57.5,59.8,0.0,0.012,7.7,10.6,78.61428571428573,0.6380000000000002,9,270,85.8,0,0.0
2025-09-28,85.8,60.4,73.2,0.0,0.0,0.0,7.3,16.3,0,84.1,75.9,59.8,55.0,0.0,0.0,11.1,6.3,79.88571428571429,0.5870000000000003,9,271,87.4,0,0.0
2025-09-29,87.4,60.8,74.3,0.0,0.0,0.0,8.9,19.9,1,85.8,83.7,60.4,57.5,0.0,0.0,7.3,7.7,80.94285714285715,0.5590000000000003,9,272,88.0,0,0.0
2025-09-30,88.0,64.0,75.8,0.0,0.0,0.0,7.5,15.4,3,87.4,84.1,60.8,59.8,0.0,0.0,8.9,11.1,82.75714285714287,0.012000000000000222,9,273,83.8,0,0.0
2025-10-01,83.8,62.2,72.0,0.0,0.0,0.0,9.0,17.0,3,88.0,85.8,64.0,60.4,0.0,0.0,7.5,7.3,84.10000000000001,0.0,10,274,86.7,0,0.0
2025-10-02,86.7,57.9,71.8,0.0,0.0,0.0,7.3,16.1,1,83.8,87.4,62.2,60.8,0.0,0.0,9.0,8.9,85.64285714285714,0.0,10,275,88.4,0,0.0
2025-10-03,88.4,62.6,75.0,0.0,0.0,0.0,9.5,18.1,1,86.7,88.0,57.9,64.0,0.0,0.0,7.3,7.5,86.31428571428572,0.0,10,276,85.0,0,0.0
2025-10-04,85.0,65.3,74.7,0.0,0.0,0.0,15.3,30.9,0,88.4,83.8,62.6,62.2,0.0,0.0,9.5,9.0,86.44285714285714,0.0,10,277,83.8,0,0.0
2025-10-05,83.8,62.4,73.2,0.0,0.0,0.0,17.4,34.4,3,85.0,86.7,65.3,57.9,0.0,0.0,15.3,7.3,86.15714285714286,0.0,10,278,73.7,0,0.0
2025-10-06,73.7,59.6,65.3,0.055,0.055,0.0,12.6,22.6,53,83.8,88.4,62.4,62.6,0.0,0.0,17.4,9.5,84.20000000000002,0.05500000000000022,10,279,67.5,0,0.0
2025-10-07,67.5,55.0,59.2,1.004,1.004,0.0,10.4,21.7,65,73.7,85.0,59.6,65.3,0.055,0.0,12.6,15.3,81.27142857142859,1.0590000000000002,10,280,67.0,0,0.0
2025-10-08,67.0,45.1,56.0,0.0,0.0,0.0,6.7,13.0,0,67.5,83.8,55.0,62.4,1.004,0.0,10.4,17.4,78.87142857142858,1.0590000000000002,10,281,69.7,0,0.0
2025-10-09,69.7,44.0,56.1,0.0,0.0,0.0,9.9,20.4,0,67.0,73.7,45.1,59.6,0.0,0.055,6.7,12.6,76.44285714285715,1.0590000000000002,10,282,74.5,0,0.0
2025-10-10,74.5,53.8,61.9,0.177,0.177,0.0,10.9,19.5,61,69.7,67.5,44.0,55.0,0.0,1.004,9.9,10.4,74.45714285714287,1.2360000000000002,10,283,69.8,0,0.0
2025-10-11,69.8,47.8,58.0,0.0,0.0,0.0,9.9,17.2,3,74.5,67.0,53.8,45.1,0.177,0.0,10.9,6.7,72.28571428571429,1.2360000000000002,10,284,75.9,0,0.0
2025-10-12,75.9,49.9,62.3,0.004,0.004,0.0,15.0,29.3,51,69.8,69.7,47.8,44.0,0.0,0.0,9.9,9.9,71.15714285714286,1.2400000000000002,10,285,75.6,0,0.0
2025-10-13,75.6,61.5,67.2,0.039,0.039,0.0,12.7,23.0,55,75.9,74.5,49.9,53.8,0.004,0.177,15.0,10.9,71.42857142857143,1.2240000000000002,10,286,63.0,0,0.0
2025-10-14,63.0,56.0,60.1,0.012,0.012,0.0,9.9,17.7,51,75.6,69.8,61.5,47.8,0.039,0.0,12.7,9.9,70.78571428571429,0.2320000000000002,10,287,68.3,0,0.0
2025-10-15,68.3,57.7,62.2,0.142,0.142,0.0,9.2,16.3,63,63.0,75.9,56.0,49.9,0.012,0.004,9.9,15.0,70.97142857142858,0.3740000000000002,10,288,76.6,0,0.0
2025-10-16,76.6,56.0,64.9,0.039,0.039,0.0,11.2,22.1,53,68.3,75.6,57.7,61.5,0.142,0.039,9.2,12.7,71.95714285714286,0.4130000000000002,10,289,79.7,0,0.0
2025-10-17,79.7,63.7,70.5,0.016,0.016,0.0,15.5,29.5,51,76.6,63.0,56.0,56.0,0.039,0.012,11.2,9.9,72.7,0.2520000000000002,10,290,75.5,0,0.0
2025-10-18,75.5,57.8,66.5,0.142,0.142,0.0,13.0,26.6,61,79.7,68.3,63.7,57.7,0.016,0.142,15.5,9.2,73.51428571428572,0.3940000000000002,10,291,61.2,0,0.0
2025-10-19,61.2,46.2,52.9,0.11,0.11,0.0,18.3,37.4,61,75.5,76.6,57.8,56.0,0.142,0.039,13.0,11.2,71.41428571428573,0.5000000000000002,10,292,69.7,0,0.0
2025-10-20,69.7,41.5,53.8,0.016,0.016,0.0,18.0,35.3,51,61.2,79.7,46.2,63.7,0.11,0.016,18.3,15.5,70.57142857142857,0.4770000000000002,10,293,52.2,0,0.0
2025-10-21,52.2,46.7,49.5,0.063,0.063,0.0,22.5,43.6,55,69.7,75.5,41.5,57.8,0.016,0.142,18.0,13.0,69.02857142857142,0.5280000000000002,10,294,55.6,0,0.0
2025-10-22,55.6,38.0,45.9,0.0,0.0,0.0,16.7,31.5,3,52.2,61.2,46.7,46.2,0.063,0.11,22.5,18.3,67.21428571428571,0.3860000000000002,10,295,57.2,0,0.0
2025-10-23,57.2,34.2,44.1,0.0,0.0,0.0,8.8,19.0,0,55.6,69.7,38.0,41.5,0.0,0.016,16.7,18.0,64.44285714285715,0.3470000000000002,10,296,56.8,0,0.0
2025-10-24,56.8,31.3,44.3,0.0,0.0,0.0,8.3,14.8,3,57.2,52.2,34.2,46.7,0.0,0.063,8.8,22.5,61.17142857142857,0.3310000000000002,10,297,55.2,0,0.0
2025-10-25,55.2,46.2,50.6,0.0,0.0,0.0,10.9,21.3,3,56.8,55.6,31.3,38.0,0.0,0.0,8.3,16.7,58.27142857142858,0.18900000000000022,10,298,63.5,0,0.0
2025-10-26,63.5,47.3,53.7,0.0,0.0,0.0,12.0,22.8,3,55.2,57.2,46.2,34.2,0.0,0.0,10.9,8.8,58.6,0.07900000000000022,10,299,62.0,0,0.0
2025-10-27,62.0,42.3,51.0,0.0,0.0,0.0,13.6,27.1,3,63.5,56.8,47.3,31.3,0.0,0.0,12.0,8.3,57.5,0.06300000000000022,10,300,51.4,0,0.0
2025-10-28,51.4,43.8,47.7,0.24,0.24,0.0,9.9,18.1,55,62.0,55.2,42.3,46.2,0.0,0.0,13.6,10.9,57.38571428571429,0.2400000000000002,10,301,55.8,0,0.0
2025-10-29,55.8,43.1,49.2,0.209,0.209,0.0,15.6,30.6,55,51.4,63.5,43.8,47.3,0.24,0.0,9.9,12.0,57.41428571428571,0.4490000000000002,10,302,52.7,0,0.0
2025-10-30,52.7,35.0,43.7,0.012,0.012,0.0,10.4,19.9,51,55.8,62.0,43.1,42.3,0.209,0.0,15.6,13.6,56.771428571428565,0.4610000000000002,10,303,53.1,0,0.0
2025-10-31,53.1,34.2,43.1,0.0,0.0,0.0,14.4,28.4,3,52.7,51.4,35.0,43.8,0.012,0.24,10.4,9.9,56.24285714285714,0.4610000000000002,10,304,47.2,0,0.0
2025-11-01,47.2,36.3,41.0,0.035,0.035,0.0,8.8,16.6,51,53.1,55.8,34.2,43.1,0.0,0.209,14.4,15.6,55.1,0.4960000000000002,11,305,51.3,0,0.0
2025-11-02,51.3,28.1,39.9,0.0,0.0,0.0,13.6,26.6,3,47.2,52.7,36.3,35.0,0.035,0.012,8.8,10.4,53.357142857142854,0.4960000000000002,11,306,61.2,0,0.0
2025-11-03,61.2,39.7,47.5,0.0,0.0,0.0,10.4,20.8,3,51.3,53.1,28.1,34.2,0.0,0.0,13.6,14.4,53.24285714285714,0.4960000000000002,11,307,65.9,0,0.0
2025-11-04,65.9,40.0,51.6,0.0,0.0,0.0,13.8,26.8,3,61.2,47.2,39.7,36.3,0.0,0.035,10.4,8.8,55.31428571428571,0.2560000000000002,11,308,59.5,0,0.0
2025-11-05,59.5,42.1,51.0,0.0,0.0,0.0,17.9,34.7,3,65.9,51.3,40.0,28.1,0.0,0.0,13.8,13.6,55.84285714285715,0.04700000000000022,11,309,59.3,0,0.0
2025-11-06,59.3,31.9,46.7,0.035,0.035,0.0,15.3,28.0,53,59.5,61.2,42.1,39.7,0.0,0.0,17.9,10.4,56.78571428571429,0.07000000000000023,11,310,64.0,0,0.0
2025-11-07,64.0,43.5,52.9,0.016,0.016,0.0,16.0,29.1,51,59.3,65.9,31.9,40.0,0.035,0.0,15.3,13.8,58.34285714285715,0.08600000000000023,11,311,43.2,0,0.0
2025-11-08,43.2,35.2,39.7,0.461,0.453,0.055,14.8,25.9,71,64.0,59.5,43.5,42.1,0.016,0.0,16.0,17.9,57.77142857142858,0.5120000000000002,11,312,36.0,0,0.0
2025-11-09,36.0,25.9,30.0,0.039,0.016,0.165,18.9,35.6,71,43.2,59.3,35.2,31.9,0.461,0.035,14.8,15.3,55.58571428571429,0.5510000000000003,11,313,35.2,0,0.0
2025-11-10,35.2,23.0,27.7,0.0,0.0,0.0,12.7,23.0,3,36.0,64.0,25.9,43.5,0.039,0.016,18.9,16.0,51.871428571428574,0.5510000000000003,11,314,50.1,0,0.0
2025-11-11,50.1,27.3,38.6,0.012,0.0,0.083,13.8,27.3,73,35.2,43.2,23.0,35.2,0.0,0.461,12.7,14.8,49.614285714285714,0.5630000000000003,11,315,58.0,0,0.0
2025-11-12,58.0,36.6,46.6,0.0,0.0,0.0,13.6,26.8,3,50.1,36.0,27.3,25.9,0.012,0.039,13.8,18.9,49.4,0.5630000000000003,11,316,61.1,0,0.0
2025-11-13,61.1,31.7,46.2,0.0,0.0,0.0,10.3,20.8,3,58.0,35.2,36.6,23.0,0.0,0.0,13.6,12.7,49.65714285714286,0.5280000000000002,11,317,71.0,0,0.0
2025-11-14,71.0,40.7,55.5,0.0,0.0,0.0,11.5,19.9,3,61.1,50.1,31.7,27.3,0.0,0.012,10.3,13.8,50.65714285714286,0.5120000000000002,11,318,68.0,0,0.0
2025-11-15,68.0,47.9,60.3,0.0,0.0,0.0,15.6,30.4,3,71.0,58.0,40.7,36.6,0.0,0.0,11.5,13.6,54.199999999999996,0.051000000000000226,11,319,50.7,0,0.0
2025-11-16,50.7,32.0,41.7,0.0,0.0,0.0,12.2,22.6,3,68.0,61.1,47.9,31.7,0.0,0.0,15.6,10.3,56.300000000000004,0.012000000000000222,11,320,52.1,0,0.0
2025-11-17,52.1,37.2,44.2,0.354,0.354,0.0,13.2,23.3,63,50.7,71.0,32.0,40.7,0.0,0.0,12.2,11.5,58.714285714285715,0.3660000000000002,11,321,48.4,0,0.0
2025-11-18,48.4,42.2,44.7,0.055,0.055,0.0,12.5,22.8,53,52.1,68.0,37.2,47.9,0.354,0.0,13.2,15.6,58.471428571428575,0.4090000000000002,11,322,44.5,0,0.0
2025-11-19,44.5,39.9,42.6,0.004,0.004,0.0,7.6,14.5,51,48.4,50.7,42.2,32.0,0.055,0.0,12.5,12.2,56.542857142857144,0.4130000000000002,11,323,50.3,0,0.0
2025-11-20,50.3,44.1,46.6,0.0,0.0,0.0,7.2,15.2,3,44.5,52.1,39.9,37.2,0.004,0.354,7.6,13.2,55.0,0.4130000000000002,11,324,46.0,0,0.0
2025-11-21,46.0,37.6,42.3,0.0,0.0,0.0,8.5,17.4,3,50.3,48.4,44.1,42.2,0.0,0.055,7.2,12.5,51.42857142857143,0.4130000000000002,11,325,52.7,0,0.0
2025-11-22,52.7,26.7,40.0,0.0,0.0,0.0,11.9,23.5,3,46.0,44.5,37.6,39.9,0.0,0.004,8.5,7.6,49.24285714285715,0.4130000000000002,11,326,55.8,0,0.0
2025-11-23,55.8,32.4,43.5,0.0,0.0,0.0,8.7,15.0,3,52.7,50.3,26.7,44.1,0.0,0.0,11.9,7.2,49.97142857142857,0.4130000000000002,11,327,48.7,0,0.0
2025-11-24,48.7,39.6,44.1,0.02,0.02,0.0,10.0,18.6,51,55.8,46.0,32.4,37.6,0.0,0.0,8.7,8.5,49.48571428571429,0.07900000000000022,11,328,54.5,0,0.0
2025-11-25,54.5,38.6,47.5,0.083,0.083,0.0,19.6,35.6,55,48.7,52.7,39.6,26.7,0.02,0.0,10.0,11.9,50.357142857142854,0.10700000000000023,11,329,38.3,0,0.0
2025-11-26,38.3,31.0,34.3,0.004,0.0,0.028,28.3,53.0,71,54.5,55.8,38.6,32.4,0.083,0.0,19.6,8.7,49.47142857142857,0.10700000000000022,11,330,33.7,0,0.0
2025-11-27,33.7,24.5,28.4,0.0,0.0,0.0,16.3,32.0,3,38.3,48.7,31.0,39.6,0.004,0.02,28.3,10.0,47.10000000000001,0.10700000000000022,11,331,32.0,0,0.0
2025-11-28,32.0,18.8,26.0,0.051,0.0,0.358,12.5,23.5,73,33.7,54.5,24.5,38.6,0.0,0.083,16.3,19.6,45.10000000000001,0.1580000000000002,11,332,31.0,0,0.0
2025-11-29,31.0,26.1,28.6,0.846,0.0,5.925,15.1,26.6,75,32.0,38.3,18.8,31.0,0.051,0.004,12.5,28.3,42.0,1.0040000000000002,11,333,27.3,0,0.0
2025-11-30,27.3,18.5,22.4,0.024,0.0,0.165,20.7,36.7,73,31.0,33.7,26.1,24.5,0.846,0.0,15.1,16.3,37.92857142857143,1.028,11,334,22.2,0,0.0
2025-12-01,22.2,13.9,18.6,0.071,0.0,0.496,7.2,13.2,73,27.3,32.0,18.5,18.8,0.024,0.051,20.7,12.5,34.142857142857146,1.0790000000000002,12,335,25.8,0,0.0
2025-12-02,25.8,11.8,20.4,0.0,0.0,0.0,12.6,21.5,3,22.2,31.0,13.9,26.1,0.071,0.846,7.2,15.1,30.042857142857144,0.9960000000000001,12,336,33.4,0,0.0
2025-12-03,33.4,11.8,26.7,0.016,0.004,0.083,13.4,25.1,71,25.8,27.3,11.8,18.5,0.0,0.024,12.6,20.7,29.342857142857145,1.0080000000000002,12,337,10.9,0,0.0
2025-12-04,10.9,-3.5,5.4,0.0,0.0,0.0,9.5,18.1,3,33.4,22.2,11.8,13.9,0.016,0.071,13.4,7.2,26.085714285714285,1.0080000000000002,12,338,33.1,0,0.0
2025-12-05,33.1,9.0,22.0,0.0,0.0,0.0,10.8,18.3,3,10.9,25.8,-3.5,11.8,0.0,0.0,9.5,12.6,26.242857142857144,0.9570000000000001,12,339,33.8,0,0.0
2025-12-06,33.8,20.7,25.3,0.201,0.0,1.406,9.6,16.3,75,33.1,33.4,9.0,11.8,0.0,0.016,10.8,13.4,26.642857142857142,0.3120000000000001,12,340,27.0,0,0.0
2025-12-07,27.0,1.2,18.0,0.228,0.004,1.571,13.9,25.7,75,33.8,10.9,20.7,-3.5,0.201,0.0,9.6,9.5,26.599999999999998,0.5160000000000001,12,341,23.8,0,0.0
2025-12-08,23.8,0.7,12.2,0.0,0.0,0.0,10.5,18.1,3,27.0,33.1,1.2,9.0,0.228,0.0,13.9,10.8,26.82857142857143,0.4450000000000002,12,342,39.9,0,0.0
2025-12-09,39.9,24.3,30.8,0.055,0.055,0.0,18.5,31.8,61,23.8,33.8,0.7,20.7,0.0,0.201,10.5,9.6,28.842857142857145,0.5000000000000001,12,343,40.8,0,0.0
2025-12-10,40.8,22.5,30.4,0.063,0.039,0.165,20.8,36.9,71,39.9,27.0,24.3,1.2,0.055,0.228,18.5,13.9,29.900000000000002,0.5470000000000002,12,344,23.9,0,0.0
2025-12-11,23.9,13.3,20.0,0.126,0.0,0.882,11.3,20.4,73,40.8,23.8,22.5,0.7,0.063,0.0,20.8,10.5,31.757142857142856,0.6730000000000002,12,345,26.9,0,0.0
2025-12-12,26.9,13.6,21.3,0.004,0.0,0.028,13.5,26.6,71,23.9,39.9,13.3,24.3,0.126,0.055,11.3,18.5,30.87142857142857,0.6770000000000002,12,346,11.0,0,0.0
2025-12-13,11.0,-0.8,5.2,0.185,0.0,1.295,13.0,23.5,73,26.9,40.8,13.6,22.5,0.004,0.063,13.5,20.8,27.614285714285717,0.6610000000000001,12,347,2.3,0,0.0
2025-12-14,2.3,-6.5,-1.4,0.0,0.0,0.0,11.9,20.6,2,11.0,23.9,-0.8,13.3,0.185,0.126,13.0,11.3,24.08571428571429,0.43300000000000016,12,348,27.6,0,0.0
2025-12-15,27.6,1.7,17.3,0.0,0.0,0.0,13.9,23.7,3,2.3,26.9,-6.5,13.6,0.0,0.004,11.9,13.5,24.62857142857143,0.43300000000000016,12,349,36.5,0,0.0
2025-12-16,36.5,16.8,26.8,0.0,0.0,0.0,10.0,17.7,3,27.6,11.0,1.7,-0.8,0.0,0.185,13.9,13.0,24.142857142857142,0.3780000000000001,12,350,38.2,0,0.0
2025-12-17,38.2,31.5,34.7,0.012,0.012,0.0,13.7,23.5,51,36.5,2.3,16.8,-6.5,0.0,0.0,10.0,11.9,23.77142857142857,0.3270000000000001,12,351,43.6,0,0.0
2025-12-18,43.6,15.2,33.7,0.173,0.173,0.0,20.0,38.7,61,38.2,27.6,31.5,1.7,0.012,0.0,13.7,13.9,26.58571428571429,0.3740000000000001,12,352,27.0,0,0.0
2025-12-19,27.0,6.1,15.4,0.0,0.0,0.0,20.0,36.9,3,43.6,36.5,15.2,16.8,0.173,0.0,20.0,10.0,26.6,0.3700000000000001,12,353,39.2,0,0.0
2025-12-20,39.2,29.0,34.5,0.0,0.0,0.0,14.7,25.7,3,27.0,38.2,6.1,31.5,0.0,0.012,20.0,13.7,30.62857142857143,0.1850000000000001,12,354,35.7,0,0.0
2025-12-21,35.7,15.1,26.5,0.0,0.0,0.0,10.9,18.8,3,39.2,43.6,29.0,15.2,0.0,0.173,14.7,20.0,35.4,0.1850000000000001,12,355,43.5,0,0.0
2025-12-22,43.5,31.9,36.3,0.0,0.0,0.0,11.5,22.8,3,35.7,27.0,15.1,6.1,0.0,0.0,10.9,20.0,37.67142857142857,0.1850000000000001,12,356,45.8,0,0.0
2025-12-23,45.8,30.9,37.2,0.0,0.0,0.0,8.1,13.4,3,43.5,39.2,31.9,29.0,0.0,0.0,11.5,14.7,39.0,0.1850000000000001,12,357,42.8,0,0.0
2025-12-24,42.8,30.5,35.8,0.008,0.008,0.0,10.0,17.4,51,45.8,35.7,30.9,15.1,0.0,0.0,8.1,10.9,39.65714285714286,0.1810000000000001,12,358,43.9,0,0.0
2025-12-25,43.9,37.0,40.1,0.004,0.004,0.0,12.7,22.4,51,42.8,43.5,30.5,31.9,0.008,0.0,10.0,11.5,39.699999999999996,0.012000000000000111,12,359,43.9,0,0.0
2025-12-26,43.9,36.2,41.2,0.016,0.016,0.0,10.0,19.5,51,43.9,45.8,37.0,30.9,0.004,0.0,12.7,8.1,42.114285714285714,0.02800000000000011,12,360,47.5,0,0.0
2025-12-27,47.5,35.8,40.7,0.0,0.0,0.0,13.5,24.8,3,43.9,42.8,36.2,30.5,0.016,0.008,10.0,10.0,43.300000000000004,0.02800000000000011,12,361,46.0,0,0.0
2025-12-28,46.0,16.6,35.9,0.343,0.295,0.358,23.3,43.8,73,47.5,43.9,35.8,37.0,0.0,0.004,13.5,12.7,44.77142857142858,0.37100000000000016,12,362,16.4,0,0.0
2025-12-29,16.4,12.9,14.5,0.024,0.0,0.165,24.9,46.8,73,46.0,43.9,16.6,36.2,0.343,0.016,23.3,10.0,40.9,0.3950000000000002,12,363,33.4,0,0.0
2025-12-30,33.4,10.6,20.8,0.004,0.0,0.028,10.3,21.5,71,16.4,47.5,12.9,35.8,0.024,0.0,24.9,13.5,39.128571428571426,0.3990000000000002,12,364,41.0,0,0.0
2025-12-31,41.0,28.1,35.6,0.0,0.0,0.0,14.8,28.0,3,33.4,46.0,10.6,16.6,0.004,0.343,10.3,23.3,38.87142857142857,0.3910000000000002,12,365,26.9,0,0.0
2026-01-01,26.9,16.2,22.4,0.0,0.0,0.0,12.4,24.4,3,41.0,16.4,28.1,12.9,0.0,0.024,14.8,24.9,36.44285714285714,0.3870000000000002,1,1,27.3,0,0.0
2026-01-02,27.3,23.9,25.2,0.0,0.0,0.0,6.3,13.4,3,26.9,33.4,16.2,10.6,0.0,0.004,12.4,10.3,34.07142857142857,0.37100000000000016,1,2,29.3,0,0.0
2026-01-03,29.3,22.5,25.7,0.0,0.0,0.0,6.3,13.0,3,27.3,41.0,23.9,28.1,0.0,0.0,6.3,14.8,31.47142857142857,0.37100000000000016,1,3,35.1,0,0.0
2026-01-04,35.1,25.5,30.1,0.0,0.0,0.0,14.2,25.7,3,29.3,26.9,22.5,16.2,0.0,0.0,6.3,12.4,29.914285714285715,0.02800000000000011,1,4,46.3,0,0.0
2026-01-05,46.3,30.6,37.1,0.0,0.0,0.0,10.8,19.7,3,35.1,27.3,25.5,23.9,0.0,0.0,14.2,6.3,34.18571428571429,0.004000000000000111,1,5,44.5,0,0.0
2026-01-06,44.5,30.9,37.4,0.0,0.0,0.0,11.2,22.1,3,46.3,29.3,30.6,22.5,0.0,0.0,10.8,6.3,35.771428571428565,0.0,1,6,50.2,0,0.0
2026-01-07,50.2,27.4,36.9,0.0,0.0,0.0,9.5,18.3,2,44.5,35.1,30.9,25.5,0.0,0.0,11.2,14.2,37.08571428571429,0.0,1,7,55.3,0,0.0
2026-01-08,55.3,40.1,46.0,0.87,0.87,0.0,24.2,42.7,63,50.2,46.3,27.4,30.6,0.0,0.0,9.5,10.8,41.142857142857146,0.8700000000000001,1,8,42.8,0,0.0
2026-01-09,42.8,28.9,37.7,0.043,0.043,0.0,21.0,46.3,51,55.3,44.5,40.1,30.9,0.87,0.0,24.2,11.2,43.357142857142854,0.9130000000000001,1,9,35.2,0,0.0
2026-01-10,35.2,25.2,31.6,0.055,0.024,0.22,19.6,38.9,73,42.8,50.2,28.9,27.4,0.043,0.0,21.0,9.5,44.199999999999996,0.9680000000000001,1,10,31.5,0,0.0
2026-01-11,31.5,22.6,26.4,0.0,0.0,0.0,19.4,38.3,3,35.2,55.3,25.2,40.1,0.055,0.87,19.6,24.2,43.685714285714276,0.9680000000000001,1,11,46.0,0,0.0
2026-01-12,46.0,27.9,34.7,0.0,0.0,0.0,10.3,18.1,3,31.5,42.8,22.6,28.9,0.0,0.043,19.4,21.0,43.642857142857146,0.9680000000000001,1,12,50.0,0,0.0
2026-01-13,50.0,35.8,42.1,0.0,0.0,0.0,14.1,25.9,3,46.0,35.2,27.9,25.2,0.0,0.055,10.3,19.6,44.42857142857143,0.9680000000000001,1,13,38.2,0,0.0
2026-01-14,38.2,19.6,28.1,0.0,0.0,0.0,21.2,39.8,3,50.0,31.5,35.8,22.6,0.0,0.0,14.1,19.4,42.714285714285715,0.9680000000000001,1,14,29.6,0,0.0
2026-01-15,29.6,12.7,21.1,0.02,0.0,0.138,12.6,24.2,73,38.2,46.0,19.6,27.9,0.0,0.0,21.2,10.3,39.042857142857144,0.1180000000000001,1,15,39.0,0,0.0
2026-01-16,39.0,18.6,30.9,0.031,0.0,0.22,17.8,34.2,73,29.6,50.0,12.7,35.8,0.02,0.0,12.6,14.1,38.5,0.10600000000000011,1,16,16.9,0,0.0
2026-01-17,16.9,9.4,12.4,0.055,0.0,0.386,16.3,31.3,71,39.0,38.2,18.6,19.6,0.031,0.0,17.8,21.2,35.885714285714286,0.10600000000000012,1,17,21.7,0,0.0
2026-01-18,21.7,4.9,13.0,0.035,0.0,0.248,19.0,35.8,73,16.9,29.6,9.4,12.7,0.055,0.02,16.3,12.6,34.48571428571428,0.14100000000000013,1,18,9.0,0,0.0
2026-01-19,9.0,-1.4,4.6,0.0,0.0,0.0,18.4,36.0,3,21.7,39.0,4.9,18.6,0.035,0.031,19.0,17.8,29.199999999999996,0.14100000000000013,1,19,24.4,0,0.0
2026-01-20,24.4,1.0,13.8,0.012,0.0,0.083,7.4,15.0,71,9.0,16.9,-1.4,9.4,0.0,0.055,18.4,16.3,25.54285714285714,0.1530000000000001,1,20,36.2,0,0.0
2026-01-21,36.2,15.6,25.0,0.016,0.0,0.11,21.6,39.4,73,24.4,21.7,1.0,4.9,0.012,0.035,7.4,19.0,25.25714285714286,0.16900000000000012,1,21,24.8,0,0.0
2026-01-22,24.8,4.5,17.5,0.0,0.0,0.0,15.8,32.4,3,36.2,9.0,15.6,-1.4,0.016,0.0,21.6,18.4,24.571428571428573,0.14900000000000013,1,22,2.2,0,0.0
2026-01-23,2.2,-13.5,-7.2,0.0,0.0,0.0,15.1,29.1,3,24.8,24.4,4.5,1.0,0.0,0.012,15.8,7.4,19.314285714285717,0.11800000000000012,1,23,3.6,0,0.0
2026-01-24,3.6,-7.7,-1.9,0.02,0.0,0.138,7.3,14.3,71,2.2,36.2,-13.5,15.6,0.0,0.016,15.1,21.6,17.414285714285715,0.08300000000000013,1,24,11.1,0,0.0
2026-01-25,11.1,-0.0,3.8,0.012,0.0,0.083,11.0,22.4,71,3.6,24.8,-7.7,4.5,0.02,0.0,7.3,15.8,15.9,0.06000000000000012,1,25,13.5,0,0.0
2026-01-26,13.5,-4.3,4.8,0.0,0.0,0.0,16.3,29.3,3,11.1,2.2,-0.0,-13.5,0.012,0.0,11.0,15.1,16.54285714285714,0.06000000000000012,1,26,16.3,0,0.0
2026-01-27,16.3,6.8,13.0,0.0,0.0,0.0,16.9,33.3,2,13.5,3.6,-4.3,-7.7,0.0,0.02,16.3,7.3,15.385714285714286,0.048000000000000126,1,27,23.0,0,0.0
2026-01-28,23.0,4.8,12.1,0.0,0.0,0.0,10.3,21.5,3,16.3,11.1,6.8,-0.0,0.0,0.012,16.9,11.0,13.5,0.032000000000000126,1,28,16.9,0,0.0
2026-01-29,16.9,6.4,10.5,0.0,0.0,0.0,6.4,13.2,3,23.0,13.5,4.8,-4.3,0.0,0.0,10.3,16.3,12.37142857142857,0.032000000000000126,1,29,15.7,0,0.0
2026-01-30,15.7,5.2,10.6,0.0,0.0,0.0,14.0,26.8,3,16.9,16.3,6.4,6.8,0.0,0.0,6.4,16.9,14.299999999999999,0.032000000000000126,1,30,24.7,0,0.0
2026-01-31,24.7,4.0,13.0,0.0,0.0,0.0,10.2,18.8,3,15.7,23.0,5.2,4.8,0.0,0.0,14.0,10.3,17.314285714285713,0.012000000000000118,1,31,25.1,0,0.0
2026-02-01,25.1,11.2,17.4,0.071,0.0,0.496,13.2,24.2,73,24.7,16.9,4.0,6.4,0.0,0.0,10.2,6.4,19.314285714285713,0.07100000000000012,2,32,29.0,0,0.0
2026-02-02,29.0,22.3,24.8,0.0,0.0,0.0,9.8,18.6,3,25.1,15.7,11.2,5.2,0.071,0.0,13.2,14.0,21.52857142857143,0.0710000000000001,2,33,30.5,0,0.0
2026-02-03,30.5,16.6,23.8,0.0,0.0,0.0,7.5,16.8,3,29.0,24.7,22.3,4.0,0.0,0.0,9.8,10.2,23.557142857142853,0.0710000000000001,2,34,29.9,0,0.0
2026-02-04,29.9,7.6,18.7,0.0,0.0,0.0,5.2,11.6,3,30.5,25.1,16.6,11.2,0.0,0.071,7.5,13.2,24.54285714285714,0.0710000000000001,2,35,44.5,0,0.0
2026-02-05,44.5,18.7,32.5,0.0,0.0,0.0,11.0,24.8,3,29.9,29.0,7.6,22.3,0.0,0.0,5.2,9.8,28.485714285714288,0.0710000000000001,2,36,45.0,0,0.0
2026-02-06,45.0,29.7,37.1,0.0,0.0,0.0,19.1,36.2,3,44.5,30.5,18.7,16.6,0.0,0.0,11.0,7.5,32.67142857142857,0.0710000000000001,2,37,32.9,0,0.0
2026-02-07,32.9,18.1,26.2,0.0,0.0,0.0,10.6,19.2,3,45.0,29.9,29.7,7.6,0.0,0.0,19.1,5.2,33.84285714285714,0.0710000000000001,2,38,40.5,0,0.0
2026-02-08,40.5,25.8,31.0,0.0,0.0,0.0,12.3,25.1,3,32.9,44.5,18.1,18.7,0.0,0.0,10.6,11.0,36.042857142857144,0.0,2,39,48.2,0,0.0
2026-02-09,48.2,21.4,34.7,0.0,0.0,0.0,12.3,21.3,3,40.5,45.0,25.8,29.7,0.0,0.0,12.3,19.1,38.785714285714285,0.0,2,40,45.4,0,0.0
2026-02-10,45.4,31.0,39.1,0.0,0.0,0.0,13.4,26.8,3,48.2,32.9,21.4,18.1,0.0,0.0,12.3,10.6,40.91428571428571,0.0,2,41,46.9,0,0.0
2026-02-11,46.9,24.4,34.3,0.0,0.0,0.0,8.9,17.4,3,45.4,40.5,31.0,25.8,0.0,0.0,13.4,12.3,43.34285714285715,0.0,2,42,48.9,0,0.0
2026-02-12,48.9,32.4,38.2,0.0,0.0,0.0,8.4,17.2,3,46.9,48.2,24.4,21.4,0.0,0.0,8.9,12.3,43.97142857142857,0.0,2,43,53.4,0,0.0
2026-02-13,53.4,27.7,38.2,0.0,0.0,0.0,7.0,13.9,3,48.9,45.4,32.4,31.0,0.0,0.0,8.4,13.4,45.17142857142857,0.0,2,44,53.2,0,0.0
2026-02-14,53.2,29.8,38.9,0.0,0.0,0.0,6.6,13.6,3,53.4,46.9,27.7,24.4,0.0,0.0,7.0,8.9,48.07142857142857,0.0,2,45,60.4,0,0.0
2026-02-15,60.4,33.7,43.7,0.0,0.0,0.0,6.4,13.4,3,53.2,48.9,29.8,32.4,0.0,0.0,6.6,8.4,50.91428571428571,0.0,2,46,66.8,0,0.0
2026-02-16,66.8,37.8,49.2,0.0,0.0,0.0,10.3,20.1,3,60.4,53.4,33.7,27.7,0.0,0.0,6.4,7.0,53.57142857142857,0.0,2,47,59.5,0,0.0
2026-02-17,59.5,37.0,47.6,0.0,0.0,0.0,17.6,32.9,3,66.8,53.2,37.8,29.8,0.0,0.0,10.3,6.6,55.58571428571429,0.0,2,48,60.9,0,0.0
2026-02-18,60.9,43.1,52.9,0.004,0.004,0.0,21.6,41.2,51,59.5,60.4,37.0,33.7,0.0,0.0,17.6,6.4,57.58571428571428,0.004000000000000111,2,49,46.0,0,0.0
2026-02-19,46.0,27.9,38.0,0.24,0.201,0.276,13.9,26.4,73,60.9,66.8,43.1,37.8,0.004,0.0,21.6,10.3,57.17142857142857,0.2440000000000001,2,50,37.4,0,0.0
2026-02-20,37.4,20.6,27.4,0.083,0.004,0.551,19.7,35.8,73,46.0,59.5,27.9,37.0,0.24,0.0,13.9,17.6,54.885714285714286,0.3270000000000001,2,51,25.7,0,0.0
2026-02-21,25.7,16.2,20.2,0.004,0.0,0.028,13.6,25.5,71,37.4,60.9,20.6,43.1,0.083,0.004,19.7,21.6,50.957142857142856,0.3310000000000001,2,52,18.9,0,0.0
2026-02-22,18.9,11.2,15.2,0.0,0.0,0.0,18.5,35.3,3,25.7,46.0,16.2,27.9,0.004,0.24,13.6,13.9,45.028571428571425,0.3310000000000001,2,53,26.1,0,0.0
2026-02-23,26.1,10.8,17.5,0.0,0.0,0.0,12.0,28.0,3,18.9,37.4,11.2,20.6,0.0,0.083,18.5,19.7,39.214285714285715,0.3310000000000001,2,54,47.0,0,0.0
2026-02-24,47.0,18.0,30.8,0.0,0.0,0.0,12.7,25.1,3,26.1,25.7,10.8,16.2,0.0,0.004,12.0,13.6,37.42857142857143,0.3310000000000001,2,55,33.9,0,0.0
2026-02-25,33.9,24.2,28.4,0.024,0.0,0.165,10.8,21.3,73,47.0,18.9,18.0,11.2,0.0,0.0,12.7,18.5,33.57142857142857,0.3510000000000001,2,56,49.7,0,0.0
2026-02-26,49.7,25.7,34.2,0.016,0.0,0.11,8.0,17.2,71,33.9,26.1,24.2,10.8,0.024,0.0,10.8,12.0,34.1,0.1270000000000001,2,57,65.2,0,0.0
2026-02-27,65.2,29.6,44.6,0.0,0.0,0.0,13.8,26.6,2,49.7,47.0,25.7,18.0,0.016,0.0,8.0,12.7,38.07142857142857,0.04400000000000011,2,58,39.5,0,0.0
2026-02-28,39.5,24.2,32.9,0.0,0.0,0.0,14.3,28.4,3,65.2,33.9,29.6,24.2,0.0,0.024,13.8,10.8,40.042857142857144,0.040000000000000105,2,59,35.5,0,0.0
2026-03-01,35.5,20.7,28.1,0.0,0.0,0.0,9.4,19.5,3,39.5,49.7,24.2,25.7,0.0,0.016,14.3,8.0,42.41428571428572,0.040000000000000105,3,60,39.9,0,0.0
2026-03-02,39.9,25.4,33.0,0.0,0.0,0.0,9.0,16.1,3,35.5,65.2,20.7,29.6,0.0,0.0,9.4,13.8,44.385714285714286,0.040000000000000105,3,61,43.7,0,0.0
2026-03-03,43.7,35.5,39.4,0.161,0.154,0.055,8.2,14.1,71,39.9,39.5,25.4,24.2,0.0,0.0,9.0,14.3,43.91428571428572,0.20100000000000012,3,62,48.8,0,0.0
2026-03-04,48.8,32.9,40.1,0.0,0.0,0.0,7.8,17.4,3,43.7,35.5,35.5,20.7,0.161,0.0,8.2,9.4,46.042857142857144,0.1770000000000001,3,63,53.3,0,0.0
2026-03-05,53.3,38.2,45.1,0.0,0.0,0.0,7.4,13.6,3,48.8,39.9,32.9,25.4,0.0,0.0,7.8,9.0,46.55714285714286,0.1610000000000001,3,64,68.8,0,0.0
2026-03-06,68.8,45.1,55.9,0.886,0.886,0.0,14.8,29.5,65,53.3,43.7,38.2,35.5,0.0,0.161,7.4,8.2,47.07142857142857,1.0470000000000002,3,65,61.7,0,0.0
2026-03-07,61.7,34.2,44.7,0.094,0.094,0.0,21.0,36.5,55,68.8,48.8,45.1,32.9,0.886,0.0,14.8,7.8,50.24285714285714,1.141,3,66,65.2,0,0.0
2026-03-08,65.2,31.9,48.0,0.0,0.0,0.0,15.2,27.3,1,61.7,53.3,34.2,38.2,0.094,0.0,21.0,7.4,54.48571428571428,1.141,3,67,72.3,0,0.0
2026-03-09,72.3,48.7,59.0,0.0,0.0,0.0,15.0,26.8,1,65.2,68.8,31.9,45.1,0.0,0.886,15.2,14.8,59.114285714285714,1.141,3,68,65.1,0,0.0
2026-03-10,65.1,45.1,53.0,0.067,0.067,0.0,10.9,20.6,55,72.3,61.7,48.7,34.2,0.0,0.094,15.0,21.0,62.17142857142857,1.047,3,69,45.5,0,0.0
2026-03-11,45.5,33.4,38.9,0.055,0.024,0.22,18.5,37.8,73,65.1,65.2,45.1,31.9,0.067,0.0,10.9,15.2,61.7,1.102,3,70,47.8,0,0.0
2026-03-12,47.8,27.0,38.3,0.071,0.035,0.248,18.8,38.7,73,45.5,72.3,33.4,48.7,0.055,0.0,18.5,15.0,60.91428571428571,1.173,3,71,48.1,0,0.0
2026-03-13,48.1,35.1,41.0,0.063,0.063,0.0,25.5,48.8,53,47.8,65.1,27.0,45.1,0.071,0.067,18.8,10.9,57.957142857142856,0.35,3,72,45.8,0,0.0
2026-03-14,45.8,32.9,38.1,0.0,0.0,0.0,15.6,29.5,3,48.1,45.5,35.1,33.4,0.063,0.055,25.5,18.5,55.68571428571429,0.256,3,73,48.5,0,0.0
2026-03-15,48.5,29.8,38.9,0.37,0.205,1.157,20.3,39.6,73,45.8,47.8,32.9,27.0,0.0,0.071,15.6,18.8,53.300000000000004,0.626,3,74,28.9,0,0.0
2026-03-16,28.9,11.8,16.8,0.244,0.0,1.736,25.5,49.7,75,48.5,48.1,29.8,35.1,0.37,0.063,20.3,25.5,47.1,0.87,3,75,22.5,0,0.0
2026-03-17,22.5,6.4,15.0,0.028,0.0,0.193,11.9,21.7,71,28.9,45.8,11.8,32.9,0.244,0.0,25.5,15.6,41.01428571428571,0.831,3,76,43.1,0,0.0
2026-03-18,43.1,23.6,33.6,0.0,0.0,0.0,11.7,21.3,3,22.5,48.5,6.4,29.8,0.028,0.37,11.9,20.3,40.67142857142857,0.776,3,77,65.2,0,0.0
2026-03-19,65.2,34.5,47.5,0.0,0.0,0.0,7.0,12.1,3,43.1,28.9,23.6,11.8,0.0,0.244,11.7,25.5,43.15714285714286,0.705,3,78,74.0,0,0.0
2026-03-20,74.0,46.1,58.2,0.0,0.0,0.0,10.8,21.0,3,65.2,22.5,34.5,6.4,0.0,0.028,7.0,11.9,46.857142857142854,0.642,3,79,83.2,0,0.0
2026-03-21,83.2,47.4,63.2,0.0,0.0,0.0,13.0,22.4,3,74.0,43.1,46.1,23.6,0.0,0.0,10.8,11.7,52.199999999999996,0.642,3,80,68.9,0,0.0
2026-03-22,68.9,37.8,54.1,0.028,0.028,0.0,17.5,33.8,53,83.2,65.2,47.4,34.5,0.0,0.0,13.0,7.0,55.114285714285714,0.3,3,81,47.2,0,0.0
2026-03-23,47.2,27.9,38.8,0.0,0.0,0.0,13.3,27.1,3,68.9,74.0,37.8,46.1,0.028,0.0,17.5,10.8,57.728571428571435,0.056,3,82,56.8,0,0.0
2026-03-24,56.8,34.7,45.3,0.0,0.0,0.0,9.5,18.6,3,47.2,83.2,27.9,47.4,0.0,0.0,13.3,13.0,62.62857142857143,0.028,3,83,72.6,0,0.0
2026-03-25,72.6,42.9,56.2,0.0,0.0,0.0,10.8,21.9,3,56.8,68.9,34.7,37.8,0.0,0.028,9.5,17.5,66.84285714285714,0.028,3,84,71.5,0,0.0
2026-03-26,71.5,43.4,56.5,0.071,0.071,0.0,19.5,39.1,53,72.6,47.2,42.9,27.9,0.0,0.0,10.8,13.3,67.74285714285715,0.09899999999999999,3,85,46.8,0,0.0
2026-03-27,46.8,32.0,39.2,0.0,0.0,0.0,17.2,35.6,3,71.5,56.8,43.4,34.7,0.071,0.0,19.5,9.5,63.857142857142854,0.09899999999999999,3,86,49.4,0,0.0
2026-03-28,49.4,21.7,36.1,0.0,0.0,0.0,12.4,24.6,3,46.8,72.6,32.0,42.9,0.0,0.0,17.2,10.8,59.028571428571425,0.09899999999999999,3,87,62.9,0,0.0
2026-03-29,62.9,39.6,50.3,0.012,0.012,0.0,13.0,25.3,51,49.4,71.5,21.7,43.4,0.0,0.071,12.4,19.5,58.17142857142857,0.08299999999999999,3,88,82.4,0,0.0
2026-03-30,82.4,49.2,65.2,0.024,0.024,0.0,16.1,30.2,53,62.9,46.8,39.6,32.0,0.012,0.0,13.0,17.2,63.199999999999996,0.107,3,89,72.8,0,0.0
2026-03-31,72.8,51.3,63.7,0.059,0.059,0.0,20.0,35.3,55,82.4,49.4,49.2,21.7,0.024,0.0,16.1,12.4,65.48571428571428,0.16599999999999998,3,90,50.3,0,0.0
2026-04-01,50.3,41.0,46.3,0.28,0.28,0.0,15.6,29.5,63,72.8,62.9,51.3,39.6,0.059,0.012,20.0,13.0,62.300000000000004,0.446,4,91,69.2,0,0.0
2026-04-02,69.2,39.1,51.4,1.035,1.035,0.0,17.5,36.2,63,50.3,82.4,41.0,49.2,0.28,0.024,15.6,16.1,61.971428571428575,1.41,4,92,55.8,0,0.0
2026-04-03,55.8,39.7,48.9,0.421,0.421,0.0,15.3,28.4,63,69.2,72.8,39.1,51.3,1.035,0.059,17.5,20.0,63.25714285714286,1.831,4,93,55.8,0,0.0
2026-04-04,55.8,39.7,45.2,0.724,0.724,0.0,21.2,42.1,65,55.8,50.3,39.7,41.0,0.421,0.28,15.3,15.6,64.17142857142858,2.5549999999999997,4,94,58.0,0,0.0
2026-04-05,58.0,34.8,45.4,0.0,0.0,0.0,17.1,31.3,3,55.8,69.2,39.7,39.1,0.724,1.035,21.2,17.5,63.47142857142857,2.543,4,95,50.2,0,0.0
2026-04-06,50.2,36.0,43.4,0.0,0.0,0.0,14.5,28.9,3,58.0,55.8,34.8,39.7,0.0,0.421,17.1,15.3,58.871428571428574,2.519,4,96,42.9,0,0.0
2026-04-07,42.9,31.0,38.1,0.0,0.0,0.0,12.8,23.5,3,50.2,55.8,36.0,39.7,0.0,0.724,14.5,21.2,54.6,2.46,4,97,72.1,0,0.0
2026-04-08,72.1,38.4,55.4,0.055,0.055,0.0,21.8,42.1,53,42.9,58.0,31.0,34.8,0.0,0.0,12.8,17.1,57.714285714285715,2.235,4,98,60.8,0,0.0
2026-04-09,60.8,44.5,51.2,0.988,0.988,0.0,10.4,21.3,63,72.1,50.2,38.4,36.0,0.055,0.0,21.8,14.5,56.51428571428571,2.188,4,99,54.1,0,0.0
2026-04-10,54.1,42.3,48.6,0.413,0.413,0.0,10.6,22.6,63,60.8,42.9,44.5,31.0,0.988,0.0,10.4,12.8,56.271428571428565,2.18,4,100,56.5,0,0.0
2026-04-11,56.5,38.8,47.8,0.063,0.063,0.0,12.9,23.3,53,54.1,72.1,42.3,38.4,0.413,0.055,10.6,21.8,56.371428571428574,1.5190000000000001,4,101,69.5,0,0.0
2026-04-12,69.5,56.5,63.2,0.906,0.906,0.0,19.6,36.5,63,56.5,60.8,38.8,44.5,0.063,0.988,12.9,10.4,58.01428571428572,2.425,4,102,78.3,0,0.0
2026-04-13,78.3,60.1,69.4,0.035,0.035,0.0,19.1,36.9,51,69.5,54.1,56.5,42.3,0.906,0.413,19.6,10.6,62.028571428571425,2.46,4,103,79.6,0,0.0
2026-04-14,79.6,66.3,71.9,1.012,1.012,0.0,17.3,36.7,65,78.3,56.5,60.1,38.8,0.035,0.063,19.1,12.9,67.27142857142857,3.472,4,104,75.4,0,0.0
2026-04-15,75.4,60.0,64.4,1.909,1.909,0.0,15.8,35.1,65,79.6,69.5,66.3,56.5,1.012,0.906,17.3,19.6,67.74285714285715,5.326,4,105,74.8,0,0.0
2026-04-16,74.8,54.6,64.3,0.0,0.0,0.0,11.2,21.7,3,75.4,78.3,60.0,60.1,1.909,0.035,15.8,19.1,69.74285714285715,4.338,4,106,76.0,0,0.0
2026-04-17,76.0,47.5,63.5,0.74,0.74,0.0,19.1,42.3,65,74.8,79.6,54.6,66.3,0.0,1.012,11.2,17.3,72.87142857142858,4.665,4,107,51.2,0,0.0
2026-04-18,51.2,35.1,43.7,0.0,0.0,0.0,19.6,39.6,3,76.0,75.4,47.5,60.0,0.74,1.909,19.1,15.8,72.11428571428571,4.602,4,108,52.6,0,0.0
2026-04-19,52.6,34.9,43.8,0.0,0.0,0.0,17.3,35.6,3,51.2,74.8,35.1,54.6,0.0,0.0,19.6,11.2,69.7,3.6959999999999997,4,109,59.7,0,0.0
2026-04-20,59.7,31.4,47.0,0.0,0.0,0.0,13.5,23.9,3,52.6,76.0,34.9,47.5,0.0,0.74,17.3,19.1,67.04285714285714,3.661,4,110,77.3,0,0.0
2026-04-21,77.3,53.8,64.8,0.0,0.0,0.0,13.6,27.1,3,59.7,51.2,31.4,35.1,0.0,0.0,13.5,19.6,66.71428571428571,2.649,4,111,77.9,0,0.0
2026-04-22,77.9,60.7,68.8,0.0,0.0,0.0,13.7,26.4,2,77.3,52.6,53.8,34.9,0.0,0.0,13.6,17.3,67.07142857142857,0.74,4,112,78.1,0,0.0
2026-04-23,78.1,58.4,67.1,0.173,0.173,0.0,20.4,38.3,61,77.9,59.7,60.7,31.4,0.0,0.0,13.7,13.5,67.54285714285716,0.913,4,113,65.2,0,0.0
2026-04-24,65.2,51.6,58.3,0.252,0.252,0.0,16.1,30.6,63,78.1,77.3,58.4,53.8,0.173,0.0,20.4,13.6,66.00000000000001,0.425,4,114,69.6,0,0.0
2026-04-25,69.6,46.4,57.9,0.0,0.0,0.0,9.9,19.0,3,65.2,77.9,51.6,60.7,0.252,0.0,16.1,13.7,68.62857142857142,0.425,4,115,73.2,0,0.0
2026-04-26,73.2,46.6,60.7,0.004,0.004,0.0,12.5,22.4,51,69.6,78.1,46.4,58.4,0.0,0.173,9.9,20.4,71.57142857142857,0.429,4,116,72.0,0,0.0
2026-04-27,72.0,55.6,63.4,0.756,0.756,0.0,22.2,42.1,63,73.2,65.2,46.6,51.6,0.004,0.252,12.5,16.1,73.32857142857142,1.185,4,117,60.8,0,0.0
2026-04-28,60.8,47.7,53.9,0.043,0.043,0.0,15.8,29.8,53,72.0,69.6,55.6,46.4,0.756,0.0,22.2,9.9,70.97142857142858,1.228,4,118,58.0,0,0.0
2026-04-29,58.0,44.7,51.1,0.0,0.0,0.0,17.3,33.8,3,60.8,73.2,47.7,46.6,0.043,0.004,15.8,12.5,68.12857142857142,1.228,4,119,55.0,0,0.0
2026-04-30,55.0,38.8,47.2,0.031,0.031,0.0,11.5,23.3,53,58.0,72.0,44.7,55.6,0.0,0.756,17.3,22.2,64.82857142857142,1.086,4,120,55.9,0,0.0
2026-05-01,55.9,35.1,46.0,0.087,0.087,0.0,8.0,21.7,61,55.0,60.8,38.8,47.7,0.031,0.043,11.5,15.8,63.5,0.921,5,121,58.1,0,0.0
2026-05-02,58.1,34.5,48.0,0.0,0.0,0.0,9.2,18.3,3,55.9,58.0,35.1,44.7,0.087,0.0,8.0,17.3,61.857142857142854,0.921,5,122,72.7,0,0.0
